LabelCompoundName,vDILIConcern,SMILES,label,Toxicity_Label,drug_name,atc_code,drug_class,targets,enzymes,transporters,indication,groups,mechanism_of_action,URL,Description
acetylcholine chloride,vNo-DILI-Concern,CC(=O)OCC[N+](C)(C)C,0,Metabolic,Acetylcholine,S01EB09,S01E,Muscarinic acetylcholine receptor M1; Muscarinic acetylcholine receptor M2; Muscarinic acetylcholine receptor M3; Muscarinic acetylcholine receptor M4; Neuronal acetylcholine receptor subunit alpha-7,Acetylcholinesterase; Cholinesterase,Organic cation/carnitine transporter 2; Solute carrier family 22 member 1,"Used to obtain miosis of the iris in seconds after delivery of the lens in cataract surgery, in penetrating keratoplasty, iridectomy and other anterior segment surgery where rapid miosis may be required.",approved; investigational,,,
acetylcysteine,vNo-DILI-Concern,CC(=O)N[C@@H](CS)C(=O)O,0,Metabolic,Acetylcysteine,R05CB01,R05C,"Glutathione synthetase; Cystine/glutamate transporter; NAPQI (N-acetyl-p-benzoquinone imine); Aminoacylase-1; Inhibitor of nuclear factor kappa-B kinase subunit beta; Inhibitor of nuclear factor kappa-B kinase subunit alpha; Glutamate receptor ionotropic, NMDA 2B; Glutamate receptor ionotropic, NMDA 1; Glutamate receptor ionotropic, NMDA 2A; Glutamate receptor ionotropic, NMDA 2D; Glutamate receptor ionotropic, NMDA 3A",Aminoacylase-1,Solute carrier organic anion transporter family member 1B1; Solute carrier family 22 member 6,"Acetylcysteine is indicated for mucolytic therapy and in the management of [acetaminophen] overdose.[L31378,L31383,L31388,L31478]",approved; investigational,"A number of possible mechanisms for the mucolytic activity of acetylcysteine have been proposed. Acetylcysteine's sulfhydryl groups may hydrolize disulfide bonds within mucin, breaking down the oligomers, and making the mucin less viscous.[A228173,L31388] Acetylcysteine has also been shown to reduce mucin secretion in rat models.[A228173] It is an antioxidant in its own right but is also deacetylated to cysteine, which participates in the synthesis of the antioxidant glutathione.[A228173] The antioxidant activity may also alter intracellular redox reactions, decreasing phosphorylation of EGFR and MAPK, which decrease transcription of the gene MUC5AC which produces mucin.[A228173]

In the case of acetaminophen overdoses, a portion of the drug is metabolized by CYP2E1 to form the potentially toxic metabolite N-acetyl-p-benzoquinone imine (NAPQI).[L31388] The amount of NAPQI produced in an overdose saturates and depletes glutathione stores.[L31388] The free NAPQI promiscuously binds to proteins in hepatocytes, leading to cellular necrosis.[L31388] Acetylcysteine can directly conjugate NAPQI or provide cysteine for glutathione production and NAPQI conjugation.[L31388]",,
adenosine,vNo-DILI-Concern,C1=NC2=C(C(=N1)N)N=CN2[C@H]3[C@@H]([C@@H]([C@H](O3)CO)O)O,0,Metabolic,Adenosine,C01EB10,C01E,Adenosine receptor A1; Adenosine receptor A2a; Adenosine receptor A2b; Adenosine receptor A3,Adenylate kinase isoenzyme 1; Nucleoside diphosphate kinase A; Nucleoside diphosphate kinase B; Purine nucleoside phosphorylase; Xanthine dehydrogenase/oxidase; Adenosine deaminase; Adenosine kinase,Equilibrative nucleoside transporter 1; Equilibrative nucleoside transporter 2; Equilibrative nucleoside transporter 3; Equilibrative nucleoside transporter 4; Sodium/nucleoside cotransporter 1; Sodium/nucleoside cotransporter 2; Gap junction alpha-1 protein; Solute carrier family 28 member 3,Adenosine is indicated as an adjunct to thallium-201 in myocardial perfusion scintigraphy in patients unable to adequately exercise.[L31983] It is also indicated to convert sinus rhythm of paroxysmal supraventricular tachycardia.[L31998],approved; investigational,"Agonism of adenosine receptors A1 and A2 reduces conduction time in the atrioventricular node of the heart.[A187466,A229818,L31983] Conduction time is decreased by inducing potassium efflux and inhibiting calcium influx through channels in nerve cells, leading to hyperpolarization and and increased threshold for calcium dependent action potentials.[A187466] Decreased conduction time leads to an antiarrhythmic effect.[A187466] Inhibition of calcium influx, reduces the activity of adenylate cyclase, relaxing vascular smooth muscle.[A229818] Relaxed vascular smooth muscle leads to increased blood flow through normal coronary arteries but not stenotic arteries, allowing thallium-201 to be more readily uptaken in normal coronary arteries.[L31983]",,
alfentanil,vNo-DILI-Concern,CCC(=O)N(C1=CC=CC=C1)C2(CCN(CC2)CCN3C(=O)N(N=N3)CC)COC,0,Metabolic,Alfentanil,N01AH02,N01A,Mu-type opioid receptor,Cytochrome P450 3A4; Cytochrome P450 3A5; Cytochrome P450 3A7,ATP-dependent translocase ABCB1,For the management of postoperative pain and the maintenance of general anesthesia.,approved; illicit,"Opiate receptors are coupled with G-protein receptors and function as both positive and negative regulators of synaptic transmission via G-proteins that activate effector proteins. Binding of the opiate stimulates the exchange of GTP for GDP on the G-protein complex. As the effector system is adenylate cyclase and cAMP located at the inner surface of the plasma membrane, opioids decrease intracellular cAMP by inhibiting adenylate cyclase. Subsequently, the release of nociceptive neurotransmitters such as substance P, GABA, dopamine, acetylcholine and noradrenaline is inhibited. Opioids also inhibit the release of vasopressin, somatostatin, insulin and glucagon. Alfentanil's analgesic activity is, most likely, due to its conversion to morphine. Opioids close N-type voltage-operated calcium channels (OP2-receptor agonist) and open calcium-dependent inwardly rectifying potassium channels (OP3 and OP1 receptor agonist). This results in hyperpolarization and reduced neuronal excitability.",,
almotriptan,vNo-DILI-Concern,CN(C)CCC1=CNC2=C1C=C(C=C2)CS(=O)(=O)N3CCCC3,0,Metabolic,Almotriptan,N02CC05,N02C,5-hydroxytryptamine receptor 1D; 5-hydroxytryptamine receptor 1B,Cytochrome P450 3A4; Cytochrome P450 2D6; Amine oxidase [flavin-containing] A; Flavin-containing monooxygenase 3; Cytochrome P450 2C19; Cytochrome P450 2E1; Cytochrome P450 2C8,,For the treatment of acute migraine headache in adults,approved; investigational,Almotriptan binds with high affinity to human 5-HT<sub>1B</sub> and 5-HT<sub>1D</sub> receptors leading to cranial blood vessel constriction.,,
alvimopan,vNo-DILI-Concern,C[C@H]1CN(CC[C@@]1(C)C2=CC(=CC=C2)O)C[C@H](CC3=CC=CC=C3)C(=O)NCC(=O)O,0,Metabolic,Alvimopan,A06AH02,A06A,Mu-type opioid receptor; Kappa-type opioid receptor; Delta-type opioid receptor,,,Used to accelerate the time to upper and lower gastrointestinal recovery following partial large or small bowel resection surgery with primary anastomosis. Also investigated for use in the treatment of pain (acute or chronic).,approved; investigational,"Alvimopan competitively binds to mu-opioid receptor in the gastrointestinal tract but, unlike methylnaltrexone which relies upon it ionic charge, alvimopan owes its selectivity for peripheral receptors to its pharmacokinetics. Alvimopan binds to peripheral mu-receptors with a Ki of 0.2 ng/mL.",,
ambenonium,vNo-DILI-Concern,CC[N+](CC)(CCNC(=O)C(=O)NCC[N+](CC)(CC)CC1=CC=CC=C1Cl)CC2=CC=CC=C2Cl,0,Metabolic,Ambenonium,N07AA30,N07A,Acetylcholinesterase,Cholinesterase,,Ambenonium is used to treat muscle weakness due to muscle disease (myasthenia gravis).,approved,"Ambenonium exerts its actions against myasthenia gravis by competitive, reversible inhibition of acetylcholinesterase. The disease myasthenia gravis occurs when the body inappropriately produces antibodies against acetylcholine receptors, and thus inhibits proper acetylcholine signal transmission (when acetylcholine binds to acetylcholine receptors of striated muscle fibers, it stimulates those fibers to contract). Ambenonium reversibly binds acetylcholinesterase at the anionic site, which results in the blockage of the site of acetycholine binding, thereby inhibiting acetylcholine hydrolysis and enhancing cholinergic function through the accumulation of acetycholine at cholinergic synpases. Elevated acetylcholine levels lead to facilitates transmission of impulses across the myoneural junction.",,
amifostine,vNo-DILI-Concern,C(CN)CNCCSP(=O)(O)O,0,Metabolic,Amifostine,V03AF05,V03A,"Alkaline phosphatase, germ cell type","Alkaline phosphatase, tissue-nonspecific isozyme",,For reduction in the cumulative renal toxicity in patients with ovarian cancer (using cisplatin) and moderate to severe xerostomia in patients undergoing post-operative radiation treatment for head and neck cancer.,approved; investigational,"The thiol metabolite is responsible for most of the cytoprotective and radioprotective properties of amifostine. It is readily taken up by cells where it binds to and detoxifies reactive metabolites of platinum and alkylating agents as well as scavenges free radicals. Other possible effects include inhibition of apoptosis, alteration of gene expression and modification of enzyme activity.",,
amikacin,vNo-DILI-Concern,C1[C@@H]([C@H]([C@@H]([C@H]([C@@H]1NC(=O)[C@H](CCN)O)O[C@@H]2[C@@H]([C@H]([C@@H]([C@H](O2)CO)O)N)O)O)O[C@@H]3[C@@H]([C@H]([C@@H]([C@H](O3)CN)O)O)O)N,0,Metabolic,Amikacin,S01AA21,S01A,30S ribosomal protein S12,,,"The amikacin sulfate injection is indicated in the short-term treatment of serious bacterial infections due to susceptible strains of gram-negative bacteria, including Pseudomonas species, Escherichia coli, species of indole-positive and indole-negative Proteus, Providencia species, Klebsiella-Enterobacter-Serratia species, as well as Acinetobacter (Mima-Herellea) species.[F1954]

Clinical studies have shown amikacin sulfate injection to be effective in bacterial septicemia (including neonatal sepsis); in serious infections of the respiratory tract, bones and joints, central nervous system (including meningitis) and skin and soft tissue; intra-abdominal infections (including peritonitis); and in burns and postoperative infections (including post-vascular surgery).[F1954]

Clinical studies have shown amikacin also to be effective in serious, complicated, and recurrent urinary tract infections due to the above organisms. Aminoglycosides, including amikacin, are not indicated in uncomplicated first-time episodes of urinary tract infections unless the causative organisms are not susceptible to antibiotics which are less toxic.[F1954]

In September 2018, a new indication with a new dosage route was approved for this drug. Amikacin liposome inhalation suspension was approved for the treatment of lung disease caused by a group of bacteria, Mycobacterium avium complex (MAC) in a limited population of patients with the disease who do not respond to conventional treatment (refractory disease).[L4673] This indication is approved under accelerated approval based on achieving sputum culture conversion (defined as 3 consecutive negative monthly sputum cultures) by Month 6 of treatment. Clinical benefit has not yet been established.[Label]

**Important notes regarding Staphylococcus and Sensitivity testing:**

Staphylococcus aureus, including methicillin-resistant strains, is the principal Gram-positive organism sensitive to amikacin.
The use of amikacin in the treatment of staphylococcal infections should be restricted only to second-line therapy, and should be limited to only those patients suffering from severe infections caused by susceptible strains of staphylococcus species who have failed to show sensitivity to other available antibiotics.[F1949]

Bacteriologic studies should be performed to identify causative organisms and their susceptibilities to amikacin. Amikacin may be used as initial therapy in suspected gram-negative infections and therapy may be initiated before obtaining the results of susceptibility testing.[Label,F1949,F1954]",approved; investigational; vet_approved,"The primary mechanism of action of amikacin is the same as that for all aminoglycosides. It binds to bacterial 30S ribosomal subunits and interferes with mRNA binding and tRNA acceptor sites, interfering with bacterial growth. This leads to disruption of normal protein synthesis and production of non-functional or toxic peptides. Other actions have been postulated for drugs of this class.[Label,F1949,F1950] Amikacin, as well as the rest of the aminoglycosides, are generally bacteriocidal against gram-positive and gram-negative bacteria.[L4680,F1954]",,
aminocaproic acid,vNo-DILI-Concern,C(CCC(=O)O)CCN,0,Metabolic,Aminocaproic acid,B02AA01,B02A,Plasminogen; Tissue-type plasminogen activator; Apolipoprotein(a),Aldehyde oxidase,,For use in the treatment of excessive postoperative bleeding.,approved; investigational,"Aminocaproic acid binds reversibly to the kringle domain of plasminogen and blocks the binding of plasminogen to fibrin and its activation to plasmin. With NO activation of plasmin, there is a reduction in fibrinolysis. This consequently will reduce the amount of bleeding post surgery. Elevated plasma levels of lipoprotein(a) have been shown to increase the risk of vascular disease. Lipoprotein 9a)a has two components, apolipoprotein B-100, linked to apolipoprotein (a). Aminocaproic acid may change the conformation of apoliprotein (a), changing its binding properties and potentially preventing the formation of lipoprotein (a).",,
aminohippurate,vNo-DILI-Concern,C1=CC(=CC=C1C(=O)NCC(=O)O)N,0,Metabolic,Aminohippuric acid,V04CH30,V04C,Organic anion transporter 3,,Solute carrier family 22 member 2; Organic cation/carnitine transporter 2; Solute carrier family 22 member 6; Organic anion transporter 3; ATP-binding cassette sub-family C member 2; Solute carrier family 22 member 4; Solute carrier family 22 member 11; Solute carrier organic anion transporter family member 3A1; Multidrug resistance-associated protein 1; Monocarboxylate transporter 1; Solute carrier family 22 member 7,Used to measure effective renal plasma flow (ERPF) and to determine the functional capacity of the tubular excretory mechanism.,approved; investigational,Aminohippurate is filtered by the renal glomeruli and secreted into the urine by the proximal tubules. By measuring the amount of drug in the urine it is possible to determine functional capacity and effective renal plasma flow.,,
aminophylline,vNo-DILI-Concern,CN1C2=C(C(=O)N(C1=O)C)NC=N2.CN1C2=C(C(=O)N(C1=O)C)NC=N2.C(CN)N,0,Metabolic,Aminophylline,R03DA55,R03D,"cGMP-inhibited 3',5'-cyclic phosphodiesterase 3A; Adenosine receptor A1; Adenosine receptor A3; Histone deacetylase 2",Cytochrome P450 2E1; Cytochrome P450 3A4; Cytochrome P450 1A2,,"For the treatment of bronchospasm due to asthma, emphysema and chronic bronchitis.",approved,"Aminophylline is the ethylenediamine salt of theophylline. After ingestion, theophylline is released from aminophylline, and theophylline relaxes the smooth muscle of the bronchial airways and pulmonary blood vessels and reduces airway responsiveness to histamine, methacholine, adenosine, and allergen. Theophylline competitively inhibits type III and type IV phosphodiesterase (PDE), the enzyme responsible for breaking down cyclic AMP in smooth muscle cells, possibly resulting in bronchodilation. Theophylline also binds to the adenosine A2B receptor and blocks adenosine mediated bronchoconstriction. In inflammatory states, theophylline activates histone deacetylase to prevent transcription of inflammatory genes that require the acetylation of histones for transcription to begin.",,
ammonium chloride,vNo-DILI-Concern,[NH4+].[Cl-],0,Metabolic,Ammonium chloride,G04BA01,G04B,,,,"1. Expectorant in cough syrups.
2. The ammonium ion (NH4+) in the body plays an important role in the maintenance of acid-base balance. The kidney uses ammonium (NH4+) in place of sodium (Na+) to combine with fixed anions in maintaining acid-base balance, especially as a homeostatic compensatory mechanism in metabolic acidosis.
The therapeutic effects of Ammonium Chloride depend upon the ability of the kidney to utilize ammonia in the excretion of an excess of fixed anions and the conversion of ammonia to urea by the liver, thereby liberating hydrogen (H+) and chloride (Cl?? ions into the extracellular fluid.
Ammonium Chloride Injection, USP, after dilution in isotonic sodium chloride injection, may be indicated in the treatment of patients with:
 (1) hypochloremic states and (2) metabolic alkalosis.",approved; investigational; vet_approved,"Ammonium chloride increases acidity by increasing the amount of hydrogen ion concentrations.

Ammonium chloride can be used as an expectorant due to its irritative action on the bronchial mucosa. This effect causes the production of respiratory tract fluid which in order facilitates the effective cough.",,
apomorphine,vNo-DILI-Concern,CN1CCC2=CC=CC3=C2[C@H]1CC4=C3C(=C(C=C4)O)O,0,Metabolic,Apomorphine,G04BE07,G04B,D(4) dopamine receptor; D(2) dopamine receptor; D(3) dopamine receptor; D(1B) dopamine receptor; D(1A) dopamine receptor; Alpha-2C adrenergic receptor; Alpha-2B adrenergic receptor; 5-hydroxytryptamine receptor 1A; 5-hydroxytryptamine receptor 2A; 5-hydroxytryptamine receptor 2B; 5-hydroxytryptamine receptor 2C; Alpha-2A adrenergic receptor; 5-hydroxytryptamine receptor 1D; 5-hydroxytryptamine receptor 1B,Catechol O-methyltransferase; Sulfotransferase 1A1; Sulfotransferase 1A2; Sulfotransferase 1A3; Sulfotransferase 1E1; Sulfotransferase 1B1; Cytochrome P450 2B6; Cytochrome P450 2C8; Cytochrome P450 3A4; Cytochrome P450 3A5; UDP-glucuronosyltransferases (UGTs),Synaptic vesicular amine transporter,"Apomorphine is indicated to treat acute, intermittent treatment of hypomobility, off episodes associated with advanced Parkinson's disease.[L13919,L13922]",approved; investigational,"Apomorphine is a non-ergoline dopamine agonist with high binding affinity to dopamine D2, D3, and D5 receptors.[L13919,L13922] Stimulation of D2 receptors in the caudate-putamen, a region of the brain responsible for locomotor control, may be responsible for apomorphine's action.[A203594] However, the means by which the cellular effects of apomorphine treat hypomobility of Parkinson's remain unknown.[L13919,L13922]",,
argatroban,vNo-DILI-Concern,C[C@@H]1CCN([C@H](C1)C(=O)O)C(=O)[C@H](CCCN=C(N)N)NS(=O)(=O)C2=CC=CC3=C2NC[C@@H](C3)C,0,Metabolic,Argatroban,B01AE03,B01A,Prothrombin,Cytochrome P450 3A4; Cytochrome P450 3A5,,"Argatroban is indicated for prevention and treatment of thrombosis caused by heparin-induced thrombocytopenia (HIT). It is also indicated for use in patients with, or at risk for, HIT who are undergoing percutaneous coronary intervention.",approved; investigational,"Argatroban exerts its anticoagulant effects by inhibiting thrombin-catalyzed or -induced reactions, including fibrin formation; activation of coagulation factors V, VIII, and XIII; protein C; and platelet aggregation.",,
Argipressin,vNo-DILI-Concern,C1CC(N(C1)C(=O)C2CSSCC(C(=O)NC(C(=O)NC(C(=O)NC(C(=O)NC(C(=O)N2)CC(=O)N)CCC(=O)N)CC3=CC=CC=C3)CC4=CC=C(C=C4)O)N)C(=O)NC(CCCN=C(N)N)C(=O)NCC(=O)N,0,Metabolic,,,,,,,,,,,
atracurium,vNo-DILI-Concern,C[N+]1(CCC2=CC(=C(C=C2C1CC3=CC(=C(C=C3)OC)OC)OC)OC)CCC(=O)OCCCCCOC(=O)CC[N+]4(CCC5=CC(=C(C=C5C4CC6=CC(=C(C=C6)OC)OC)OC)OC)C,0,Metabolic,Atracurium,M03AC04,M03A,,,,,approved; experimental; investigational,,,
atropine,vNo-DILI-Concern,CN1[C@@H]2CC[C@H]1CC(C2)OC(=O)C(CO)C3=CC=CC=C3,0,Metabolic,Atropine,S01FA01,S01F,Muscarinic acetylcholine receptor M1; Muscarinic acetylcholine receptor M2; Muscarinic acetylcholine receptor M3; Muscarinic acetylcholine receptor M4; Muscarinic acetylcholine receptor M5; Glycine receptor subunit alpha-1; Neuronal acetylcholine receptor subunit alpha-4; Neuronal acetylcholine receptor subunit beta-2,,Bile salt export pump,"The intravenous, intramuscular, subcutaneous, intraosseous and endotracheal use of atropine is indicated for the temporary blockade of severe or life-threatening muscarinic effects.[L42815,L42835] The intramuscular use of atropine in the form of a pen injector is indicated for the treatment of poisoning by susceptible organophosphorus nerve agents having cholinesterase activity as well as organophosphorus or carbamate insecticides in adult and pediatric patients.[L42825] The ophthalmic use of atropine is indicated for mydriasis, cycloplegia, and penalization of the healthy eye in the treatment of amblyopia.[L42830] 

In combination with difenoxin or diphenoxylate (tablets for oral use), atropine is indicated as adjunctive therapy in the management of acute nonspecific diarrhea.[L42840,L42865]",approved; vet_approved,"Atropine binds to and inhibits muscarinic acetylcholine receptors, competitively blocking the effects of acetylcholine and other choline esters.[L42815,L42825,L42835] It acts as a reversible non-specific antagonist of muscarinic receptors, showing affinity for the M1, M2, M3, M4 and M5 receptor subtypes.[A251665] Atropine antagonizes the effects of acetylcholine on tissues innervated by postganglionic cholinergic nerves, such as smooth muscle, cardiac tissue, exocrine glands and the central nervous system. Also, it acts in less innervated smooth muscle that responds to endogenous acetylcholine.[A251670,L42815] The actions of atropine can be overcome by increasing the concentration of acetylcholine at receptor sites (for instance, the use of anticholinesterase agents that inhibit the hydrolysis of acetylcholine).[L42835]",,
bacitracin,vNo-DILI-Concern,CCC(C)[C@H]1C(=O)N[C@@H](C(=O)N[C@H](C(=O)N[C@@H](C(=O)N[C@H](C(=O)NCCCC[C@@H](C(=O)N[C@@H](C(=O)N1)CCCN)NC(=O)[C@H](C(C)CC)NC(=O)[C@@H](CCC(=O)O)NC(=O)[C@H](CC(C)C)NC(=O)C2CN=C(S2)[C@H](C(C)CC)N)CC(=O)N)CC(=O)O)CC3=CN=CN3)CC4=CC=CC=C4,0,Metabolic,Bacitracin,J01XX10,J01X,C55-isoprenyl pyrophosphate; Insulin-degrading enzyme; Alpha-2-macroglobulin,,Bacitracin transport ATP-binding protein BcrA; Bacitracin transport permease protein BCRB; Bacitracin transport permease protein BcrC,"Bacitracin is indicated in topical formulations for acute and chronic localized skin infections.[A181997] Occasionally, it is also used intramuscularly for infantile streptococcal pneumonia and empyema.[A181997] Bacitracin is also formulated as an ointment with neomycin and polymyxin B for over the counter use.[A181997,L7769] A bacitracin ointment formulated with neomycin and polymyxin B along with hydrocortisone is indicated for the treatment of corticosteroid responsive dermatoses with secondary infection.[L7772]",approved; vet_approved,"Bacitracin binds to a divalent metal ion such as Mn(II), Co(II), Ni(II), Cu(II), or Zn(II).[A954] These complexes bind C<sub>55</sub>-isoprenyl pyrophosphate, preventing the hydrolysis of a lipid dolichol pyrophosphate, which finally inhibits cell wall synthesis.[A954] Bacitracin metal complexes also bind and oxidatively cleave DNA.[A954]",,
bendamustine,vNo-DILI-Concern,CN1C2=C(C=C(C=C2)N(CCCl)CCCl)N=C1CCCC(=O)O,0,Metabolic,Bendamustine,L01AA09,L01A,DNA,Cytochrome P450 1A2,,"Bendamustine is indicated for use in the treatment of  indolent B-cell non-Hodgkin lymphoma (NHL) that has progressed during or within six months of treatment with [rituximab] or a rituximab-containing regimen.[L50632]

The indication for chronic lymphocytic leukemia (CLL) was removed from the US drug label in April 2024.[L50632]",approved; investigational,"Bendamustine is a bifunctional mechlorethamine derivative capable of forming electrophilic alkyl groups that covalently bond to other molecules. Through this function as an alkylating agent, bendamustine causes intra- and inter-strand crosslinks between DNA bases resulting in cell death.  It is active against both active and quiescent cells, although the exact mechanism of action is unknown.",,
benzphetamine,vNo-DILI-Concern,CC(CC1=CC=CC=C1)N(C)CC2=CC=CC=C2,0,Metabolic,Benzphetamine,,,Synaptic vesicular amine transporter; Alpha-2A adrenergic receptor; Alpha-1A adrenergic receptor; Sodium-dependent dopamine transporter,Cytochrome P450 3A4; Cytochrome P450 2B6; NADPH--cytochrome P450 reductase,,For the management of exogenous obesity as a short term adjunct (a few weeks) in a regimen of weight reduction based on caloric restriction,approved; illicit,"The mechanism of action of these drugs is not fully understood, however it may be similar to that of amphetamines. Amphetamines stimulate noepinephrine and dopamine release in nerve endings in the lateral hypothalamic feeding centre, decreasing appetite. This release is mediated by the binding of benzphetamine to centrally located adrenergic receptors.",,
benztropine,vNo-DILI-Concern,CN1[C@@H]2CC[C@@H]1CC(C2)OC(C3=CC=CC=C3)C4=CC=CC=C4,0,Metabolic,Benzatropine,N04AC01,N04A,Muscarinic acetylcholine receptor M1; Sodium-dependent dopamine transporter; Histamine H1 receptor; Sodium-dependent serotonin transporter; Sodium-dependent noradrenaline transporter,,,"Benztropine is indicated to be used as an adjunct in the therapy of all forms of parkinsonism. It can also be used for the control of extrapyramidal disorders due to neuroleptic drugs.[T203]

The extrapyramidal symptoms are defined as drug-induced disorders that include symptoms of dystonia, akathisia, parkinsonism, bradykinesia, tremors, and dyskinesia.[A175120] 

Parkinsonism is a general term that refers to the group of neurological disorders that produce symptoms similar to Parkinson's disease such as tremors, slow movement, and stiffness. The parkinsonism includes a large number of disorders and some of them have not been clearly defined.[L5509]",approved,"Benztropine is an agent with anti-muscarinic and antihistaminic effects. Its main mechanism of action is presented by the selective inhibition of dopamine transporters but it also presents affinity for histamine and muscarine receptors.[A175084]

It is widely known that benztropine is a potent inhibitor of presynaptic carrier-mediated dopamine transport. As well, it is known to be an analog of atropine and hence, it has a large affinity for muscarinic receptors M1 in the human brain. Once bound, benztropine blocks the activity of the muscarinic receptors mainly in the striatum.[A1628]

The increased advantage of benztropine lays on the antagonism of acetylcholine activity which corrects the imbalance between dopamine and acetylcholine in Parkinson patients.[F3679]",,
benzylpenicilloyl polylysine,vNo-DILI-Concern,CC1(C(NC(S1)C(C(=O)NCCCCCC(=O)O)NC(=O)CC2=CC=CC=C2)C(=O)O)C,0,Metabolic,Benzylpenicilloyl polylysine,J01CR50,J01C,High affinity immunoglobulin epsilon receptor subunit gamma; High affinity immunoglobulin epsilon receptor subunit alpha,,,For use as a adjunct in assessing the risk of administering penicillin (benzylpenicillin or penicillin G).,approved,The skin test for penicillin demonstrates the presence or absence of specific IgE antibodies to major and minor penicillin determinants. IgE antibodies to major determinants can be detected by using benzylpenicilloyl polylysine. A penicillin skin test predicts only the presence of IgE antibodies for the major or minor penicillin determinants at the time of application and does not predict the future development of IgE-mediated reactions during subsequent courses of penicillin. Benzylpenicilloyl polylysine reacts specifically with penicilloyl skin sensitizing antibodies (reagins) to produce immediate wheal and flare reactions which may reflect increased risk of allergic reactions to subsequent penicillin therapy.,,
betaine,vNo-DILI-Concern,C[N+](C)(C)CC(=O)[O-],0,Metabolic,Betaine,A16AA06,A16A,Betaine--homocysteine S-methyltransferase 1,"Cholinesterase; Proline dehydrogenase 1, mitochondrial",Sodium- and chloride-dependent betaine transporter,"Betaine is indicated for the treatment of homocystinuria in pediatric and adult patients to decrease elevated homocysteine blood levels.[L43105] Included within the category of homocystinuria are deficiencies or defects in cystathionine beta-synthase (CBS), 5,10-methylenetetrahydrofolate reductase (MTHFR), and cobalamin cofactor metabolism (cbl).[L43105]",approved; investigational; nutraceutical,"Homocystinuria is a hereditary disorder characterized by high levels of the amino acid homocysteine. This condition can be caused by deficiencies or defects in cystathionine beta-synthase (CBS), 5,10-methylenetetrahydrofolate reductase (MTHFR), and cobalamin cofactor metabolism (cbl).[L43105] CBS converts homocysteine to cystathionine, and a deficiency in this enzyme can lead to an accumulation of homocysteine. MTHFR is responsible for producing 5-methyltetrahydrofolate, a methyl donor that participates in the conversion of homocysteine back to methionine; therefore, an MTHFR deficiency can also lead to homocystinuria.[A252240] Additionally, a defect in cobalamin (vitamin B12) cofactor metabolism can lead to homocystinuria, since a metabolite of cobalamin (methylcobalamin) promotes the conversion of homocysteine to methionine.[A252235] 

Betaine transfers a methyl group via the enzyme betaine homocysteine methyl transferase (BHMT), converting homocysteine back into methionine and dimethylglycine (DMG).[A252240,L43110] In patients with homocystinuria, betaine reduces homocysteine levels and improves health outcomes.[A252235]",,
bethanechol,vNo-DILI-Concern,CC(C[N+](C)(C)C)OC(=O)N,0,Metabolic,Bethanechol,N07AB02,N07A,Muscarinic acetylcholine receptor M3; Muscarinic acetylcholine receptor M5; Muscarinic acetylcholine receptor M1; Muscarinic acetylcholine receptor M2; Muscarinic acetylcholine receptor M4,,,"Bethanechol is indicated for the treatment of acute, functional postpartum and postoperative urinary retention. It is also indicated for the treatment of neurogenic atony of the bladder with retention.[A226320,L32539]",approved,"Bethanechol is a direct muscarinic agonist and stimulates the parasympathetic nervous system by binding to postganglionic muscarinic receptors.[A232915,A232905] 

Though there are 5 types of muscarinic receptors (M1, M2, M3, M4, M5), binding of bethanechol to M3 is most clinically significant since M3 receptors are present in intestinal smooth muscle and the bladder.[A232915] The cholinergic effects of bethanechol lead to increased detrusor muscle tone to promote bladder emptying and increased smooth muscle tone which restores gastrointestinal peristalsis and motility.[A232915]

As a result of selectivity for muscarinic receptors, bethanechol produces minimal to no nicotinic effects.[A232905]",,
biperiden,vNo-DILI-Concern,C1CCN(CC1)CCC(C2CC3CC2C=C3)(C4=CC=CC=C4)O,0,Metabolic,Biperiden,N04AA02,N04A,Muscarinic acetylcholine receptor M1,Cytochrome P450 2D6,,For use as an adjunct in the therapy of all forms of parkinsonism and control of extrapyramidal disorders secondary to neuroleptic drug therapy.,approved; investigational,"Parkinsonism is thought to result from an imbalance between the excitatory (cholinergic) and inhibitory (dopaminergic) systems in the corpus striatum. The mechanism of action of centrally active anticholinergic drugs such as biperiden is considered to relate to competitive antagonism of acetylcholine at cholinergic receptors in the corpus striatum, which then restores the balance.",,
bisacodyl,vNo-DILI-Concern,CC(=O)OC1=CC=C(C=C1)C(C2=CC=C(C=C2)OC(=O)C)C3=CC=CC=N3,0,Metabolic,Bisacodyl,A06AB52,A06A,Aquaporin-3; Sodium/Potassium Transporting ATPase,,,Bisacodyl is indicated to relieve occasional constipation and irregularity.[L13362],approved,"Bisacodyl is deacetylated to the active bis-(p-hydroxyphenyl)-pyridyl-2-methane (BHPM) by an intestinal deacetylase.[A233290,A233300,A207700] BHPM can stimulate parasympathetic nerves in the colon directly to increase motility and secretions.[A233300]

Bisacodyl stimulates adenylate cyclase, increasing cyclic AMP, leading to active transport of chloride and bicarbonate out of cells.[A233300] Sodium ions, potassium ions, and water passively leave the cell; while sodium and chloride ions are unable to be reabsorbed.[A233300]

Water is also be transported from the luminal side of cells into the vasculature by aquaporin 3.[A233395] Bisacodyl decreases expression of aquaporin 3, preventing water from moving into the vasculature, which may contribute to increased water in the colon.[A233395]

Bisacodyl directly stimulates parasympathetic nerves in the colon, stimulating contraction of longitudinal smooth muscle but not circular smooth muscle.[A233280,A233300]",,
bivalirudin,vNo-DILI-Concern,CC[C@H](C)[C@@H](C(=O)N1CCC[C@H]1C(=O)N[C@@H](CCC(=O)O)C(=O)N[C@@H](CCC(=O)O)C(=O)N[C@@H](CC2=CC=C(C=C2)O)C(=O)N[C@@H](CC(C)C)C(=O)O)NC(=O)[C@H](CCC(=O)O)NC(=O)[C@H](CCC(=O)O)NC(=O)[C@H](CC3=CC=CC=C3)NC(=O)[C@H](CC(=O)O)NC(=O)CNC(=O)[C@H](CC(=O)N)NC(=O)CNC(=O)CNC(=O)CNC(=O)CNC(=O)[C@@H]4CCCN4C(=O)[C@H](CCCNC(=N)N)NC(=O)[C@@H]5CCCN5C(=O)[C@@H](CC6=CC=CC=C6)N,0,Metabolic,Bivalirudin,B01AE06,B01A,Prothrombin,Myeloperoxidase,,"For treatment of heparin-induced thrombocytopenia and for the prevention of thrombosis. Bivalirudin is indicated for use in patients undergoing percutaneous coronary intervention (PCI), in patients at moderate to high risk acute coronary syndromes due to unstable angina or non-ST segment elevation in whom a PCI is planned.",approved; investigational,"Inhibits the action of thrombin by binding both to its catalytic site and to its anion-binding exosite. Thrombin is a serine proteinase that plays a central role in the thrombotic process, acting to cleave fibrinogen into fibrin monomers and to activate Factor XIII to Factor XIIIa, allowing fibrin to develop a covalently cross-linked framework which stabilizes the thrombus; thrombin also activates Factors V and VIII, promoting further thrombin generation, and activates platelets, stimulating aggregation and granule release.",,
brompheniramine,vNo-DILI-Concern,CN(C)CCC(C1=CC=C(C=C1)Br)C2=CC=CC=N2,0,Metabolic,Brompheniramine,R06AB51,R06A,Histamine H1 receptor; Muscarinic acetylcholine receptor M1; Muscarinic acetylcholine receptor M2; Muscarinic acetylcholine receptor M3; Muscarinic acetylcholine receptor M4; Muscarinic acetylcholine receptor M5,,,"For the treatment of the symptoms of the common cold and allergic rhinitis, such as runny nose, itchy eyes, watery eyes, and sneezing.",approved,"Brompheniramine is an antagonist of the H1 histamine receptors with moderate antimuscarinic actions, as with other common antihistamines such as diphenhydramine. Due to its anticholindergic effects, brompheniramine may cause drowsiness, sedation, dry mouth, dry throat, blurred vision, and increased heart rate.",,
budesonide,vNo-DILI-Concern,CCC[C@H]1O[C@@H]2C[C@H]3[C@@H]4CCC5=CC(=O)C=C[C@@]5([C@H]4[C@H](C[C@@]3([C@@]2(O1)C(=O)CO)C)O)C,0,Metabolic,Budesonide,R03AK15,R03A,Glucocorticoid receptor; Annexin A1,Cytochrome P450 3A5; Cytochrome P450 3A Subfamily; Cytochrome P450 2A6; Cytochrome P450 1B1; Cytochrome P450 2B6; Cytochrome P450 2C8; Cytochrome P450 2C9; Cytochrome P450 2C19; Cytochrome P450 3A4,Bile salt export pump; ATP-dependent translocase ABCB1; Solute carrier organic anion transporter family member 1A2; Organic anion transporter 3,"Budesonide extended-release capsules are indicated for the treatment and maintenance of mild to moderate Crohn?™s disease.[L10601,L10604] Various inhaled budesonide products are indicated for prophylactic therapy in asthma [L10607,L10613,L10619] and to reduce exacerbations of COPD.[L10619] A budesonide nasal spray is available over the counter for symptoms of hay fever and upper respiratory allergies.[L10616] Extended-release capsules are indicated to induce remission of mild to moderate ulcerative colitis[L10622] and a rectal foam is used for mild to moderate distal ulcerative colitis.[L10625] In addition, a delayed-release capsule formulation of budesonide is indicated to reduce proteinuria in adults with IgA nephropathy at risk of rapid disease progression.[L42515,L49540] Budesonide is indicated to treat eosinophilic esophagitis (EoE): For this indication, it is only approved for use in adults in Europe [L42525] while it is approved for short-term use (12 weeks) in patients 11 years of age and older in the US.[L50161]",approved,"The short term effects of corticosteroids are decreased vasodilation and permeability of capillaries, as well as decreased leukocyte migration to sites of inflammation.[A187463] Corticosteroids binding to the glucocorticoid receptor mediates changes in gene expression that lead to multiple downstream effects over hours to days.[A187463]

Glucocorticoids inhibit neutrophil apoptosis and demargination; they inhibit phospholipase A2, which decreases the formation of arachidonic acid derivatives; they inhibit NF-Kappa B and other inflammatory transcription factors; they promote anti-inflammatory genes like interleukin-10.[A187463]

Lower doses of corticosteroids provide an anti-inflammatory effect, while higher doses are immunosuppressive.[A187463] High doses of glucocorticoids for an extended period bind to the mineralocorticoid receptor, raising sodium levels and decreasing potassium levels.[A187463]",,
butorphanol,vNo-DILI-Concern,C1CC[C@]2([C@H]3CC4=C([C@]2(C1)CCN3CC5CCC5)C=C(C=C4)O)O,0,Metabolic,Butorphanol,N02AF01,N02A,Kappa-type opioid receptor; Delta-type opioid receptor; Mu-type opioid receptor,,,For the relief of moderate to severe pain.,approved; illicit; vet_approved,"The exact mechanism of action is unknown, but is believed to interact with an opiate receptor site in the CNS (probably in or associated with the limbic system). The opiate antagonistic effect may result from competitive inhibition at the opiate receptor, but may also be a result of other mechanisms. Butorphanol is believed to have both partial agonism and partial antagonism at the Î¼-opioid receptor, as well as partial agonist and antagonist activity at the Îº-opioid receptor.",,
cabergoline,vNo-DILI-Concern,CCNC(=O)N(CCCN(C)C)C(=O)[C@@H]1C[C@H]2[C@@H](CC3=CNC4=CC=CC2=C34)N(C1)CC=C,0,Metabolic,Cabergoline,N04BC06,N04B,D(2) dopamine receptor; 5-hydroxytryptamine receptor 2B; D(3) dopamine receptor; 5-hydroxytryptamine receptor 2A; Alpha-2B adrenergic receptor; 5-hydroxytryptamine receptor 1D; D(4) dopamine receptor; Alpha-2A adrenergic receptor; 5-hydroxytryptamine receptor 1A; Alpha-2C adrenergic receptor; D(1B) dopamine receptor; D(1A) dopamine receptor; 5-hydroxytryptamine receptor 1B; 5-hydroxytryptamine receptor 2C; 5-hydroxytryptamine receptor 7; Alpha-1A adrenergic receptor; Alpha-1B adrenergic receptor; Alpha-1D adrenergic receptor; Beta-1 adrenergic receptor; Beta-2 adrenergic receptor; D(1) dopamine receptor,Cytochrome P450 3A4,ATP-dependent translocase ABCB1,"For the treatment of hyperprolactinemic disorders, either idiopathic or due to prolactinoma (prolactin-secreting adenomas). May also be used to manage symptoms of Parkinsonian Syndrome as monotherapy during initial symptomatic management or as an adjunct to levodopa therapy during advanced stages of disease.",approved,"The dopamine D<sub>2</sub> receptor is a 7-transmembrane G-protein coupled receptor associated with G<sub>i</sub> proteins. In lactotrophs, stimulation of dopamine D<sub>2</sub> causes inhibition of adenylyl cyclase, which decreases intracellular cAMP concentrations and blocks IP3-dependent release of Ca<sup>2+</sup> from intracellular stores. Decreases in intracellular calcium levels may also be brought about via inhibition of calcium influx through voltage-gated calcium channels, rather than via inhibition of adenylyl cyclase. Additionally, receptor activation blocks phosphorylation of p42/p44 MAPK and decreases MAPK/ERK kinase phosphorylation. Inhibition of MAPK appears to be mediated by c-Raf and B-Raf-dependent inhibition of MAPK/ERK kinase. Dopamine-stimulated growth hormone release from the pituitary gland is mediated by a decrease in intracellular calcium influx through voltage-gated calcium channels rather than via adenylyl cyclase inhibition. Stimulation of dopamine D<sub>2</sub> receptors in the nigrostriatal pathway leads to improvements in coordinated muscle activity in those with movement disorders. Cabergoline is a long-acting dopamine receptor agonist with a high affinity for D2 receptors. Receptor-binding studies indicate that cabergoline has low affinity for dopamine D1, &alpha;<sub>1</sub>,- and &alpha;<sub>2</sub>- adrenergic, and 5-HT<sub>1</sub>- and 5-HT<sub>2</sub>-serotonin receptors.",,
caffeine,vNo-DILI-Concern,CN1C=NC2=C1C(=O)N(C(=O)N2C)C,0,Metabolic,Caffeine,D11AX26,D11A,"Adenosine receptor A1; 5'-nucleotidase; Adenosine receptor A2a; Adenosine receptor A2b; Adenosine receptor A3; Phosphodiesterase enzymes; 3',5'-cyclic-AMP phosphodiesterase 4B; Ryanodine receptor 1; Cyclic nucleotide phosphodiesterase; DNA-dependent protein kinase catalytic subunit; Phosphatidylinositol 4,5-bisphosphate 3-kinase catalytic subunit delta isoform; Phosphatidylinositol 4,5-bisphosphate 3-kinase catalytic subunit alpha isoform; Phosphatidylinositol 4,5-bisphosphate 3-kinase catalytic subunit beta isoform; Inositol 1,4,5-trisphosphate receptor; Serine-protein kinase ATM",Cytochrome P450 1A2; Cytochrome P450 3A4; Cytochrome P450 2E1; Cytochrome P450 2C8; Cytochrome P450 2C9; Cytochrome P450 1A1; Cytochrome P450 1B1; Cytochrome P450 2D6,Broad substrate specificity ATP-binding cassette transporter ABCG2,"Caffeine is indicated for the short term treatment of apnea of prematurity in infants and off label for the prevention and treatment of bronchopulmonary dysplasia caused by premature birth.[T716,L9851] In addition, it is indicated in combination with sodium benzoate to treat respiratory depression resulting from an overdose with CNS depressant drugs.[L9899] Caffeine has a broad range of over the counter uses, and is found in energy supplements, athletic enhancement products, pain relief products, as well as cosmetic products.[T716,L9854,L9872]",approved,"The mechanism of action of caffeine is complex, as it impacts several body systems, which are listed below. The effects as they relate to various body systems are described as follows:

**General and cellular actions**

Caffeine exerts several actions on cells, but the clinical relevance is poorly understood. One probable mechanism is the inhibition of nucleotide phosphodiesterase enzymes, adenosine receptors, regulation of calcium handling in cells, and participates in adenosine receptor antagonism.[A187721,L9857] Phosphodiesterase enzymes regulate cell function via actions on second messengers cAMP and cGMP.[A187724] This causes lipolysis through activation of hormone-sensitive lipases, releasing fatty acids and glycerol.[T722]

**Respiratory**

The exact mechanism of action of caffeine in treating apnea related to prematurity is unknown, however, there are several proposed mechanisms, including respiratory center stimulation in the central nervous system, a reduced threshold to hypercapnia with increased response, and increased consumption of oxygen, among others.[L9851] The blocking of the adenosine receptors enhances respiratory drive via an increase in brain medullary response to carbon dioxide, stimulating ventilation and respiratory drive, while increasing contractility of the diaphragm.[T716]

**Central nervous system**

Caffeine demonstrates antagonism of all 4 adenosine receptor subtypes (A1, A2a, A2b, A3) in the central nervous system.[T716,L9851] Caffeine's effects on alertness and combatting drowsiness are specifically related to the antagonism of the A2a receptor.[T716]

**Renal system**

Caffeine has diuretic effects due to is stimulatory effects on renal blood flow, increase in glomerular filtration, and increase in sodium excretion.[T716]

**Cardiovascular system**

Adenosine receptor antagonism at the A1 receptor by caffeine stimulates inotropic effects in the heart. Blocking of adenosine receptors promotes catecholamine release, leading to stimulatory effects occurring in the heart and the rest of the body.  In the blood vessels, caffeine exerts direct antagonism of adenosine receptors, causing vasodilation. It stimulates the endothelial cells in the blood vessel wall to release nitric oxide, potentiating blood vessel relaxation. Catecholamine release, however, antagonizes this and exerts inotropic and chronotropic effects on the heart, ultimately leading to vasoconstriction. Finally, caffeine is shown to raise systolic blood pressure measurements by 5 to 10 mmHg when it is not taken regularly, versus no effect in those who consume it regularly.[T716] The vasoconstricting effects of caffeine are beneficial in migraines and other types of headache, which are normally caused by vasodilation in the brain.[A187709,L9872]",,
calcitriol,vNo-DILI-Concern,C[C@H](CCCC(C)(C)O)[C@H]1CC[C@@H]2[C@@]1(CCCC2=CC=C3C[C@H](C[C@@H](C3=C)O)O)C,0,Metabolic,Calcitriol,D05AX03,D05A,Vitamin D3 receptor; Homeobox protein Hox-A10,"1,25-dihydroxyvitamin D(3) 24-hydroxylase, mitochondrial; Cytochrome P450 3A4",,"Used to treat vitamin D deficiency or insufficiency, refractory rickets (vitamin D resistant rickets), familial hypophosphatemia and hypoparathyroidism, and in the management of hypocalcemia and renal osteodystrophy in patients with chronic renal failure undergoing dialysis. Also used in conjunction with calcium in the management and prevention of primary or corticosteroid-induced osteoporosis.",approved; nutraceutical,"The mechanism of action of calcitriol in the treatment of psoriasis is accounted for by their antiproliferative activity for keratinocytes and their stimulation of epidermal cell differentiation. The anticarcinogenic activity of the active form of Calcitriol appears to be correlated with cellular vitamin D receptor (VDR) levels. Vitamin D receptors belong to the superfamily of steroid-hormone zinc-finger receptors. VDRs selectively bind 1,25-(OH)<sub>2</sub>-D3 and retinoic acid X receptor (RXR) to form a heterodimeric complex that interacts with specific DNA sequences known as vitamin D-responsive elements. VDRs are ligand-activated transcription factors. The receptors activate or repress the transcription of target genes upon binding their respective ligands. It is thought that the anticarcinogenic effect of Calcitriol is mediated via VDRs in cancer cells. The immunomodulatory activity of calcitriol is thought to be mediated by vitamin D receptors (VDRs) which are expressed constitutively in monocytes but induced upon activation of T and B lymphocytes. 1,25-(OH)<sub>2</sub>-D3 has also been found to enhance the activity of some vitamin D-receptor positive immune cells and to enhance the sensitivity of certain target cells to various cytokines secreted by immune cells.

A study suggests that calcitriol plays an immunoregulatry role by suppressing the aryl hydrocarbon receptor (AhR) expression in human Th9, a pro-inflammatory CD4 T cell subset [A175747]. This suppression subsequently leads to repressed expression of BATF, a transcription factor essential for Th9 [A175747]. Calcitriol has also been found to induce monocyte differentiation and to inhibit lymphocyte proliferation and production of cytokines, including interleukin IL-1 and IL-2, as well as to suppress immunoglobulin secretion by B lymphocytes.",,
calcium acetate,vNo-DILI-Concern,CC(=O)[O-].CC(=O)[O-].[Ca+2],0,Metabolic,Calcium acetate,V03AE04,V03A,Phosphate,,,Calcium acetate is one of a number of calcium salts used to treat hyperphosphatemia (too much phosphate in the blood) in patients with kidney disease.,approved; investigational,"Calcium acetate and other calcium salts are phosphate binders. They work by binding with the phosphate in the food you eat, so that it is eliminated from the body without being absorbed.",,
carbinoxamine,vNo-DILI-Concern,CN(C)CCOC(C1=CC=C(C=C1)Cl)C2=CC=CC=N2,0,Metabolic,Carbinoxamine,R06AA08,R06A,Histamine H1 receptor,,,"For symptomatic relief of seasonal and perennial allergic rhinitis and vasomotor rhinitis, as well as allergic conjunctivitis caused by foods and inhaled allergens. Also for the relief of allergic reactions to blood or plasma, and the symptomatic management of mild, uncomplicated allergic skin manifestations of urticaria and angioedema.",approved,"Carbinoxamine competes with free histamine for binding at HA-receptor sites. This antagonizes the effects of histamine on HA-receptors, leading to a reduction of the negative symptoms brought on by histamine HA-receptor binding. Carbinoxamine's anticholinergic action appears to be due to a central antimuscarinic effect, which also may be responsible for its antiemetic effects, although the exact mechanism is unknown.",,
carboprost tromethamine,vNo-DILI-Concern,CCCCC[C@@](C)(/C=C/[C@H]1[C@@H](C[C@@H]([C@@H]1C/C=C/CCCC(=O)O)O)O)O,0,Metabolic,Carboprost tromethamine,,,Prostaglandin E2 receptor EP1 subtype; Prostaglandin F2-alpha receptor,,,For aborting pregnancy between the 13th and 20th weeks of gestation as calculated from the first day of the last normal menstrual period and in the following conditions related to second trimester abortion: 1. Failure of expulsion of the fetus during the course of treatment by another method; 2. Premature rupture of membranes in intrauterine methods with loss of drug and insufficient or absent uterine activity; 3. Requirement of a repeat intrauterine instillation of drug for expulsion of the fetus; 4. Inadvertent or spontaneous rupture of membranes in the presence of a previable fetus and absence of adequate activity for expulsion. Also for the treatment of postpartum hemorrhage due to uterine atony which has not responded to conventional methods of management.,approved,"Carboprost is a synthetic prostaglandin. It binds the prostaglandin E2 receptor, causing myometrial contractions, casuing the induction of labour or the expulsion of the placenta. Prostaglandins occur naturally in the body and act at several sites in the body including the womb (uterus). They act on the muscles of the womb, causing them to contract.",,
carisoprodol,vNo-DILI-Concern,CCCC(C)(COC(=O)N)COC(=O)NC(C)C,0,Metabolic,Carisoprodol,M03BA02,M03B,Gamma-aminobutyric acid receptor subunit alpha-1; Gamma-aminobutyric acid receptor subunit beta-2; Gamma-aminobutyric acid receptor subunit gamma-2; Gamma-aminobutyric acid receptor subunit alpha-5; Gamma-aminobutyric acid receptor subunit alpha-3,Cytochrome P450 2C19,,"Carisoprodol is indicated for the relief of discomfort related to acute, painful musculoskeletal conditions [FDA label].


**Important limitations of use** [FDA label]:

??Should only be used for acute treatment periods up to two or three weeks 

??Adequate evidence of effectiveness for more prolonged use has not been established 

??Not recommended in pediatric patients less than 16 years of age",approved,"The mechanism of action of carisoprodol in relieving discomfort associated with acute painful musculoskeletal conditions has not been confirmed.
In studies using animal models, the muscle relaxation that is induced by carisoprodol is associated with a change in the interneuronal activity of the spinal cord and of the descending reticular formation, located in the brain.[FDA label] 

The abuse potential of this drug is attributed to its ability to alter GABAA function.[A176077] This drug has been shown to modulate a variety of GABAA receptor subunits.[A176062, A176068]  GABAA receptor modulation can lead to anxiolysis due to inhibitory effects on neurotransmission.[A173848]",,
chloramphenicol,vNo-DILI-Concern,C1=CC(=CC=C1C(C(CO)NC(=O)C(Cl)Cl)O)[N+](=O)[O-],0,Metabolic,Chloramphenicol,D06AX02,D06A,50S ribosomal protein L16; Dr hemagglutinin structural subunit; Complement decay-accelerating factor,Chloramphenicol acetyltransferase 3; Chloramphenicol acetyltransferase; Chloramphenicol 3-O phosphotransferase; Cytochrome P450 2C19; Cytochrome P450 3A4; Cytochrome P450 3A5; Cytochrome P450 3A7,Solute carrier family 22 member 6,"Used in treatment of cholera, as it destroys the vibrios and decreases the diarrhea. It is effective against tetracycline-resistant vibrios. It is also used in eye drops or ointment to treat bacterial conjunctivitis.",approved; vet_approved; withdrawn,"Chloramphenicol is lipid-soluble, allowing it to diffuse through the bacterial cell membrane. It then reversibly binds to the L16 protein of the 50S subunit of bacterial ribosomes, where transfer of amino acids to growing peptide chains is prevented (perhaps by suppression of peptidyl transferase activity), thus inhibiting peptide bond formation and subsequent protein synthesis.",,
chlorpheniramine,vNo-DILI-Concern,CN(C)CCC(C1=CC=C(C=C1)Cl)C2=CC=CC=N2,0,Metabolic,Chlorpheniramine,R06AB54,R06A,Histamine H1 receptor; Sodium-dependent serotonin transporter; Sodium-dependent noradrenaline transporter; Sodium-dependent dopamine transporter,Cytochrome P450 3A4; Cytochrome P450 2D6; Cytochrome P450 3A5; Cytochrome P450 3A7,Solute carrier family 22 member 2; Solute carrier family 22 member 1,"For the treatment of rhinitis, urticaria, allergy, common cold, asthma and hay fever.",approved,"Chlorpheniramine binds to the histamine H1 receptor. This blocks the action of endogenous histamine, which subsequently leads to temporary relief of the negative symptoms brought on by histamine.",,
cinacalcet,vNo-DILI-Concern,C[C@H](C1=CC=CC2=CC=CC=C21)NCCCC3=CC(=CC=C3)C(F)(F)F,0,Metabolic,Cinacalcet,H05BX01,H05B,Extracellular calcium-sensing receptor,Cytochrome P450 3A4; Cytochrome P450 2D6; Cytochrome P450 1A2,,For the treatment of secondary hyperparathyroidism in patients with Chronic Kidney Disease who are on hemodialysis or peritoneal dialysis. Also for the treatment of hypercalcemia in patients with parathyroid carcinoma.,approved,"Cinacalcet directly lowers parathyroid hormone levels by increasing the sensitivity of the calcium sensing receptors to activation by extracellular calcium, resulting in the inhibition of PTH secretion. The reduction in PTH is associated with a concomitant decrease in serum calcium levels.",,
cisatracurium besylate,vNo-DILI-Concern,C[N@@+]1(CCC2=CC(=C(C=C2[C@H]1CC3=CC(=C(C=C3)OC)OC)OC)OC)CCC(=O)OCCCCCOC(=O)CC[N@+]4(CCC5=CC(=C(C=C5[C@H]4CC6=CC(=C(C=C6)OC)OC)OC)OC)C.C1=CC=C(C=C1)S(=O)(=O)[O-].C1=CC=C(C=C1)S(=O)(=O)[O-],0,Metabolic,Atracurium besylate,,,Neuronal acetylcholine receptor subunit alpha-2,,,"For use, as an adjunct to general anesthesia, to facilitate endotracheal intubation and to provide skeletal muscle relaxation during surgery or mechanical ventilation.",approved,"Atracurium antagonizes the neurotransmitter action of acetylcholine by binding competitively with cholinergic receptor sites on the motor end-plate. This antagonism is inhibited, and neuromuscular block reversed, by acetylcholinesterase inhibitors such as neostigmine, edrophonium, and pyridostigmine.",,
clemastine,vNo-DILI-Concern,C[C@@](C1=CC=CC=C1)(C2=CC=C(C=C2)Cl)OCC[C@H]3CCCN3C,0,Metabolic,Clemastine,D04AA14,D04A,Histamine H1 receptor,Cytochrome P450 2D6,,"For the relief of symptoms associated with allergic rhinitis such as sneezing, rhinorrhea, pruritus and acrimation. Also for the management of mild, uncomplicated allergic skin manifestations of urticaria and angioedema. Used as self-medication for temporary relief of symptoms associated with the common cold.",approved; investigational,"Clemastine is a selective histamine H1 antagonist and binds to the histamine H1 receptor. This blocks the action of endogenous histamine, which subsequently leads to temporary relief of the negative symptoms brought on by histamine.",,
clevidipine,vNo-DILI-Concern,CCCC(=O)OCOC(=O)C1=C(NC(=C(C1C2=C(C(=CC=C2)Cl)Cl)C(=O)OC)C)C,0,Metabolic,Clevidipine,C08CA16,C08C,Voltage-dependent L-type calcium channel subunit alpha-1F; Voltage-dependent L-type calcium channel subunit alpha-1S; Voltage-dependent L-type calcium channel subunit alpha-1D; Voltage-dependent L-type calcium channel subunit alpha-1C,Cytochrome P450 2C9; Cytochrome P450 2D6; Cytochrome P450 2E1; Cytochrome P450 2C19; Cytochrome P450 3A4; Cholinesterase,,For the reduction of blood pressure when when oral antihypertensive therapy is not feasible or not desirable.,approved; investigational,"Possibly by deforming the channel, inhibiting ion-control gating mechanisms, and/or interfering with the release of calcium from the sarcoplasmic reticulum, clevidipine inhibits the influx of extracellular calcium across both the myocardial and vascular smooth muscle cell membranes. The resultant inhibition of the contractile processes of the myocardial smooth muscle cells leads to dilation of the coronary and systemic arteries and improved oxygen delivery to the myocardial tissue.",,
codeine,vNo-DILI-Concern,CN1CC[C@]23[C@@H]4[C@H]1CC5=C2C(=C(C=C5)OC)O[C@H]3[C@H](C=C4)O,0,Metabolic,Codeine,N02AA79,N02A,Mu-type opioid receptor; Kappa-type opioid receptor; Delta-type opioid receptor,Cytochrome P450 2D6; Cytochrome P450 3A4; UDP-glucuronosyltransferase 2B7; UDP-glucuronosyltransferase 2B4,Solute carrier family 22 member 1,"Codeine sulfate is a form of this drug that is commonly used. It is available in tablet form [FDA label] and indicated for the relief of mild to moderately severe pain, where the use of an opioid analgesic is appropriate [FDA label].

The solution form is used by itself or combined in a syrup with other drugs and is used as a cough suppressant in adults aged 18 and above [L5521], [L5524].",approved; illicit,"Although the exact mechanism of action of codeine is still unknown, it is generally thought to be mediated through the agonism of opioid receptors, particularly the mu-opioid receptors.[A175096] Morphine was previously postulated to contribute to the analgesic effect of codeine due to the O-demethylation of codeine to morphine by CYP2D6. Particularly, CYP2D6 poor metabolizer did not experience the analgesic effect of codeine.[A473,A261461] However, this is unlikely to be the main mechanism of action of codeine as only 5% of codeine is metabolized to morphine.[A473] Other hypotheses also postulate that codeine-6-glucuronide, the main metabolite of codeine, mediates the analgesic effect of codeine as it not only has an affinity to the mu receptors as codeine but also can be metabolized to morphine-6-glucuronide, which was observed to be more potent than morphine.[A474] 

Binding to the mu receptors by codeine activates the G-proteins GÎ±<sub>i</sub>, causing a decrease in intracellular cAMP and Ca<sup>2+</sup> level.[A179533,A261466] This causes hyperpolarization of nociceptive neurons, thus imparing the transmission of pain signals.[A179533,A261466]",,
colistimethate,vNo-DILI-Concern,CCC(C)CCCCC(=O)NC(CCNCS(=O)(=O)[O-])C(=O)NC(C(C)O)C(=O)NC(CCNCS(=O)(=O)[O-])C(=O)NC1CCNC(=O)C(NC(=O)C(NC(=O)C(NC(=O)C(NC(=O)C(NC(=O)C(NC1=O)CCNCS(=O)(=O)[O-])CC(C)C)CC(C)C)CCNCS(=O)(=O)[O-])CCNCS(=O)(=O)[O-])C(C)O.[Na+].[Na+].[Na+].[Na+].[Na+],0,Metabolic,Colistimethate,,,Dihydropteroate synthase; Bacterial outer membrane,,,"For the treatment of acute or chronic infections due to sensitive strains of certain gram-negative bacilli, particularly _Pseudomonas aeruginosa_.",approved; vet_approved,"Colistimethate is a surface active agent which penetrates into and disrupts the bacterial cell membrane. Colistimethate is polycationic and has both hydrophobic and lipophilic moieties. It interacts with the bacterial cytoplasmic membrane, changing its permeability. This effect is bactericidal. There is also evidence that polymyxins enter the cell and precipitate cytoplasmic components, primarily ribosomes.",,
conivaptan,vNo-DILI-Concern,CC1=NC2=C(N1)CCN(C3=CC=CC=C32)C(=O)C4=CC=C(C=C4)NC(=O)C5=CC=CC=C5C6=CC=CC=C6,0,Metabolic,Conivaptan,C03XA02,C03X,Vasopressin V1a receptor; Vasopressin V2 receptor,Cytochrome P450 3A4,ATP-dependent translocase ABCB1,"For the treatment of euvolemic or hypervolemic hyponatremia (e.g. the syndrome of inappropriate secretion of antidiuretic hormone, or in the setting of hypothyroidism, adrenal insufficiency, pulmonary disorders, etc.) in hospitalized patients.",approved; investigational,"Conivaptan is a dual AVP antagonist with nanomolar affinity for human arginine vasopressin V<sub>1A</sub> and V<sub>2</sub> receptors <i>in vitro</i>. This antagonism occurs in the renal collecting ducts, resulting in aquaresis, or excretion of free water.",,
corticorelin ovine triflutate,vNo-DILI-Concern,CC[C@H](C)[C@@H](C(=O)N[C@@H](CO)C(=O)N[C@@H](CC(C)C)C(=O)N[C@@H](CC(=O)O)C(=O)N[C@@H](CC(C)C)C(=O)N[C@@H]([C@@H](C)O)C(=O)N[C@@H](CC1=CC=CC=C1)C(=O)N[C@@H](CC2=CN=CN2)C(=O)N[C@@H](CC(C)C)C(=O)N[C@@H](CC(C)C)C(=O)N[C@@H](CCCNC(=N)N)C(=O)N[C@@H](CCC(=O)O)C(=O)N[C@@H](C(C)C)C(=O)N[C@@H](CC(C)C)C(=O)N[C@@H](CCC(=O)O)C(=O)N[C@@H](CCSC)C(=O)N[C@@H]([C@@H](C)O)C(=O)N[C@@H](CCCCN)C(=O)N[C@@H](C)C(=O)N[C@@H](CC(=O)O)C(=O)N[C@@H](CCC(=O)N)C(=O)N[C@@H](CC(C)C)C(=O)N[C@@H](C)C(=O)N[C@@H](CCC(=O)N)C(=O)N[C@@H](CCC(=O)N)C(=O)N[C@@H](C)C(=O)N[C@@H](CC3=CN=CN3)C(=O)N[C@@H](CO)C(=O)N[C@@H](CC(=O)N)C(=O)N[C@@H](CCCNC(=N)N)C(=O)N[C@@H](CCCCN)C(=O)N[C@@H](CC(C)C)C(=O)N[C@@H](CC(C)C)C(=O)N[C@@H](CC(=O)O)C(=O)N[C@@H]([C@@H](C)CC)C(=O)N[C@@H](C)C(=O)N)NC(=O)[C@@H]4CCCN4C(=O)[C@@H]5CCCN5C(=O)[C@H](CCC(=O)O)NC(=O)[C@H](CCC(=O)N)NC(=O)[C@H](CO)N,0,Metabolic,,,,,,,,,,,
corticotropin,vNo-DILI-Concern,CC[C@H](C)[C@@H](C(=O)N[C@@H](CO)C(=O)N[C@@H](CC(C)C)C(=O)N[C@@H](CC(=O)O)C(=O)N[C@@H](CC(C)C)C(=O)N[C@@H]([C@@H](C)O)C(=O)N[C@@H](CC1=CC=CC=C1)C(=O)N[C@@H](CC2=CN=CN2)C(=O)N[C@@H](CC(C)C)C(=O)N[C@@H](CC(C)C)C(=O)N[C@@H](CCCNC(=N)N)C(=O)N[C@@H](CCC(=O)O)C(=O)N[C@@H](C(C)C)C(=O)N[C@@H](CC(C)C)C(=O)N[C@@H](CCC(=O)O)C(=O)N[C@@H](CCSC)C(=O)N[C@@H](C)C(=O)N[C@@H](CCCNC(=N)N)C(=O)N[C@@H](C)C(=O)N[C@@H](CCC(=O)O)C(=O)N[C@@H](CCC(=O)N)C(=O)N[C@@H](CC(C)C)C(=O)N[C@@H](C)C(=O)N[C@@H](CCC(=O)N)C(=O)N[C@@H](CCC(=O)N)C(=O)N[C@@H](C)C(=O)N[C@@H](CC3=CN=CN3)C(=O)N[C@@H](CO)C(=O)N[C@@H](CC(=O)N)C(=O)N[C@@H](CCCNC(=N)N)C(=O)N[C@@H](CCCCN)C(=O)N[C@@H](CCSC)C(=O)N[C@@H](CC(C)C)C(=O)N[C@@H](CCC(=O)O)C(=O)N[C@@H]([C@@H](C)CC)C(=O)N[C@@H]([C@@H](C)CC)C(=O)O)NC(=O)[C@@H]4CCCN4C(=O)[C@@H]5CCCN5C(=O)[C@H](CCC(=O)O)NC(=O)[C@H](CCC(=O)O)NC(=O)[C@H](CO)N,0,Metabolic,,,,,,,,,,,
cortisone acetate,vNo-DILI-Concern,CC(=O)OCC(=O)[C@]1(CC[C@@H]2[C@@]1(CC(=O)[C@H]3[C@H]2CCC4=CC(=O)CC[C@]34C)C)O,0,Metabolic,Cortisone acetate,,,Steroid hormone receptor ERR2; Estrogen-related receptor gamma; Glucocorticoid receptor; Steroid hormone receptor ERR1; Annexin A1,Cytochrome P450 3A4; Cytochrome P450 3A5,Solute carrier organic anion transporter family member 1A2; ATP-dependent translocase ABCB1; Organic anion transporter 3,"Cortisone acetate is indicated to treat a wide variety of endocrine, rheumatic, collagen, dermatologic, allergic, ophthalmic, respiratory, hematologic, neoplastic, edematous, and gastrointestinal diseases and disorders.[A226300,L13203]",approved; investigational,"The short term effects of corticosteroids are decreased vasodilation and permeability of capillaries, as well as decreased leukocyte migration to sites of inflammation.[A187463] Corticosteroids binding to the glucocorticoid receptor mediates changes in gene expression that lead to multiple downstream effects over hours to days.[A187463]
Glucocorticoids inhibit neutrophil apoptosis and demargination; they inhibit phospholipase A2, which decreases the formation of arachidonic acid derivatives; they inhibit NF-Kappa B and other inflammatory transcription factors; they promote anti-inflammatory genes like interleukin-10.[A187463]
Lower doses of corticosteroids provide an anti-inflammatory effect, while higher doses are immunosuppressive.[A187463] High doses of glucocorticoids for an extended period bind to the mineralocorticoid receptor, raising sodium levels and decreasing potassium levels.[A187463]",,
cosyntropin,vNo-DILI-Concern,CC(C)[C@@H](C(=O)NCC(=O)N[C@H](CCCCN)C(=O)N[C@H](CCCCN)C(=O)N[C@H](CCCNC(=N)N)C(=O)N[C@H](CCCNC(=N)N)C(=O)N1CCC[C@H]1C(=O)N[C@@H](C(C)C)C(=O)N[C@@H](CCCCN)C(=O)N[C@@H](C(C)C)C(=O)N[C@@H](CC2=CC=C(C=C2)O)C(=O)N3CCC[C@H]3C(=O)O)NC(=O)[C@@H]4CCCN4C(=O)[C@H](CCCCN)NC(=O)CNC(=O)[C@H](CC5=CNC6=CC=CC=C65)NC(=O)[C@H](CCCNC(=N)N)NC(=O)[C@H](CC7=CC=CC=C7)NC(=O)[C@H](CC8=CNC=N8)NC(=O)[C@H](CCC(=O)O)NC(=O)[C@H](CCSC)NC(=O)[C@H](CO)NC(=O)[C@H](CC9=CC=C(C=C9)O)NC(=O)C(CO)N,0,Metabolic,Tetracosactide,H01AA02,H01A,Adrenocorticotropic hormone receptor,,,For use as a diagnostic agent in the screening of patients presumed to have adrenocortical insufficiency.,approved,"Cosyntropin combines with a specific receptor in the adrenal cell plasma membrane and, in patients with normal adrenocortical function, stimulates the initial reaction involved in the synthesis of adrenal steroids (including cortisol, cortisone, weak androgenic substances, and a limited quantity of aldosterone) from cholesterol by increasing the quantity of the substrate within the mitochondria. Cosyntropin does not significantly increase plasma cortisol concentration in patients with primary or secondary adrenocortical insufficiency.",,
cupric chloride,vNo-DILI-Concern,Cl[Cu]Cl,0,Metabolic,dextrose,dextrose,,DB09341,Name,"Dextrose, unspecified form","Glucose supplies most of the energy to all tissues by generating energy molecules ATP and NADH during a series of metabolism reactions called glycolysis. Glycolysis can be divided into 2 main phases where the preparatory phase is initiated by the phosphorylation of glucose by a hexokinase to form glucose 6-phosphate. The addition of the high-energy phosphate group activates glucose for subsequent breakdown in later steps of glycolysis and is the rate-limiting step. Products end up as substrates for following reactions, to ultimately convert C6 glucose molecule into two C3 sugar molecules. These products enter the energy-releasing phase where total of 4ATP and 2NADH molecules are generated per one glucose molecule. The total aerobic metabolism of glucose can produce up to 36 ATP molecules. This energy-producing reactions of glucose is limited to D-glucose as L-glucose cannot be phosphorlyated by hexokinase. 
Glucose can act as precursors to generate other biomolecules such as vitamin C. It plays a role as a signaling molecule to control glucose and energy homeostasis. Glucose can regulate gene transcription, enzyme activity, hormone secretion, and the activity of glucoregulatory neurons. The types, number and kinetics of glucose transporters expressed depends on the tissues and fine-tunes glucose uptake, metabolism, and signal generation in order to preserve cellular and whole body metabolic integrity [A19395].",,C([C@@H]1[C@H]([C@@H]([C@H](C(O1)O)O)O)O)O,,
cyanocobalamin,vNo-DILI-Concern,CC1=CC2=C(C=C1C)N(C=N2)[C@@H]3C(C([C@@H](O3)CO)OP(=O)(O)OC(C)CNC(=O)CC[C@@]\4([C@H](C5[C@]6([C@@]([C@@H](C(=N6)/C(=C\7/[C@@]([C@@H](C(=N7)/C=C\8/C([C@@H](C(=N8)/C(=C4\[N-]5)/C)CCC(=O)N)(C)C)CCC(=O)N)(C)CC(=O)N)/C)CCC(=O)N)(C)CC(=O)N)C)CC(=O)N)C)O.[C-]#N.[Co+3],0,Metabolic,Cyanocobalamin,B03BA01,B03B,"Methionine synthase; Methylmalonyl-CoA mutase, mitochondrial; Methionine synthase reductase; Methylmalonic aciduria type A protein, mitochondrial; Cyanocobalamin reductase / alkylcobalamin dealkylase; Methylenetetrahydrofolate reductase (NADPH)",Corrinoid adenosyltransferase MMAB; Bifunctional adenosylcobalamin biosynthesis protein CobU; Pancreatic proteases,Protein amnionless; Transcobalamin-1; Transcobalamin-2; Cobalamin binding intrinsic factor; Cubilin; Low-density lipoprotein receptor-related protein 2; Multidrug resistance-associated protein 1,"**Nasal spray**

The cyanocobalamin nasal spray is indicated for the maintenance of vitamin B12 concentrations after normalization with intramuscular vitamin B12 therapy in patients with deficiency of this vitamin who have no nervous system involvement [FDA label].

Note:  CaloMist [FDA label], the nasal spray form, has not been evaluated for the treatment of newly diagnosed vitamin B12 deficiency.

**Injection forms (subcutaneous, intramuscular)**

These forms are indicated for vitamin B12 deficiencies due to various causes, with or without neurologic manifestations [F3736].  Vitamin B12 deficiency is frequently caused by malabsorption, which is often associated with the following conditions [L5545]:

Addisonian (pernicious) anemia

Gastrointestinal pathology, dysfunction, or surgery, including gluten enteropathy or sprue, small bowel bacterial overgrowth, total or partial gastrectomy

Fish tapeworm infestation

Malignancy of the pancreas or bowel

Folic acid deficiency


**Oral forms**

Vitamin B12 supplements are widely available and indicated in patients who require supplementation for various reasons.  Dose requirements for vitamin B12 which are higher than normal (caused by pregnancy, thyrotoxicosis, hemolytic anemia, hemorrhage, malignancy, hepatic and renal disease) can usually be achieved with oral supplementation [L5545].   Oral products of vitamin B12 are not recommended in patients with malabsorption, as these forms are primarily absorbed in the gastrointestinal tract [F3739].",approved; nutraceutical,"Vitamin B12 serves as a cofactor for _methionine synthase_ and _L-methylmalonyl-CoA mutase_ enzymes. Methionine synthase is essential for the synthesis of purines and pyrimidines that form DNA. L-methylmalonyl-CoA mutase converts L-methylmalonyl-CoA to _succinyl-CoA_ in the degradation of propionate [L2064], an important reaction required for both fat and protein metabolism. It is a lack of vitamin B12 cofactor in the above reaction and the resulting accumulation of methylmalonyl CoA that is believed to be responsible for the neurological manifestations of B12 deficiency [A175255]. Succinyl-CoA is also necessary for the synthesis of hemoglobin [L2064]. 

In tissues, vitamin B12 is required for the synthesis of _methionine_ from homocysteine.   Methionine is required for the formation of S-adenosylmethionine, a methyl donor for nearly 100 substrates, comprised of DNA, RNA, hormones, proteins, as well as lipids [L2064]. Without vitamin B12, tetrahydrofolate cannot be regenerated from 5-methyltetrahydrofolate, and this can lead to functional folate deficiency [L5554], [FDA label]. 
This reaction is dependent on methylcobalamin (vitamin B12) as a co-factor and is also dependent on folate, in which the methyl group of methyltetrahydrofolate is transferred to homocysteine to form _methionine_ and _tetrahydrofolate_. Vitamin B12 incorporates into circulating folic acid into growing red blood cells; retaining the folate in these cells [L5557]. A deficiency of vitamin B12 and the interruption of this reaction leads to the development of megaloblastic anemia.",,
darifenacin,vNo-DILI-Concern,C1CN(C[C@@H]1C(C2=CC=CC=C2)(C3=CC=CC=C3)C(=O)N)CCC4=CC5=C(C=C4)OCC5,0,Metabolic,Darifenacin,G04BD10,G04B,Muscarinic acetylcholine receptor M3; Muscarinic acetylcholine receptor M1; Muscarinic acetylcholine receptor M2; Muscarinic acetylcholine receptor M4; Muscarinic acetylcholine receptor M5,Cytochrome P450 3A4; Cytochrome P450 2D6,,"For the treatment of overactive bladder with symptoms of urge urinary incontinence, urgency and frequency.",approved; investigational,"Darifenacin selectively antagonizes the muscarinic M3 receptor. M3 receptors are involved in contraction of human bladder and gastrointestinal smooth muscle, saliva production, and iris sphincter function.",,
daunorubicin,vNo-DILI-Concern,C[C@H]1[C@H]([C@H](C[C@@H](O1)O[C@H]2C[C@@](CC3=C(C4=C(C(=C23)O)C(=O)C5=C(C4=O)C=CC=C5OC)O)(C(=O)C)O)N)O,0,Metabolic,Daunorubicin,L01DB02,L01D,DNA; DNA topoisomerase 2-alpha; DNA topoisomerase 2-beta,Cytochrome P450 3A4; Cytochrome P450 3A5; NADPH--cytochrome P450 reductase; Cytochrome P450 1B1; Aldo-keto reductase family 1 member B1; Carbonyl reductase [NADPH] 1; Carbonyl reductase [NADPH] 3,ATP-dependent translocase ABCB1; Multidrug resistance-associated protein 1; ATP-binding cassette sub-family C member 10; Broad substrate specificity ATP-binding cassette transporter ABCG2; ATP-binding cassette sub-family C member 6,"For remission induction in acute nonlymphocytic leukemia (myelogenous, monocytic, erythroid) of adults and for remission induction in acute lymphocytic leukemia of children and adults.

Daunorubicin is indicated in combination with [cytarabine] for the treatment of newly-diagnosed therapy-related acute myeloid leukemia (t-AML) or AML with myelodysplasia-related changes (AML-MRC) in adults and pediatric patients 1 year and older.[L32843]",approved,"Daunorubicin has antimitotic and cytotoxic activity through a number of proposed mechanisms of action: Daunorubicin forms complexes with DNA by intercalation between base pairs, and it inhibits topoisomerase II activity by stabilizing the DNA-topoisomerase II complex, preventing the religation portion of the ligation-religation reaction that topoisomerase II catalyzes.",,
dexbrompheniramine,vNo-DILI-Concern,CN(C)CC[C@@H](C1=CC=C(C=C1)Br)C2=CC=CC=N2,0,Metabolic,Dexbrompheniramine,R06AB06,R06A,Histamine H1 receptor,,,"For treatment and relief of symptoms of allergies, hay fever, and colds",approved,"Dexbrompheniramine competitively binds to the histamine H<sub>1</sub>-receptor. It competes with histamine for the normal H<sub>1</sub>-receptor sites on effector cells of the gastrointestinal tract, blood vessels and respiratory tract. This blocks the action of endogenous histamine, which subsequently leads to temporary relief of the negative symptoms brought on by histamine.",,
dexchlorpheniramine,vNo-DILI-Concern,CN(C)CC[C@@H](C1=CC=C(C=C1)Cl)C2=CC=CC=N2,0,Metabolic,Dexchlorpheniramine,R06AB52,R06A,,Cytochrome P450 2D6,,,experimental; investigational,,,
dexpanthenol,vNo-DILI-Concern,CC(C)(CO)C(C(=O)NCCCO)O,0,Metabolic,Dexpanthenol,D03AX03,D03A,,,,"Injection: Prophylactic use immediately after major abdominal surgery to minimize the possibility of paralytic ileus. Intestinal atony causing abdominal distention; postoperative or postpartum retention of flatus, or postoperative delay in resumption of intestinal motility; paralytic ileus.

Topical: This medication is used as a moisturizer to treat or prevent dry, rough, scaly, itchy skin and minor skin irritations (e.g., diaper rash, skin burns from radiation therapy).",approved,"Dexpanthenol is an alcohol derivative of pantothenic acid, a component of the B complex vitamins and an essential component of a normally functioning epithelium. Dexpanthenol is enzymatically cleaved to form pantothenic acid, which is an essential component of Coenzyme A, which acts as a cofactor in many enzymatic reactions that are important for protein metabolism in the epithelium[A32373].  

Dermatological effects of the topical use of dexpanthenol include increased fibroblast proliferation and accelerated re-epithelialization in wound healing. Furthermore, it acts as a topical protectant, moisturizer, and has demonstrated anti-inflammatory properties [A32377].",,
dextroamphetamine,vNo-DILI-Concern,C[C@@H](CC1=CC=CC=C1)N,0,Metabolic,Dextroamphetamine,N06BA02,N06B,Synaptic vesicular amine transporter; Sodium-dependent noradrenaline transporter; Sodium-dependent dopamine transporter; Trace amine-associated receptor 1; Alpha-1B adrenergic receptor; Alpha adrenergic receptor,Cytochrome P450 2D6; Primary amine oxidase,Sodium-dependent dopamine transporter,Dextroamphetamine is indicated for the treatment of attention deficit hyperactivity disorder (ADHD).[Label],approved; illicit,"The exact mechanism of amphetamines as a class is not known. Dextroamphetamine acts by preventing reuptake, increasing release, and stimulating reverse-transport of dopamine in synaptic clefts in the striatum.[A177253] Newer evidence shows amphetamines may also alter the number of dopamine transporters in synaptic clefts.[A177220]",,
dextromethorphan,vNo-DILI-Concern,CN1CC[C@@]23CCCC[C@@H]2[C@@H]1CC4=C3C=C(C=C4)OC,0,Metabolic,Dextromethorphan,N06AX62,N06A,"Sigma non-opioid intracellular receptor 1; Aromatase; Glutamate receptor ionotropic, NMDA 3A; Neuronal acetylcholine receptor subunit alpha-2; Sodium-dependent serotonin transporter; Membrane-associated progesterone receptor component 1; Neuronal acetylcholine receptor subunit alpha-3; Neuronal acetylcholine receptor subunit alpha-4; Neuronal acetylcholine receptor subunit beta-4; Neuronal acetylcholine receptor subunit beta-2; Neuronal acetylcholine receptor subunit alpha-7; Mu-type opioid receptor; Delta-type opioid receptor; Kappa-type opioid receptor; NADPH oxidase; Sodium-dependent noradrenaline transporter",Cytochrome P450 2D6; Cytochrome P450 3A4; Cytochrome P450 3A7; Cytochrome P450 2B6; Cytochrome P450 2C19; Cytochrome P450 2C9; UDP-glucuronosyltransferase 2B4; UDP-glucuronosyltransferase 2B7; UDP-glucuronosyltransferase 2B15; UDP-glucuronosyltransferase 2B17,,Dextromethorphan is indicated in combination with [brompheniramine] and [pseudoephedrine] in the treatment of coughs and upper respiratory symptoms associated with allergies or the common cold.[L14366] Dextromethorphan is also used in combination with [guaifenesin] as an over-the-counter product to relieve a cough.[L14369] Dextromethorphan in combination with [quinidine] is indicated in the treatment of pseudobulbar affect.[L14363],approved,"Dextromethorphan is a low-affinity uncompetitive NMDA antagonist and sigma-1 receptor agonist.[L14363] It is also an antagonist of Î±3/Î²4 nicotinic receptors.[A10589] However, the mechanism by which dextromethorphan's receptor agonism and antagonism translate to a clinical effect is not well understood.[A215397]",,
dextrose,vNo-DILI-Concern,C([C@@H]1[C@H]([C@@H]([C@H](C(O1)O)O)O)O)O,0,Metabolic,"Dextrose, unspecified form",,,,Hexokinase-1; Hexokinase-4,"Solute carrier family 2, facilitated glucose transporter member 1; Solute carrier family 2, facilitated glucose transporter member 2; Solute carrier family 2, facilitated glucose transporter member 3; Solute carrier family 2, facilitated glucose transporter member 4; Solute carrier family 2, facilitated glucose transporter member 6; Solute carrier family 2, facilitated glucose transporter member 7; Solute carrier family 2, facilitated glucose transporter member 8; Solute carrier family 2, facilitated glucose transporter member 9; Solute carrier family 2, facilitated glucose transporter member 10; Solute carrier family 2, facilitated glucose transporter member 11; Solute carrier family 2, facilitated glucose transporter member 12; Sodium/glucose cotransporter 1","Glucose pharmaceutical formulations (oral tablets, injections) are indicated for caloric supply and carbohydrate supplementation in case of nutrient deprivation. It is also used in metabolic disorders such as hypoglycemia.",approved; vet_approved,"Glucose supplies most of the energy to all tissues by generating energy molecules ATP and NADH during a series of metabolism reactions called glycolysis. Glycolysis can be divided into 2 main phases where the preparatory phase is initiated by the phosphorylation of glucose by a hexokinase to form glucose 6-phosphate. The addition of the high-energy phosphate group activates glucose for subsequent breakdown in later steps of glycolysis and is the rate-limiting step. Products end up as substrates for following reactions, to ultimately convert C6 glucose molecule into two C3 sugar molecules. These products enter the energy-releasing phase where total of 4ATP and 2NADH molecules are generated per one glucose molecule. The total aerobic metabolism of glucose can produce up to 36 ATP molecules. This energy-producing reactions of glucose is limited to D-glucose as L-glucose cannot be phosphorlyated by hexokinase. 
Glucose can act as precursors to generate other biomolecules such as vitamin C. It plays a role as a signaling molecule to control glucose and energy homeostasis. Glucose can regulate gene transcription, enzyme activity, hormone secretion, and the activity of glucoregulatory neurons. The types, number and kinetics of glucose transporters expressed depends on the tissues and fine-tunes glucose uptake, metabolism, and signal generation in order to preserve cellular and whole body metabolic integrity [A19395].",,
diatrizoate,vNo-DILI-Concern,CC(=O)NC1=C(C(=C(C(=C1I)C(=O)O)I)NC(=O)C)I,0,Metabolic,Diatrizoate,V08AA01,V08A,,,,"Used, alone or in combination, for a wide variety of diagnostic imaging methods, including angiography, urography, cholangiography, computed tomography, hysterosalpingography, and retrograde pyelography. It can be used for imaging the gastrointestinal tract in patients allergic to barium.",approved; vet_approved,"Diatrizoate is an iodine-containing X-ray contrast agent.  Iodated contrast agents were among the first contrast agents developed.  Iodine is known to be particular electron-dense and to effectively scatter or stop X-rays. A good contrast agent requires a high density of electron-dense atoms. Therefore, the more iodine, the more ""dense"" the x-ray effect.  Iodine based contrast media are water soluble and harmless to the body. These contrast agents are sold as clear colorless water solutions, the concentration is usually expressed as mg I/ml. Modern iodinated contrast agents can be used almost anywhere in the body. Most often they are used intravenously, but for various purposes they can also be used intraarterially, intrathecally (the spine) and intraabdominally - just about any body cavity or potential space.",,
dichlorphenamide,vNo-DILI-Concern,C1=C(C=C(C(=C1S(=O)(=O)N)Cl)Cl)S(=O)(=O)N,0,Metabolic,Diclofenamide,G01AE10,G01A,Carbonic anhydrase 2; Carbonic anhydrase 1; Carbonic anhydrase 4; Carbonic anhydrase 7; Carbonic anhydrase 3,,,"For adjunctive treatment of: chronic simple (open-angle) glaucoma, secondary glaucoma, and preoperatively in acute angle-closure glaucoma where delay of surgery is desired in order to lower intraocular pressure",approved; investigational,"Carbonic anhydrase inhibitors reduce intraocular pressure by partially suppressing the secretion of aqueous humor (inflow), although the mechanism by which they do this is not fully understood. Evidence suggests that HCO<sup>3-</sup> ions are produced in the ciliary body by hydration of carbon dioxide under the influence of carbonic anhydrase and diffuse into the posterior chamber which contains more Na<sup>+</sup> and HCO<sup>3-</sup> ions than does plasma and consequently is hypertonic. Water is then attracted to the posterior chamber by osmosis, resulting in a drop in pressure.",,
dicyclomine,vNo-DILI-Concern,CCN(CC)CCOC(=O)C1(CCCCC1)C2CCCCC2,0,Metabolic,Dicyclomine,A03AA07,A03A,Muscarinic acetylcholine receptor M1; Muscarinic acetylcholine receptor M3; Muscarinic acetylcholine receptor M2,,,Dicyclomine is indicated for the treatment of functional bowel disorder and irritable bowel syndrome.[L7967],approved,"Dicyclomine achieves its action partially through direct antimuscarinic activity of the M1, M3, and M2 receptors; and partially through antagonism of bradykinin and histamine.[A6556,A182555,A234659,L7967] Dicyclomine non-competitively inhibits the action of bradykinin and histamine, resulting in direct action on the smooth muscle, and decreased strength of contractions seen in spasms of the ileum.[A182555]",,
diethylpropion,vNo-DILI-Concern,CCN(CC)C(C)C(=O)C1=CC=CC=C1,0,Metabolic,Diethylpropion,A08AA03,A08A,Sodium-dependent noradrenaline transporter; Sodium-dependent serotonin transporter; Sodium-dependent dopamine transporter,,,Used in the management of exogenous obesity as a short-term adjunct (a few weeks) in a regimen of weight reduction based on caloric restriction.,approved; illicit,"Diethylpropion is an amphetamine that stimulates neurons to release or maintain high levels of a particular group of neurotransmitters known as catecholamines; these include dopamine and norepinephrine. High levels of these catecholamines tend to suppress hunger signals and appetite. Diethylpropion (through catecholamine elevation) may also indirectly affect leptin levels in the brain. It is theorized that diethylpropion can raise levels of leptin which signal satiety. It is also theorized that increased levels of the catecholamines are partially responsible for halting another chemical messenger known as neuropeptide Y. This peptide initiates eating, decreases energy expenditure, and increases fat storage.",,
digoxin,vNo-DILI-Concern,C[C@@H]1[C@H]([C@H](C[C@@H](O1)O[C@@H]2[C@H](O[C@H](C[C@@H]2O)O[C@@H]3[C@H](O[C@H](C[C@@H]3O)O[C@H]4CC[C@]5([C@@H](C4)CC[C@@H]6[C@@H]5C[C@H]([C@]7([C@@]6(CCC7C8=CC(=O)OC8)O)C)O)C)C)C)O)O,0,Metabolic,Digoxin,C01AA05,C01A,Sodium/potassium-transporting ATPase subunit alpha-2; Sodium/potassium-transporting ATPase subunit alpha-3; Sodium/potassium-transporting ATPase subunit beta-1; Sodium/potassium-transporting ATPase subunit beta-2; Sodium/potassium-transporting ATPase subunit beta-3; Solute carrier organic anion transporter family member 4C1; Sodium/potassium-transporting ATPase subunit alpha-1,"Cholesterol side-chain cleavage enzyme, mitochondrial",ATP-dependent translocase ABCB1; Solute carrier organic anion transporter family member 4C1; Bile salt export pump; Solute carrier organic anion transporter family member 1A2; Organic solute transporter subunit alpha; Organic solute transporter subunit beta; Solute carrier organic anion transporter family member 1B1,"Digoxin is indicated in the following conditions: 1) For the treatment of mild to moderate heart failure in adult patients.[L9143] 2) To increase myocardial contraction in children diagnosed with heart failure.[L9143] 3) To maintain control ventricular rate in adult patients diagnosed with chronic atrial fibrillation.[L9143]

In adults with heart failure, when it is clinically possible, digoxin should be administered in conjunction with a diuretic and an angiotensin-converting enzyme (ACE) inhibitor for optimum effects.[L9143]",approved,"Digoxin exerts hemodynamic, electrophysiologic, and neurohormonal effects on the cardiovascular system.[A178234] It reversibly inhibits the Na-K ATPase enzyme, leading to various beneficial effects.  The Na-K ATPase enzyme functions to maintain the intracellular environment by regulating the entry and exit of sodium, potassium, and calcium (indirectly). Na-K ATPase is also known as the _sodium pump_[L9143]. The inhibition of the sodium pump by digoxin increases intracellular sodium and increases the calcium level in the myocardial cells, causing an increased contractile force of the heart.[L9143,A178264] This improves the left ventricular ejection fraction (EF), an important measure of cardiac function.[A178234,T613]

Digoxin also stimulates the parasympathetic nervous system via the vagus nerve[T607] leading to sinoatrial (SA) and atrioventricular (AV) node effects, decreasing the heart rate.[L9143,A178234] Part of the pathophysiology of heart failure includes neurohormonal activation, leading to an increase in norepinephrine. Digoxin helps to decrease norepinephrine levels through activation of the parasympathetic nervous system.[A178234]",,
dihydroergotamine,vNo-DILI-Concern,C[C@@]1(C(=O)N2[C@H](C(=O)N3CCC[C@H]3[C@@]2(O1)O)CC4=CC=CC=C4)NC(=O)[C@@H]5C[C@H]6[C@@H](CC7=CNC8=CC=CC6=C78)N(C5)C,0,Metabolic,Dihydroergotamine,N02CA51,N02C,5-hydroxytryptamine receptor 1B; 5-hydroxytryptamine receptor 1D; 5-hydroxytryptamine receptor 1F; D(2) dopamine receptor; Alpha-2A adrenergic receptor; 5-hydroxytryptamine receptor 1A; 5-hydroxytryptamine receptor 1E; 5-hydroxytryptamine receptor 2A; 5-hydroxytryptamine receptor 2B; 5-hydroxytryptamine receptor 2C; Alpha-1 adrenergic receptors; Alpha-2 adrenergic receptors; D(3) dopamine receptor; D(4) dopamine receptor; 5-hydroxytryptamine receptor 4; Beta-3 adrenergic receptor,Cytochrome P450 3A4,ATP-dependent translocase ABCB1,"Dihydroergotamine (DHE) in all formulations is indicated for the acute treatment of migraine with or without aura in adults.[L38459, L38464, L38469] As an injection, DHE is also indicated for the acute treatment of cluster headache episodes.[L38459]

DHE is not indicated for migraine prevention or the management of hemiplegic or basilar migraine.[L38459, L38464, L38469]",approved; investigational,"DHE has several proposed mechanisms which may contribute to its therapeutic efficacy as an abortive therapy in migraines. Firstly, DHE's s agonist action on 5-hydroxytryptamine (5HT) 1b receptors in the smooth muscle of the cranial vasculature may provide relief via vasoconstriction of the blood vessels which typically become dilated due to the release of CGRP during migraine attacks. [A239104, A239234] DHE's off-target action at alpha-adrenergic receptors may further contribute via this mechanism. The remaining mechanisms are thought to provide relief through the effects on the neurogenic causes of migraine symptoms. Agonist action by DHE on 5-HT<sub>1b</sub> and 5-HT<sub>1d</sub> receptors inhibits nociceptive signalling through the ventroposteromedial thalamus to the trigeminal sensory neurons. Further action on 5-HT<sub>1b</sub> and 5-HT<sub>1d</sub> receptors with the addition of agonist activity on 5-HT<sub>1f</sub> in the trigeminal nucleus caudalis decreases afferent signalling to trigeminal sensory neurons which contributes to central sensitization. The success of experimental compounds selectively targetting the 5-HT<sub>1f</sub> receptor lends support to this mechanism. Lastly, action at 5-HT<sub>1d</sub> receptors on trigeminal nerve terminals inhibits the release of vasoactive neuropeptides thought to contribute to pain and inflammation during a migraine attack. DHE is known to have 10-fold less potency at the 5-HT<sub>1b</sub> receptor than its predecessor ergotamine which reduces the incidence of vascular side effects.[A239239] Notably, DHE slowly diffuses from receptors resulting in unreliable prediction of effects from plasma concentration. [A239234]",,
dimenhydrinate,vNo-DILI-Concern,CN1C(=C2C(=NC(=N2)Cl)N(C1=O)C)[O-].C[NH+](C)CCOC(C1=CC=CC=C1)C2=CC=CC=C2,0,Metabolic,Dimenhydrinate,R06AA11,R06A,Histamine H1 receptor,,,"Dimenhydrinate is indicated for the prevention and treatment of nausea, vomiting, or vertigo of motion sickness.[L32980,L32985]",approved,"Dimenhydrinate is a theoclate salt that separates into [diphenhydramine] and [8-chlorotheophylline].[L32985,L33010] While the exact mechanism of action is unknown, diphenhydramine is theorized to reduce disturbances to equilibrium through antimuscarinic effects or histamine H1 antagonism.[A233130] 8-chlorotheophylline may produce excitation through blocking adenosine receptors, reducing the drowsiness produced by diphenhydramine.[L33010]",,
dimercaprol,vNo-DILI-Concern,C(C(CS)S)O,0,Metabolic,Dimercaprol,V03AB09,V03A,Arsenic; Cadmium; Mercury; Amyloid-beta precursor protein,,,"For the treatment of arsenic, gold and mercury poisoning. Indicated in acute lead poisoning when used concomitantly with edetate calcium disodium (DB00974).",approved,The sulfhydryl groups of dimercaprol form complexes with certain heavy metals thus preventing or reversing the metallic binding of sulfhydryl-containing enzymes. The complex is excreted in the urine.,,
diphenhydramine,vNo-DILI-Concern,CN(C)CCOC(C1=CC=CC=C1)C2=CC=CC=C2,0,Metabolic,Diphenhydramine,D04AA32,D04A,Histamine N-methyltransferase; Histamine H1 receptor; Muscarinic acetylcholine receptor M2,Prostaglandin G/H synthase 1; Cytochrome P450 2D6; Cytochrome P450 2C9; Cytochrome P450 2C19,Solute carrier family 22 member 2; Organic cation/carnitine transporter 2,"Diphenhydramine is a first-generation histamine H1 receptor antagonist (H1 antihistamine) that is widely available as a non-prescription, over-the-counter (OTC) medication. As an OTC medication, diphenhydramine is typically formulated as tablets and creams indicated for use in treating sneezing, runny nose, itchy/watery eyes, itching of nose or throat, insomnia, pruritis, urticaria, insect bites/stings, allergic rashes, and nausea [L5263, L5266, L5269, F3379, A174541].

Additionally, when the use of oral diphenhydramine is impractical, there are also prescription-only formulations such as diphenhydramine injection products that are effective in adults and pediatric patients (other than premature infants and neonates) for:
i) the amelioration of allergic reactions to blood or plasma, in anaphylaxis as an adjunct to epinephrine and other standard measures after acute allergic reaction symptoms have been controlled, and for other uncomplicated allergic conditions of the immediate type when oral therapy is impossible or contraindicated [F3352];
ii) the active treatment of motion sickness [F3352]; and
iii) use in parkinsonism when oral therapy is impossible or contraindicated, as follows: parkinsonism in the elderly who are unable to tolerate more potent agents; mild cases of parkinsonism in other age groups, and in other cases of parkinsonism in combination with centrally acting anticholinergic agents [F3352].",approved; investigational,"Diphenhydramine predominantly works via the antagonism of H1 (Histamine 1) receptors [L5263, L5266, L5269, F3379, A174541]. Such H1 receptors are located on respiratory smooth muscles, vascular endothelial cells, the gastrointestinal tract (GIT), cardiac tissue, immune cells, the uterus, and the central nervous system (CNS) neurons [L5263, L5266, L5269, F3379, A174541]. When the H1 receptor is stimulated in these tissues it produces a variety of actions including increased vascular permeability, promotion of vasodilation causing flushing, decreased atrioventricular (AV) node conduction time, stimulation of sensory nerves of airways producing coughing, smooth muscle contraction of bronchi and the GIT, and eosinophilic chemotaxis that promotes the allergic immune response [L5263, L5266, L5269, F3379, A174541].

Ultimately, diphenhydramine functions as an inverse agonist at H1 receptors, and subsequently reverses effects of histamine on capillaries, reducing allergic reaction symptoms [L5263, L5266, L5269, F3379, A174541]. Moreover, since diphenhydramine is a first-generation antihistamine, it readily crosses the blood-brain barrier and inversely agonizes the H1 CNS receptors, resulting in drowsiness, and suppressing the medullary cough center [L5263, L5266, L5269, F3379, A174541].

Furthermore, H1 receptors are similar to muscarinic receptors [L5263, L5266, L5269, F3379, A174541]. Consequently, diphenhydramine also acts as an antimuscarinic [L5263, L5266, L5269, F3379, A174541]. It does so by behaving as a competitive antagonist of muscarinic acetylcholine receptors, resulting in its use as an antiparkinson medication [L5263, L5266, L5269, F3379, A174541].

Lastly, diphenhydramine has also demonstrated activity as an intracellular sodium channel blocker, resulting in possible local anesthetic properties [L5263].",,
diphenoxylate,vNo-DILI-Concern,CCOC(=O)C1(CCN(CC1)CCC(C#N)(C2=CC=CC=C2)C3=CC=CC=C3)C4=CC=CC=C4,0,Metabolic,Diphenoxylate,A07DA01,A07D,Mu-type opioid receptor; Delta-type opioid receptor,,,For as adjunctive therapy in the management of diarrhea,approved; illicit,"Diphenoxylate is an opiate receptor agonists that stimulate mu receptors in GI to decrease the peristalsis and constrict the sphincters. Diphenoxylate has a direct effect on circular smooth muscle of the bowel, that conceivably results in segmentation and prolongation of gastrointestinal transit time. The clinical antidiarrheal action of diphenoxylate may thus be a consequence of enhanced segmentation that allows increased contact of the intraluminal contents with the intestinal mucosa.",,
dobutamine,vNo-DILI-Concern,CC(CCC1=CC=C(C=C1)O)NCCC2=CC(=C(C=C2)O)O,0,Metabolic,Dobutamine,C01CA07,C01C,Alpha-1 adrenergic receptors; Beta-1 adrenergic receptor; Beta-2 adrenergic receptor; Estrogen receptor,Catechol O-methyltransferase,,Indicated when parenteral therapy is necessary for inotropic support in the short-term treatment of patients with cardiac decompensation due to depressed contractility resulting either from organic heart disease or from cardiac surgical procedures.,approved,"Dobutamine directly stimulates beta-1 receptors of the heart to increase myocardial contractility and stroke volume, resulting in increased cardiac output.",,
dofetilide,vNo-DILI-Concern,CN(CCC1=CC=C(C=C1)NS(=O)(=O)C)CCOC2=CC=C(C=C2)NS(=O)(=O)C,0,Metabolic,Dofetilide,C01BD04,C01B,Voltage-gated inwardly rectifying potassium channel KCNH2; Potassium channel subfamily K member 2; ATP-sensitive inward rectifier potassium channel 12,Cytochrome P450 3A4,Solute carrier family 22 member 2,For the maintenance of normal sinus rhythm (delay in time to recurrence of atrial fibrillation/atrial flutter [AF/AFl]) in patients with atrial fibrillation/atrial flutter of greater than one week duration who have been converted to normal sinus rhythm,approved; investigational,"The mechanism of action of Dofetilide is a blockade of the cardiac ion channel carrying the rapid component of the delayed rectifier potassium current, IKr. This inhibition of potassium channels results in a prolongation of action potential duration and the effective refractory period of accessory pathways (both anterograde and retrograde conduction in the accessory pathway).",,
dopamine,vNo-DILI-Concern,C1=CC(=C(C=C1CCN)O)O,0,Metabolic,Dopamine,C01CA04,C01C,D(2) dopamine receptor; D(1A) dopamine receptor; D(1B) dopamine receptor; D(3) dopamine receptor; D(4) dopamine receptor; Sodium-dependent dopamine transporter; Dopamine beta-hydroxylase; 5-hydroxytryptamine receptor 1A; 5-hydroxytryptamine receptor 7; D(1) dopamine receptor; Sodium-dependent noradrenaline transporter; Sodium-dependent serotonin transporter; 5-hydroxytryptamine receptor 3A; 5-hydroxytryptamine receptor 3B; Superoxide dismutase [Cu-Zn]; Synaptic vesicular amine transporter,Dopamine beta-hydroxylase; Amine oxidase [flavin-containing] A; Amine oxidase [flavin-containing] B; Catechol O-methyltransferase,"Solute carrier family 22 member 2; Solute carrier family 22 member 1; Solute carrier family 22 member 3; Organic cation/carnitine transporter 2; POU domain, class 5, transcription factor 1","For the correction of hemodynamic imbalances present in the shock syndrome due to myocardial infarction, trauma, endotoxic septicemia, open-heart surgery, renal failure, and chronic cardiac decompensation as in congestive failure",approved,"Dopamine is a precursor to norepinephrine in noradrenergic nerves and is also a neurotransmitter in certain areas of the central nervous system. Dopamine produces positive chronotropic and inotropic effects on the myocardium, resulting in increased heart rate and cardiac contractility. This is accomplished directly by exerting an agonist action on beta-adrenoceptors and indirectly by causing release of norepinephrine from storage sites in sympathetic nerve endings. In the brain, dopamine acts as an agonist to the five dopamine receptor subtypes (D1, D2, D3, D4, D5).",,
doxapram,vNo-DILI-Concern,CCN1CC(C(C1=O)(C2=CC=CC=C2)C3=CC=CC=C3)CCN4CCOCC4,0,Metabolic,Doxapram,R07AB01,R07A,Potassium channel subfamily K member 3; Potassium channel subfamily K member 9,,,For use as a temporary measure in hospitalized patients with acute respiratory insufficiency superimposed on chronic obstructive pulmonary disease.,approved; vet_approved,Doxapram produces respiratory stimulation mediated through the peripheral carotid chemoreceptors. It is thought to stimulate the carotid body by inhibiting certain potassium channels.,,
doxylamine,vNo-DILI-Concern,CC(C1=CC=CC=C1)(C2=CC=CC=N2)OCCN(C)C,0,Metabolic,Doxylamine,R06AA09,R06A,Histamine H1 receptor; Nuclear receptor subfamily 1 group I member 3; Muscarinic acetylcholine receptor,CYP2B protein,,"Used alone as a short-term sleep aid, in combination with other drugs as a night-time cold and allergy relief drug. Also used in combination with Vitamin B6 (pyridoxine) to prevent morning sickness in pregnant women.",approved; vet_approved,"Like other antihistamines, doxylamine acts by competitively inhibiting histamine at H1&nbsp;receptors. It also has substantial sedative and anticholinergic effects.",,
droperidol,vNo-DILI-Concern,C1CN(CC=C1N2C3=CC=CC=C3NC2=O)CCCC(=O)C4=CC=C(C=C4)F,0,Metabolic,Droperidol,N05AD08,N05A,Alpha-1A adrenergic receptor; D(2) dopamine receptor,,,Droperidol is used to produce tranquilization and to reduce the incidence of nausea and vomiting in surgical and diagnostic procedures.,approved; vet_approved,"The exact mechanism of action is unknown, however, droperidol causes a CNS depression at subcortical levels of the brain, midbrain, and brainstem reticular formation. It may antagonize the actions of glutamic acid within the extrapyramidal system. It may also inhibit cathecolamine receptors and the reuptake of neurotransmiters and has strong central antidopaminergic action and weak central anticholinergic action. It can also produce ganglionic blockade and reduced affective response. The main actions seem to stem from its potent Dopamine(2) receptor antagonism with minor antagonistic effects on alpha-1 adrenergic receptors as well.",,
dutasteride,vNo-DILI-Concern,C[C@]12CCC3[C@H]([C@@H]1CC[C@@H]2C(=O)NC4=C(C=CC(=C4)C(F)(F)F)C(F)(F)F)CC[C@@H]5[C@@]3(C=CC(=O)N5)C,0,Metabolic,Dutasteride,G04CB02,G04C,3-oxo-5-alpha-steroid 4-dehydrogenase 1; Polyprenal reductase; 3-oxo-5-alpha-steroid 4-dehydrogenase 2,Cytochrome P450 3A5,Sodium-dependent dopamine transporter; Synaptic vesicular amine transporter,"Indicated for the treatment of symptomatic benign prostatic hyperplasia (BPH) in men with an enlarged prostate gland to improve symptoms, and reduce the risk of acute urinary retention and the need for BPH-related surgery alone or in combination with [tamsulosin].[L10568]",approved; investigational,"The 5Î±-reductase is a nuclear-bound steroid intracellular enzyme primarily located in the prostatic stromal cell that converts the androgen testosterone into the more active metabolite, 5Î±-dihydrotestosterone (DHT).[A2132] DHT is considered to be the primary androgen playing a role in the initial development and subsequent enlargement of the prostate gland. It serves as the hormonal mediator for the hyperplasia upon accumulation within the prostate gland.[A178270] DHT displays a higher affinity towards androgen receptors in the prostate gland compared to testosterone[T28] and by acting on the androgen receptors, DHT modulates genes that are responsible for cell proliferation.[A178279] Responsible for the synthesis of approximately one-third of circulating DHT, type I 5Î±-reductase is predominant in the sebaceous glands of most regions of skin, including the scalp, and liver. The type II 5a-reductase isozyme is primarily found in the prostate, seminal vesicles, epididymides, and hair follicles as well as liver, and is responsible for two-thirds of circulating DHT.[L10568] Due to its dual inhibition of both isoenzymes of 5Î±-reductase, dutasteride causes a near-complete suppression of DHT.[A178348] Compared to a 70% reduction of serum DHT levels caused by [finasteride], a near-complete suppression of serum DHT-more than 90% is seen with dutasteride.[A178378]

By forming a stable complex with both type II and type II 5Î±-reductase, dutasteride inhibits its enzymatic action of converting testosterone to 5Î±-dihydrotestosterone (DHT), which is the androgen primarily responsible for the initial development and subsequent enlargement of the prostate gland. It is proposed that DHT is the principal androgen responsible for prostatic growth in later life-normal masculinization of the external genitalia and maturation of the prostate gland during development-thus reducing the serum DHT levels results in reduced prostatic volume and increased epithelial apoptosis.[A178375] Dutasteride is a competitive and specific inhibitor of both Type I and Type II 5Î±-reductase isoenzymes and when evaluated under _in vitro_ and _in vivo_ conditions, the dissociation of the drug from the drug-enzyme complex is reported to be extremely slow.[L10568] Dutasteride does not bind to the human androgen receptor.[L10568]",,
dyphylline,vNo-DILI-Concern,CN1C2=C(C(=O)N(C1=O)C)N(C=N2)CC(CO)O,0,Metabolic,Dyphylline,R03DA20,R03D,"3',5'-cyclic-AMP phosphodiesterase 4B; 5'-nucleotidase; 3',5'-cyclic-AMP phosphodiesterase 4A; 3',5'-cyclic-AMP phosphodiesterase 4C; 3',5'-cyclic-AMP phosphodiesterase 4D; Adenosine receptor A1; Adenosine receptor A2a",,,For relief of acute bronchial asthma and for reversible bronchospasm associated with chronic bronchitis and emphysema.,approved,"The bronchodilatory action of dyphylline, as with other xanthines, is thought to be mediated through competitive inhibition of phosphodiesterase with a resulting increase in cyclic AMP producing relaxation of bronchial smooth muscle as well as antagonism of adenosine receptors.",,
ecallantide,vNo-DILI-Concern,CC[C@H](C)[C@H]1C(=O)N[C@H](C(=O)NCC(=O)NCC(=O)N[C@H]2CSSC[C@H]3C(=O)N[C@H](C(=O)N[C@H](C(=O)N[C@H](C(=O)N[C@H](C(=O)N4CCC[C@H]4C(=O)N[C@H](C(=O)N[C@H](C(=O)N[C@H](C(=O)N[C@H](C(=O)N[C@H](C(=O)N[C@H](C(=O)N[C@H](C(=O)N[C@H](C(=O)N[C@H](C(=O)N[C@H](C(=O)N[C@@H](CSSC[C@@H](C(=O)N[C@H](C(=O)N[C@H](C(=O)N[C@H](C(=O)N[C@@H](CSSC[C@@H](C(=O)N[C@H](C(=O)N[C@H](C(=O)N[C@H](C(=O)N[C@H](C(=O)N[C@H](C(=O)N[C@H](C(=O)NCC(=O)N5CCC[C@H]5C(=O)N3)CC(=O)O)CC(=O)O)C)CCCCN)CC6=CC=CC=C6)C)NC(=O)[C@H](CC7=CC=CC=C7)NC(=O)[C@H](CO)NC(=O)[C@H](CC8=CN=CN8)NC(=O)[C@H](CCSC)NC(=O)[C@H](C)NC(=O)[C@H](CCC(=O)O)N)C(=O)N[C@@H]([C@H](C)O)C(=O)N[C@@H](CCCNC(=N)N)C(=O)N[C@@H](CC(=O)O)C(=O)O)CCSC)CCCCN)CCCCN)NC(=O)[C@@H](NC(=O)[C@@H](NC(=O)[C@@H](NC(=O)[C@@H](NC(=O)[C@@H](NC(=O)[C@@H](NC(=O)[C@@H](NC(=O)[C@@H](NC(=O)[C@@H](NC(=O)[C@@H](NC(=O)CNC(=O)[C@@H](NC2=O)CCC(=O)O)CC(=O)N)CCC(=O)N)CC(=O)N)CCCNC(=N)N)CC9=CC=CC=C9)CCC(=O)O)CO)CC(C)C)CCC(=O)O)CCC(=O)O)C(=O)N[C@H](C(=O)N[C@H](C(=O)N[C@H](C(=O)N1)CC1=CC=CC=C1)CCC(=O)O)CCC(=O)O)CCC(=O)N)CCCNC(=N)N)[C@H](C)O)CC1=CC=CC=C1)[C@@H](C)CC)CC(=O)N)CC1=CC=CC=C1)CC1=CC=CC=C1)CC1=CNC2=CC=CC=C21)CCCNC(=N)N)CC1=CN=CN1)C)C)CCCNC(=N)N)CC1=CC=C(C=C1)O,0,Metabolic,,,,,,,,,,,
edrophonium,vNo-DILI-Concern,CC[N+](C)(C)C1=CC(=CC=C1)O,0,Metabolic,Edrophonium,V04CX07,V04C,Cholinesterase; Acetylcholinesterase,,,For the differential diagnosis of myasthenia gravis and as an adjunct in the evaluation of treatment requirements in this disease. It may also be used for evaluating emergency treatment in myasthenic crises.,approved,"Edrophonium works by prolonging the action acetylcholine, which is found naturally in the body. It does this by inhibiting the action of the enzyme acetylcholinesterase. Acetylcholine stimulates nicotinic and muscarinic receptors. When stimulated, these receptors have a range of effects.",,
ephedrine,vNo-DILI-Concern,C[C@@H]([C@@H](C1=CC=CC=C1)O)NC,0,Metabolic,Ephedrine,S01FB02,S01F,D(2) dopamine receptor; Alpha-1A adrenergic receptor; Beta-1 adrenergic receptor; Beta-2 adrenergic receptor; Sodium-dependent noradrenaline transporter,Cholinesterase; Acetylcholinesterase,Synaptic vesicular amine transporter,"Ephedrine intravenous injections are indicated to treat hypotension under anesthesia,[L12972,L34645] ephedrine injections by multiple routes are indicated to treat allergic conditions such as bronchial asthma,[L12996] ephedrine nasal spray is and OTC medication used as a decongestant.[L12993]",approved,"Ephedrine is a direct and indirect sympathomimetic amine.[A193650] As a direct effect, ephedrine activates alpha-adrenergic and beta-adrenergic receptors. As an indirect effect, it inhibits norepinephrine reuptake and increases the release of norepinephrine from vesicles in nerve cells.[A193650] These actions combined lead to larger quantities of norepinephrine present in the synapse for more extended periods of time, increasing stimulation of the sympathetic nervous system.[A193650]

Ephedrine acts as an agonist of alpha-1, beta-1 and beta-2-adrenergic receptors. The stimulation of alpha-1-adrenergic receptors causes the constriction of veins and a rise in blood pressure, the stimulation of beta-1-adrenergic receptors increases cardiac chronotropy and inotropy, and the stimulation of beta-2-adrenergic receptors causes vasodilation and bronchodilation.[A193650]",,
epinephrine,vNo-DILI-Concern,CNC[C@@H](C1=CC(=C(C=C1)O)O)O,0,Metabolic,Epinephrine,A01AD01,A01A,Alpha-1A adrenergic receptor; Alpha-1B adrenergic receptor; Beta-1 adrenergic receptor; Beta-2 adrenergic receptor; Alpha-2A adrenergic receptor; Alpha-2B adrenergic receptor; Alpha-1D adrenergic receptor; Tumor necrosis factor,Cytochrome P450 2C9; Cytochrome P450 3A4; Catechol O-methyltransferase; Monoamine oxidase,Solute carrier family 22 member 2; Solute carrier family 22 member 1,"Epinephrine injection and nasal spray are indicated in the emergency treatment of type I allergic reactions, including anaphylaxis.[L41260, L51798] Epinephrine injection is also used to increase mean arterial blood pressure in adult patients with hypotension associated with septic shock.[L41260]

Epinephrine's cardiac effects may be of use in restoring cardiac rhythm in cardiac arrest due to various causes but is not used in cardiac failure or in hemorrhagic, traumatic, or cardiogenic shock [F1247].

Epinephrine is used as a hemostatic agent. It is so used in treating mucosal congestion of hay fever, rhinitis, and acute sinusitis; to relieve bronchial asthmatic paroxysms; in syncope due to complete heart block or carotid sinus hypersensitivity; for symptomatic relief of serum sickness, urticaria, angioneurotic edema; for resuscitation in cardiac arrest following anesthetic accidents; in simple (open-angle) glaucoma; for relaxation of uterine musculature and to inhibit uterine contractions. Epinephrine injection can be utilized to prolong the action of local anesthetics [F1247].

In addition to the above, epinephrine is used as an over the counter (OTC) agent for the intermittent symptoms of asthma, such as wheezing, tightness of chest and shortness of breath [F2131].  It is also used for the maintenance of mydriasis during intraocular surgery [L4825].",approved; vet_approved,"Epinephrine acts on alpha and beta-adrenergic receptors. Epinephrine acts on alpha and beta receptors and is the strongest alpha receptor activator [F1247]. Through its action on alpha-adrenergic receptors, epinephrine minimizes the vasodilation and increased the vascular permeability that occurs during anaphylaxis, which can cause the loss of intravascular fluid volume as well as hypotension.  Epinephrine relaxes the smooth muscle of the bronchi and iris and is a histamine antagonist, rendering it useful in treating the manifestations of allergic reactions and associated conditions [F2136]. This drug also produces an increase in blood sugar and increases glycogenolysis in the liver [F1247]. Through its action on beta-adrenergic receptors, epinephrine leads to bronchial smooth muscle relaxation that helps to relieve bronchospasm, wheezing, and dyspnea that may occur during anaphylaxis [FDA label].",,
epoetin alfa,vNo-DILI-Concern,C1=CC=C(C=C1)CC(CC(=O)CNC(=O)C2=CC=CC=C2)C(=O)O,0,Metabolic,,,,,,,,,,,
eptifibatide,vNo-DILI-Concern,C1CC2C(=O)NC(CSSCCC(=O)NC(C(=O)NCC(=O)NC(C(=O)NC(C(=O)N2C1)CC3=CNC4=CC=CC=C43)CC(=O)O)CCCCN=C(N)N)C(=O)N,0,Metabolic,,,,,,,,,,,
ergocalciferol,vNo-DILI-Concern,C[C@H](/C=C/[C@H](C)C(C)C)[C@H]1CC[C@@H]\2[C@@]1(CCC/C2=C\C=C/3\C[C@H](CCC3=C)O)C,0,Metabolic,Ergocalciferol,A11CC01,A11C,Vitamin D3 receptor; Voltage-dependent calcium channel,"Ribulose-phosphate 3-epimerase; Cholesterol side-chain cleavage enzyme, mitochondrial; 1,25-dihydroxyvitamin D(3) 24-hydroxylase, mitochondrial; 25-hydroxyvitamin D-1 alpha hydroxylase, mitochondrial; Sterol 26-hydroxylase, mitochondrial; Vitamin D 25-hydroxylase",,"Ergocalciferol is indicated for the treatment of hypoparathyroidism, refractory rickets, and familial hypophosphatemia.[FDA label]

Hypoparathyroidism is the result of inadequate parathyroid hormone production that occurs due to the presence of damage or removal of the parathyroid glands. This condition produces decreased calcium and increased phosphorus levels.[L6082]

Rickets is a condition produced due to a deficiency in vitamin D, calcium or phosphorus. However, this condition can also be related to renal diseases. It is characterized to present weak or soft bones.[A177664]

Familial hypophosphatemia is characterized by the impaired transport of phosphate and an altered vitamin D metabolism in the kidneys. The presence of this condition can derive in the presence of osteomalacia, bone softening and rickets.[L6085]",approved; nutraceutical,"For its activity, ergocalciferol is required to be transformed to its major active circulating hydroxylated metabolite and transported to the target organs in order to bind to its target, the vitamin D receptor.[T580]

The activation of the vitamin D receptor is part of the vitamin D endocrine system and it is described by the production of a change in the transcription rates of the vitamin D receptor target genes.[T580] The target genes in the DNA affected by the presence of ergocalciferol are called vitamin D response elements which are dependent on co-modulators.[A177637]

The vitamin D receptor is a transcription factor and member of the steroid hormone nuclear receptor family. It presents a DNA binding domain (VDRE) that, when activated, recruits coregulatory complexes to regulate the genomic activity.[A177637]

Additionally, ergocalciferol presents nongenomic effects such as the stimulation of intestinal calcium transport via transcaltachia.[A177637]",,
esmolol,vNo-DILI-Concern,CC(C)NCC(COC1=CC=C(C=C1)CCC(=O)OC)O,0,Metabolic,Esmolol,C07AB09,C07A,Beta-1 adrenergic receptor,Cytochrome P450 2D6,,"For the rapid control of ventricular rate in patients with atrial fibrillation or atrial flutter in perioperative, postoperative, or other emergent circumstances where short term control of ventricular rate with a short-acting agent is desirable. Also used in noncompensatory sinus tachycardia where the rapid heart rate requires specific intervention.",approved; withdrawn,"Similar to other beta-blockers, esmolol blocks the agonistic effect of the sympathetic neurotransmitters by competing for receptor binding sites. Because it predominantly blocks the beta-1 receptors in cardiac tissue, it is said to be cardioselective. In general, so-called cardioselective beta-blockers are relatively cardioselective; at lower doses they block beta-1 receptors only but begin to block beta-2 receptors as the dose increases. At therapeutic dosages, esmolol does not have intrinsic sympathomimetic activity (ISA) or membrane-stabilizing (quinidine-like) activity. Antiarrhythmic activity is due to blockade of adrenergic stimulation of cardiac pacemaker potentials. In the Vaughan Williams classification of antiarrhythmics, beta-blockers are considered to be class II agents.",,
estazolam,vNo-DILI-Concern,C1C2=NN=CN2C3=C(C=C(C=C3)Cl)C(=N1)C4=CC=CC=C4,0,Metabolic,Estazolam,N05CD04,N05C,GABA(A) Receptor; Translocator protein; GABA(A) Receptor Benzodiazepine Binding Site,Cytochrome P450 3A4,,"For the short-term management of insomnia characterized by difficulty in falling asleep, frequent nocturnal awakenings, and/or early morning awakenings.",approved; illicit,"Benzodiazepines bind nonspecifically to benzodiazepine receptors, which affects affects muscle relaxation, anticonvulsant activity, motor coordination, and memory. As benzodiazepine receptors are thought to be coupled to gamma-aminobutyric acid-A (GABA<sub>A</sub>) receptors, this enhances the effects GABA by increasing GABA affinity for the GABA receptor. Binding of the inhibitory neurotransmitter GABA to the site opens the chloride channel, resulting in a hyperpolarized cell membrane that prevents further excitation of the cell.",,
ethanolamine oleate,vNo-DILI-Concern,CCCCCCCC/C=C/CCCCCCCC(=O)O.C(CO)N,0,Metabolic,Ethanolamine oleate,C05BB01,C05B,Calcium ions; Coagulation factor XII,,,"For the treatment of patients with esophageal varices that have recently bled, to prevent rebleeding.",approved,"The oleic acid component of ethanolamine oleate is responsible for the inflammatory response, and may also activate coagulation in vivo by release of tissue factor and activation of Hageman factor. The ethanolamine component, however, may inhibit fibrin clot formation by chelating calcium, so that a procoagulant action of ethanolamine oleate has not been demonstrated.",,
etidronic acid,vNo-DILI-Concern,CC(O)(P(=O)(O)O)P(=O)(O)O,0,Metabolic,Etidronic acid,M05BB01,M05B,Hydroxylapatite; Receptor-type tyrosine-protein phosphatase S; V-type proton ATPase catalytic subunit A; ADP/ATP translocase 1; ADP/ATP translocase 2; ADP/ATP translocase 3,,,"Etidronate is indicated to treat Paget's disease of bone, as well as the treatment and prevention of heterotropic ossification after total hip replacement of spinal cord injury.[L13901]",approved,"Bisphosphonates are taken into the bone where they bind to hydroxyapatite. Bone resorption by osteoclasts causes local acidification, releasing the bisphosphonate, which is taken into the osteoclast by fluid-phase endocytosis.[A959] Endocytic vesicles become acidified, releasing bisphosphonates into the cytosol of osteoclasts where they act.[A959]

Osteoclasts mediate resorption of bone.[A6366] When osteoclasts bind to bone they form podosomes, ring structures of F-actin.[A6366] Disruption of the podosomes causes osteoclasts to detach from bones, preventing bone resorption.[A6366]

First generation bisphosphonates closely mimic the structure of pyrophosphate, which can be incorporated into ATP anologues that cannot be hydrolyzed, disrupting all ATP mediated actions of osteoclasts.[A203360]",,
etomidate,vNo-DILI-Concern,CCOC(=O)C1=CN=CN1C(C)C2=CC=CC=C2,0,Metabolic,Etomidate,N01AX07,N01A,Gamma-aminobutyric acid receptor subunit gamma-3; Gamma-aminobutyric acid receptor subunit alpha-1; Alpha-2B adrenergic receptor; GABA(A) Receptor,"Cytochrome P450 11B1, mitochondrial; Cytochrome P450 11B2, mitochondrial",,Used in the induction of general anesthesia.,approved,"Etomidate binds at a distinct binding site associated with a Cl<sup>-</sup> ionopore at the GABA<sub>A</sub> receptor, increasing the duration of time for which the Cl<sup>-</sup> ionopore is open. The post-synaptic inhibitory effect of GABA in the thalamus is, therefore, prolonged.",,
exametazime,vNo-DILI-Concern,C[C@@H](NCC(CN[C@@H](/C(=N/O)/C)C)(C)C)/C(=N/O)/C,0,Metabolic,Exametazime,,,,,,,approved,,,
exenatide,vNo-DILI-Concern,CC[C@H](C)[C@@H](C(=O)N[C@@H](CCC(=O)O)C(=O)N[C@@H](CC1=CNC2=CC=CC=C21)C(=O)N[C@@H](CC(C)C)C(=O)N[C@@H](CCCCN)C(=O)N[C@@H](CC(=O)N)C(=O)NCC(=O)NCC(=O)N3CCC[C@H]3C(=O)N[C@@H](CO)C(=O)N[C@@H](CO)C(=O)NCC(=O)N[C@@H](C)C(=O)N4CCC[C@H]4C(=O)N5CCC[C@H]5C(=O)N6CCC[C@H]6C(=O)N[C@@H](CO)C(=O)N)NC(=O)[C@H](CC7=CC=CC=C7)NC(=O)[C@H](CC(C)C)NC(=O)[C@H](CCCNC(=N)N)NC(=O)[C@H](C(C)C)NC(=O)[C@H](C)NC(=O)[C@H](CCC(=O)O)NC(=O)[C@H](CCC(=O)O)NC(=O)[C@H](CCC(=O)O)NC(=O)[C@H](CCSC)NC(=O)[C@H](CCC(=O)N)NC(=O)[C@H](CCCCN)NC(=O)[C@H](CO)NC(=O)[C@H](CC(C)C)NC(=O)[C@H](CC(=O)O)NC(=O)[C@H](CO)NC(=O)[C@H]([C@@H](C)O)NC(=O)[C@H](CC8=CC=CC=C8)NC(=O)[C@H]([C@@H](C)O)NC(=O)CNC(=O)[C@H](CCC(=O)O)NC(=O)CNC(=O)[C@H](CC9=CN=CN9)N,0,Metabolic,,,,,,,,,,,
fenoldopam,vNo-DILI-Concern,C1CNCC(C2=CC(=C(C(=C21)Cl)O)O)C3=CC=C(C=C3)O,0,Metabolic,Fenoldopam,C01CA19,C01C,D(1B) dopamine receptor; D(1A) dopamine receptor; Alpha-1B adrenergic receptor; Alpha-1D adrenergic receptor; Alpha-1A adrenergic receptor; Alpha-2B adrenergic receptor; Alpha-2C adrenergic receptor; Alpha-2A adrenergic receptor,,,"For the in-hospital, short-term (up to 48 hours) management of severe hypertension when rapid, but quickly reversible, emergency reduction of blood pressure is clinically indicated, including malignant hypertension with deteriorating end-organ function.",approved,"Fenoldopam is a rapid-acting vasodilator. It is an agonist for D<sub>1</sub>-like dopamine receptors and binds with moderate affinity to &alpha;<sub>2</sub>-adrenoceptors. It has no significant affinity for D<sub>2</sub>-like receptors, &alpha;<sub>1</sub> and &beta;-adrenoceptors, 5<sub>HT1</sub> and 5<sub>HT2</sub> receptors, or muscarinic receptors. Fenoldopam is a racemic mixture with the R-isomer responsible for the biological activity. The R-isomer has approximately 250-fold higher affinity for D<sub>1</sub>-like receptors than does the S-isomer. In non-clinical studies, fenoldopam had no agonist effect on presynaptic D<sub>2</sub>-like dopamine receptors, or &alpha; or &beta; -adrenoceptors, nor did it affect angiotensin-converting enzyme activity. Fenoldopam may increase norepinephrine plasma concentration.",,
ferumoxytol,vNo-DILI-Concern,O[Fe]=O.O[Fe]=O.[Fe],0,Metabolic,Ferumoxytol,,,,,,"This drug is indicated for the treatment of iron deficiency anemia in adult patients who have experienced intolerance to oral iron or have experienced an unsatisfactory response to oral iron or
who have chronic kidney disease (CKD) [FDA label].",approved; investigational,"Feraheme (ferumoxytol) is comprised of a superparamagnetic iron oxide that is coated with a carbohydrate shell, aiding in the isolation the bioactive iron from plasma components until the iron-carbohydrate complex enters the reticuloendothelial system macrophages of the liver, spleen and the bone marrow [L2190]. 

The iron is then released from the iron-carbohydrate complex within vesicles located in the macrophages. Iron then either enters the intracellular storage of iron (e.g., ferritin) or can be transferred to plasma transferrin for its transport to erythroid precursor cells for incorporation into hemoglobin [FDA label].

A therapeutic response to iron therapy depends upon the individual's iron stores and ability to utilize the iron. The systemic use of iron is influenced by the cause of the deficiency in addition to the illnesses/conditions that may affect erythropoiesis. Iron therapy by itself does not increase red blood cell (RBC) production. Administration of iron improves only the anemia associated with iron deficiency [L2190].
 
Iron-containing proteins and enzymes are essential in oxidation-reduction reactions, particularly those in the mitochondria. Iron is a part of myoglobin and various heme-enzymes, including the cytochromes, catalase, and peroxidase. Iron is an important component of the _metalloflavoprotein _enzymes as well as the mitochondrial enzyme _alpha-glycerophosphate oxidase_. In addition, iron serves as a cofactor for enzymes such as _aconitase _and tryptophan _pyrrolase_. Iron deficiency leads anemia and decreased oxygen delivery, but also reduces muscle metabolism and decreases mitochondrial activity [L2190]. 

Iron deficiency may also lead to defects in both learning and body thermoregulation. Therefore, iron is imperative to several metabolic functions in addition to erythropoiesis [L2190].

After intravenous administration, ferumoxytol replaces iron stores with less frequent side effects compared to the use of oral iron therapy. In addition,  this agent generates T1 relaxation, producing a magnetic field and enhancing T2 relaxation, thereby darkening contrast media-containing structures in magnetic resonance imaging (MRI). Due to small particle size, ferumoxytol remains in the intravascular space for a prolonged period and so may be used as a blood pool agent [L2182].   

T1 and T2, in radiology, refer to the timing of radiofrequency pulse sequences used to make images. The timing used to create T1 images results in images which emphasize fat tissue. The timing of radiofrequency pulse sequences utilized to create T2 images results in images which emphasize fat AND water within the body [L2189].",,
fesoterodine,vNo-DILI-Concern,CC(C)C(=O)OC1=C(C=C(C=C1)CO)[C@H](CCN(C(C)C)C(C)C)C2=CC=CC=C2.C(=C/C(=O)O)\C(=O)O,0,Metabolic,Fesoterodine,G04BD11,G04B,Muscarinic acetylcholine receptor M3; Muscarinic acetylcholine receptor M4; Muscarinic acetylcholine receptor M1; Muscarinic acetylcholine receptor M2; Muscarinic acetylcholine receptor M5,Cytochrome P450 2D6; Cytochrome P450 3A4,ATP-dependent translocase ABCB1,"Fesoterodine is indicated for the treatment of overactive bladder in adult patients with symptoms of urge urinary incontinence, urgency, and frequency.[L37624] It is also indicated in the treatment of neurogenic detrusor overactivity in pediatric patients ?? years old weighing >25 kg.[L37624]",approved,"Fesoterodine, once converted to its active metabolite, 5-hydroxymethyltolterodine, acts as a competitive antagonists at muscarinic receptors. This results in the inhibition of bladder contraction, decrease in detrusor pressure, and an incomplete emptying of the bladder.",,
fexofenadine,vNo-DILI-Concern,CC(C)(C1=CC=C(C=C1)C(CCCN2CCC(CC2)C(C3=CC=CC=C3)(C4=CC=CC=C4)O)O)C(=O)O,0,Metabolic,Fexofenadine,R06AX26,R06A,Histamine H1 receptor,,ATP-dependent translocase ABCB1; Solute carrier organic anion transporter family member 1B1; Solute carrier organic anion transporter family member 1B3; Solute carrier organic anion transporter family member 2B1; Solute carrier organic anion transporter family member 1A2; ATP-binding cassette sub-family C member 2; ATP-binding cassette sub-family C member 3; Organic anion transporter 3,"In the United States, fexofenadine is indicated for the symptomatic treatment of allergic rhinitis in patients ?? years old and chronic idiopathic urticaria in patients ?? months old.[L4269] In Canada, fexofenadine carries the same indications but is approved only for patients ??2 years old.[L10779] Fexofenadine is also available in combination with [pseudoephedrine] for the symptomatic treatment of season allergic rhinitis in patients ??2 years old.[L10800]",approved; investigational,"The H<sub>1</sub> histamine receptor is responsible for mediating hypersensitivity and allergic reactions. Exposure to an allergen results in degranulation of mast cells and basophils, which then release histamine and other inflammatory mediators. Histamine binds to, and activates, H<sub>1</sub> receptors, which results in the further release of pro-inflammatory cytokines, such as interleukins, from basophils and mast cells. These downstream effects of histamine binding are responsible for a wide variety of allergic symptoms, such as pruritus, rhinorrhea, and watery eyes.[A1495]

Fexofenadine is considered an ?œinverse agonist??of the H<sub>1</sub> receptor because it binds to and stabilizes the inactive form of the receptor, preventing its activation and subsequent downstream effects.[A1495] It has a potent and selective affinity for H<sub>1</sub> receptors, and there is no evidence that it carries antidopaminergic, antiserotonergic, anticholinergic, sedative, or adrenergic blocking activity.[L10779] Fexofenadine does not cross the blood-brain barrier and thus is unlikely to cause significant CNS effects.[L10779]",,
flavoxate,vNo-DILI-Concern,CC1=C(OC2=C(C1=O)C=CC=C2C(=O)OCCN3CCCCC3)C4=CC=CC=C4,0,Metabolic,Flavoxate,G04BD02,G04B,Muscarinic acetylcholine receptor M1; Muscarinic acetylcholine receptor M5; Muscarinic acetylcholine receptor M2,,,"For symptomatic relief of dysuria, urgency, nocturia, suprapubic pain, frequency and incontinence as may occur in cystitis, prostatitis, urethritis, urethrocystitis/urethrotrigonitis.",approved,"Flavoxate acts as a direct antagonist at muscarinic acetylcholine receptors in cholinergically innervated organs. Its anticholinergic-parasympatholytic action reduces the tonus of smooth muscle in the bladder, effectively reducing the number of required voids, urge incontinence episodes, urge severity and improving retention, facilitating increased volume per void.",,
fludarabine,vNo-DILI-Concern,C1=NC2=C(N1[C@H]3[C@H]([C@@H]([C@H](O3)COP(=O)(O)O)O)O)N=C(N=C2N)F,0,Metabolic,Fludarabine,L01BB05,L01B,DNA; Adenosine deaminase; Deoxycytidine kinase; DNA polymerase alpha catalytic subunit; Ribonucleoside-diphosphate reductase large subunit,,Equilibrative nucleoside transporter 1; Solute carrier family 28 member 3,For the treatment of adult patients with B-cell chronic lymphocytic leukemia (CLL) who have not responded to or whose disease has progressed during treatment with at least one standard alkylating-agent containing regimen,approved,"Fludarabine phosphate is rapidly dephosphorylated to 2-fluoro-ara-A and then phosphorylated intracellularly by deoxycytidine kinase to the active triphosphate, 2-fluoro-ara-ATP. This metabolite appears to act by inhibiting DNA polymerase alpha, ribonucleotide reductase and DNA primase, thus inhibiting DNA synthesis. The mechanism of action of this antimetabolite is not completely characterized and may be multi-faceted.",,
fludrocortisone,vNo-DILI-Concern,C[C@]12CCC(=O)C=C1CC[C@@H]3[C@@]2([C@H](C[C@]4([C@H]3CC[C@@]4(C(=O)CO)O)C)O)F,0,Metabolic,Fludrocortisone,S02CA07,S02C,Androgen receptor; Mineralocorticoid receptor; Glucocorticoid receptor,Cytochrome P450 3A4; 11-beta-hydroxysteroid dehydrogenase type 2; 11-beta-hydroxysteroid dehydrogenase 1,,Fludrocortisone is indicated as partial replacement therapy for primary or secondary adrenocortical insufficiency in Addison's disease. It is also indicated for the treatment of salt-losing androgenital syndrome.[L8971],approved; investigational,"The main endogenous mineralocorticoid, aldosterone, is produced in the zona glomerulosa of the adrenal cortex - it acts on mineralocorticoid receptors in the kidneys to increase sodium reabsorption and potassium excretion, which in turn helps to regulate plasma electrolyte composition and blood pressure.[T28] In conditions of adrenal insufficiency, such as Addison?™s disease, aldosterone is not produced (or is produced in insufficient quantities) and must be replaced by exogenous mineralocorticoids such as fludrocortisone.[A187187]

Fludrocortisone binding to mineralocorticoid receptors causes alterations to DNA transcription and translation of proteins that result in an increased density of sodium channels on the apical side of renal tubule cells and an increased density of Na<sup>+</sup>-K<sup>+</sup>-ATPase on the basolateral side.[T28] These increases in receptor density result in increased plasma sodium concentrations, and thus increased blood pressure, as well as a decreased plasma potassium concentration. Fludrocortisone may also exert a direct effect on plasma sodium levels via action at the Na<sup>+</sup>-H<sup>+</sup> exchanger found in the apical membrane of renal tubule cells.[T28]

Fludrocortisone also acts on glucocorticoid receptors, albeit with a much lower affinity - the glucocorticoid potency of fludrocortisone is approximately 5-10 times that of endogenous cortisol, whereas its mineralocorticoid potency is 200-400 times greater.[A5423]",,
flumazenil,vNo-DILI-Concern,CCOC(=O)C1=C2CN(C(=O)C3=C(N2C=N1)C=CC(=C3)F)C,0,Metabolic,Flumazenil,V03AB25,V03A,Translocator protein; Gamma-aminobutyric acid receptor subunit gamma-2; Gamma-aminobutyric acid receptor subunit alpha-2; Gamma-aminobutyric acid receptor subunit gamma-3; Gamma-aminobutyric acid receptor subunit alpha-3; Gamma-aminobutyric acid receptor subunit alpha-5; GABA(A) Receptor; Gamma-aminobutyric acid receptor subunit alpha-1,,,"For the complete or partial reversal of the sedative effects of benzodiazepines in cases where general anesthesia has been induced and/or maintained with benzodiazepines, and where sedation has been produced with benzodiazepines for diagnostic and therapeutic procedures. Also for the management of benzodiazepine overdose as an adjunct for appropriate supportive and symptomatic measures.",approved,"Flumazenil, an imidazobenzodiazepine derivative, is a benzodiazepine antagonist. It competitively inhibits the benzodiazepine binding site on the GABA/benzodiazepine receptor complex. Flumazenil is a weak partial agonist in some animal models of activity, but has little or no agonist activity in man.",,
fluorescein,vNo-DILI-Concern,C1=CC=C2C(=C1)C(=O)OC23C4=C(C=C(C=C4)O)OC5=C3C=CC(=C5)O,0,Metabolic,Fluorescein,S01JA01,S01J,Organic anion transporter 3; Immunoglobulin kappa variable 2-30; DNA,,Solute carrier family 22 member 6; Bile salt export pump; Multidrug resistance-associated protein 1,For diagnostic imaging. Primarily indicated in diagnostic fluorescein angiography or angioscopy of the fundus and of the iris vasculature.,approved,"Fluorescein sodium is used extensively as a diagnostic tool in the field of ophthalmology. Fluorescein is a fluorescent compound or fluorophore having a maximum absorbance of 494 m and an emission maximum of 521 nm. The yellowish-green fluorescence of the compound  can be used to demarcate the vascular area under observation, distinguishing it from adjacent areas. It is applied topically in the form of a drop or it can be injected intravenously to produce a fluorescein angiogram. Topical fluorescein is a useful tool in the diagnosis of corneal abrasions, corneal ulcers, herpetic corneal infections, and dry eye. Fluorescein angiography is used to diagnose and categorize macular degeneration, diabetic retinopathy, inflammatory intraocular conditions, and intraocular tumors.",,
folic acid,vNo-DILI-Concern,C1=CC(=CC=C1C(=O)N[C@@H](CCC(=O)O)C(=O)O)NCC2=CN=C3C(=N2)C(=O)N=C(N3)N,0,Metabolic,Folic acid,B03AE02,B03A,Proton-coupled folate transporter; Reduced folate transporter; Folate receptor gamma; Folate receptor beta; Folate receptor alpha,Gamma-glutamyl hydrolase; Methylenetetrahydrofolate reductase (NADPH); Dihydrofolate reductase,ATP-binding cassette sub-family C member 11; ATP-binding cassette sub-family C member 3; Solute carrier family 22 member 6; ATP-binding cassette sub-family C member 4; Broad substrate specificity ATP-binding cassette transporter ABCG2; Proton-coupled folate transporter; Solute carrier family 25 member 32,"Folic acid is indicated for the treatment of folic acid deficiency, megaloblastic anemia, and in anemias of nutritional origins, pregnancy, infancy, or childhood.",approved; nutraceutical; vet_approved,"Folic acid, as it is biochemically inactive, is converted to tetrahydrofolic acid and methyltetrahydrofolate by dihydrofolate reductase (DHFR). These folic acid congeners are transported across cells by receptor-mediated endocytosis where they are needed to maintain normal erythropoiesis, synthesize purine and thymidylate nucleic acids, interconvert amino acids, methylate tRNA, and generate and use formate. Using vitamin B12 as a cofactor, folic acid can normalize high homocysteine levels by remethylation of homocysteine to methionine via methionine synthetase.",,
frovatriptan,vNo-DILI-Concern,CN[C@@H]1CCC2=C(C1)C3=C(N2)C=CC(=C3)C(=O)N,0,Metabolic,Frovatriptan,N02CC07,N02C,5-hydroxytryptamine receptor 1D; 5-hydroxytryptamine receptor 1B,Cytochrome P450 1A2,,For the acute treatment of migraine attacks with or without aura in adults.,approved; investigational,"Three distinct pharmacological actions have been implicated in the antimigraine effect of the triptans: (1) stimulation of presynaptic 5-HT<sub>1D</sub> receptors, which serves to inhibit both dural vasodilation and inflammation; (2) direct inhibition of trigeminal nuclei cell excitability via 5-HT<sub>1B/1D</sub> receptor agonism in the brainstem and (3) vasoconstriction of meningeal, dural, cerebral or pial vessels as a result of vascular 5-HT<sub>1B</sub> receptor agonism.",,
gadobenate dimeglumine,vNo-DILI-Concern,CNC[C@@H]([C@H]([C@@H]([C@@H](CO)O)O)O)O.CNC[C@@H]([C@H]([C@@H]([C@@H](CO)O)O)O)O.C1=CC=C(C=C1)COCC(C(=O)[O-])N(CCN(CCN(CC(=O)O)CC(=O)[O-])CC(=O)[O-])CC(=O)O.[Gd+3],0,Metabolic,,,,,,,,,,,
gadofosveset trisodium,vNo-DILI-Concern,C1CC(CCC1OP(=O)([O-])OC[C@@H](CN(CCN(CC(=O)[O-])CC(=O)[O-])CC(=O)[O-])N(CC(=O)[O-])CC(=O)[O-])(C2=CC=CC=C2)C3=CC=CC=C3.O.[Na+].[Na+].[Na+].[Gd+3],0,Metabolic,Gadofosveset trisodium,V08CA11,V08C,Albumin,,,Gadofosveset trisodium is indicated for use as a contrast agent in magnetic resonance angiography (MRA) to evaluate aortoiliac occlusive disease (AIOD) in adults with known or suspected peripheral vascular disease.,approved,Gadofosveset binds reversibly to endogenous serum albumin resulting in longer vascular residence time than non-protein binding contrast agents. The binding to serum albumin also increases the magnetic resonance relaxivity of gadofosveset and decreases the relaxation time (Tl) of water protons resulting in an increase in signal intensity (brightness) of blood.,,
gadopentetate dimeglumine,vNo-DILI-Concern,CNC[C@@H]([C@H]([C@@H]([C@@H](CO)O)O)O)O.CNC[C@@H]([C@H]([C@@H]([C@@H](CO)O)O)O)O.C(CN(CC(=O)O)CC(=O)[O-])N(CCN(CC(=O)O)CC(=O)[O-])CC(=O)[O-].[Gd+3],0,Metabolic,,,,,,,,,,,
gadoteridol,vNo-DILI-Concern,CC(CN1CCN(CCN(CCN(CC1)CC(=O)[O-])CC(=O)[O-])CC(=O)[O-])O.[Gd+3],0,Metabolic,Gadoteridol,V08CA04,V08C,,,,"Gadoteridol is indicated for use with magnetic resonance imaging (MRI) in order to visualize lesions with disrupted blood-brain barrier and/or abnormal vascularity in the brain, spine, and associated tissues in adult and pediatric patients, including term neonates.[L49871] It is also indicated for visualization of lesions in the head and neck in adult patients.[L49871]",approved; investigational,"Gadoteridol is a paramagnetic agent and, as such, develops a magnetic moment when placed in a magnetic field. The relatively large magnetic moment produced by the paramagnetic agent results in a relatively large local magnetic field, which can enhance the relaxation rates of water protons in the vicinity of the paramagnetic agent.[L49871]

In MRI, visualization of normal and pathologic brain tissue depends, in part, on variations in the radiofrequency signal intensity that occur with: 1) differences in proton density; 2) differences of the spinlattice or longitudinal relaxation times (T1); and 3) differences in the spin-spin or transverse relaxation time (T2). When placed in a magnetic field, gadoteridol decreases T1 relaxation times in the target tissues. At recommended doses, the effect is observed with greatest sensitivity in the T1-weighted sequences.[L49871]",,
gadoversetamide,vNo-DILI-Concern,COCCNC(=O)CN(CCN(CCN(CC(=O)NCCOC)CC(=O)[O-])CC(=O)[O-])CC(=O)[O-].[Gd+3],0,Metabolic,Gadoversetamide,V08CA06,V08C,,,,"Gadoversetamide is an MRI contrast agent used for MRI diagnostic procedures to provide increased enhancement and visualization of lesions of the brain, spine and liver, including tumors.",approved; investigational,"Based on the behavior of protons when placed in a strong magnetic field, which is interpreted and transformed into images by magnetic resonance (MR) instruments. MR images are based primarily on proton density and proton relaxation dynamics. MR instruments are sensitive to two different relaxation processes, the T1 (spin-lattice or longitudinal relaxation time) and T2 (spin-spin or transverse relaxation time). Paramagnetic agents contain one or more unpaired electrons that enhance the T1 and T2 relaxation rates of protons in their molecular environment. In MRI, visualization of normal and pathological brain, spinal and hepatic tissue depends in part on variations in the radio frequency signal intensity that occur with changes in proton density, alteration of the T1, and variation in T2. When placed in a magnetic field, gadoversetamide shortens the T1 and T2 relaxation times in tissues where it accumulates. At the recommended dose, the effect is primarily on T1 relaxation time, and produces an increase in signal intensity (brightness). Gadoversetamide does not cross the intact blood-brain barrier; therefore, it does not accumulate in normal brain tissue or in CNS lesions that may have a normal blood-brain barrier (e.g., cysts, mature post-operative scars). Abnormal vascularity or disruption of the blood-brain barrier allows accumulation of gadoversetamide in lesions such as neoplasms, abscesses, and subacute infarcts.",,
gamma hydroxybutyric acid,vNo-DILI-Concern,C(CC(=O)[O-])CO.[Na+],0,Metabolic,gamma-Hydroxybutyric acid,,,"Gamma-aminobutyric acid type B receptor subunit 1; Gamma-aminobutyric acid type B receptor subunit 2; GABA(B) Receptor; Solute carrier family 52, riboflavin transporter, member 2",,Monocarboxylate transporter 2; Monocarboxylate transporter 1; Monocarboxylate transporter 4,"Used as a general anesthetic, to treat conditions such as insomnia, clinical depression, narcolepsy, and alcoholism, and to improve athletic performance.",approved; illicit; investigational,"GHB is present at much higher concentrations in the brain, where it activates GABA-B receptors to exert its sedative effects. With high affinity, GHB binds to excitatory GHB receptors that are densely expressed throughout the brain, including the cotex and hippocampus. There is some evidence in research that upon activation of GHB receptors in some brain areas, the excitatory neurotransmitter glutamate is released. GHB stimulates dopamin release at low concentrations by acting on the GHB receptor, and the release of dopamine occurs in a biphasic manner. At higher concentrations, GHB inhibits dopamine release by acting on the GABA-B receptors, which is followed by GHB receptor signaling and increased release of dopamine. This explains the paradoxical mix of sedative and stimulatory properties of GHB, as well as the so-called ""rebound"" effect, experienced by individuals using GHB as a sleeping agent, wherein they awake suddenly after several hours of GHB-induced deep sleep. It is proposed that overtime, the level of GHB in the brain decreases below the threshold for significant GABA-B receptor activation, leading to preferential activation of GHB receptor over GABA-B receptors and enhanced wakefulness.",,
ganirelix acetate,vNo-DILI-Concern,CCNC(=NCCCC[C@H](C(=O)N[C@@H](CC(C)C)C(=O)N[C@@H](CCCCN=C(NCC)NCC)C(=O)N1CCC[C@H]1C(=O)N[C@H](C)C(=O)N)NC(=O)[C@H](CC2=CC=C(C=C2)O)NC(=O)[C@H](CO)NC(=O)[C@@H](CC3=CN=CC=C3)NC(=O)[C@@H](CC4=CC=C(C=C4)Cl)NC(=O)[C@@H](CC5=CC6=CC=CC=C6C=C5)NC(=O)C)NCC,0,Metabolic,,,,,,,,,,,
glycopyrrolate,vNo-DILI-Concern,C[N+]1(CCC(C1)OC(=O)C(C2CCCC2)(C3=CC=CC=C3)O)C,0,Metabolic,Glycopyrronium,R03AL09,R03A,Muscarinic acetylcholine receptor M1; Muscarinic acetylcholine receptor M3; Muscarinic acetylcholine receptor M2; Muscarinic acetylcholine receptor M4; Muscarinic acetylcholine receptor M5,Cytochrome P450 2D6; Cytochrome P450 1A2; Cytochrome P450 2B6; Cytochrome P450 2C9; Cytochrome P450 2C18; Cytochrome P450 2C19; Cytochrome P450 3A4,Solute carrier family 22 member 2; Multidrug and toxin extrusion protein 1,"Glycopyrronium formulated as a topical cloth is indicated to treat primary axillary hyperhidrosis in patients ?? years,[L4755] and an inhalational solution is indicated for long term maintenance of airflow obstruction in COPD.[L33105] A glycopyrronium intravenous and intramuscular injection is indicated in adults and pediatric patients to reduce the volume and acidity of gastric secretions, reduce airway secretions, and block cardiac inhibitory reflexes during the induction of anesthesia and intubation; to treat surgically-induced, drug-induced, or vagal reflex associated arrhythmias intraoperatively; and to prevent peripheral muscarinic effects of cholinergic drugs.[L33120] The same injection is indicated in adults as an adjunct therapy in the treatment of peptic ulcers, as is an orally disintegrating tablet formulation.[L33120,L39615] An oral solution is indicated to treat excessive drooling associated with neurologic conditions in patients aged 3-16 years.[L33140] Glycopyrronium and [budesonide][L33145] can be formulated with [formoterol] fumarate for the maintenance of COPD.[L33150]",approved; investigational; vet_approved,"Glycopyrronium is a muscarinic antagonist with the highest affinity for M1 receptors, followed by M3, M2/M4, and M5.[L33115] 

Muscarinic receptors M1 to M4 are found in the lung, although M3 is predominantly responsible for bronchoconstriction and airway secretions.[A18287,L33145,L33115] Secretions from salivary[A233545] and sweat[A233550] glands, as well as gastric acid secretions,[A233555] are also predominantly mediated by the M3 receptor. Salivary[A233545] and gastric acid[A233555] secretions are also partially mediated by the M1 receptor. Antagonism of these receptors decreases the volume of their respective secretions, and in the case of the gastrointestinal system, reduces the acidity of the stomach.[A233560]

In the cardiovascular system, muscarinic receptors M1 to M5 are all present, however the function of M5 has not been described in literature.[A233560] Under normal circumstances, stimulation of the vagal nerve lowers the heart rate, potentially leading to intraoperative bradycardia.[A233560] Studies in mice suggest that this stimulation is predominantly mediated by the M3 receptor, and mutant knockout mice are not susceptible to these effects.[A233560]",,
guaifenesin,vNo-DILI-Concern,COC1=CC=CC=C1OCC(CO)O,0,Metabolic,Guaifenesin,R05CA03,R05C,NMDA receptor,,,"Guaifenesin is an expectorant that is indicated for providing temporary symptomatic relief from congested chests and coughs which may be due to a cold, bronchitis, and/or other breathing illnesses [FDA Label, F4510, L6079].",approved; investigational; vet_approved,"Although the exact mechanism of action of guaifenesin may not yet be formally or totally elucidated, it is believed that expectorants like guaifenesin function by increasing mucus secretion [A177661]. Moreover, it is also further proposed that such expectorants may also act as an irritant to gastric vagal receptors, and recruit efferent parasympathetic reflexes that can elicit glandular exocytosis that is comprised of a less viscous mucus mixture [A177661]. Subsequently, these actions may provoke coughing that can ultimately flush difficult to access, congealed mucopurulent material from obstructed small airways to facilitate a temporary improvement for the individual [A177661].

Consequently, while it is generally proposed that guaifenesin functions as an expectorant by helping to loosen phlegm (mucus) and thin bronchial secretions to rid the bronchial passageways of bothersome mucus and make coughs more productive, there has also been research to suggest that guaifenesin possesses and is capable of demonstrating anticonvulsant and muscle relaxant effects to some degree possibly by acting as an NMDA receptor antagonist [A177652].",,
guanethidine,vNo-DILI-Concern,C1CCCN(CCC1)CCN=C(N)N,0,Metabolic,Guanethidine,S01EX01,S01E,Sodium-dependent noradrenaline transporter,,,"For the treatment of moderate and severe hypertension, either alone or as an adjunct, and for the treatment of renal hypertension.",approved,"Guanethidine acts at the sympathetic neuroeffector junction by inhibiting or interfering with the release and/or distribution of norepinephrine (NE), rather than acting at the effector cell by inhibiting the association of norepinephrine with its receptors. It is taken up by norepinephrine transporters to be concentrated within the transmitter vesicles in place of NE, leading to gradual depletion of NE stores in the nerve endings. Guanethidine at the nerve terminal blocks the release of noradrenaline in response to an action potential. In contrast to ganglionic blocking agents, Guanethidine suppresses equally the responses mediated by alpha-and beta-adrenergic receptors but does not produce parasympathetic blockade. Since sympathetic blockade results in modest decreases in peripheral resistance and cardiac output, Guanethidine lowers blood pressure in the supine position. It further reduces blood pressure by decreasing the degree of vasoconstriction that normally results from reflex sympathetic nervous activity upon assumption of the upright posture, thus reducing venous return and cardiac output more.",,
histamine diphosphate,vNo-DILI-Concern,C1=C(NC=N1)CCN.OP(=O)(O)O.OP(=O)(O)O,0,Metabolic,Cocarboxylase,,,"RNA; Acetolactate synthase, catabolic; Pyruvate dehydrogenase E1 component; Pyruvate synthase; Indole-3-pyruvate decarboxylase; N(2)-(2-carboxyethyl)arginine synthase; Transketolase 1",Benzoylformate decarboxylase; Pyruvate oxidase,,,approved; experimental,,,
hydrocortisone,vNo-DILI-Concern,C[C@]12CCC(=O)C=C1CC[C@@H]3[C@@H]2[C@H](C[C@]4([C@H]3CC[C@@]4(C(=O)CO)O)C)O,0,Metabolic,Hydrocortisone,S01CB03,S01C,Glucocorticoid receptor; Annexin A1,"Cytochrome P450 3A4; Cytochrome P450 3A5; Cytochrome P450 3A7; Cytochrome P450 11B1, mitochondrial; Cytochrome P450 11B2, mitochondrial; Cytochrome P450 2C8; Aldo-keto reductase family 1 member D1; 3-oxo-5-alpha-steroid 4-dehydrogenase 2; 11-beta-hydroxysteroid dehydrogenase type 2; 11-beta-hydroxysteroid dehydrogenase 1; Cytochrome P450 2A6; Cytochrome P450 1B1; Cytochrome P450 2B6; Cytochrome P450 2C9; Cytochrome P450 2C19",ATP-dependent translocase ABCB1; Solute carrier organic anion transporter family member 1A2; Organic anion transporter 3,"Otic solutions are indicated for infections of the external auditory canal caused by susceptible organisms and with inflammation.[L10529,L10532] Hydrocortisone tablets are indicated for certain endocrine, rheumatic, collagen, allergic, ophthalmic, respiratory, hematologic, neoplastic, edematous, gastrointestinal, and other conditions.[L10535] A hydrocortisone enema is indicated for ulcerative colitis,[L10538] a topical ointment with antibiotics is indicated for corticosteroid responsive dermatoses with infections,[L7772] and a topical cream with [acyclovir] is indicated to treat cold sores.[L7321] Oral granules of hydrocortisone are used as a replacement therapy for Adrenocortical Insufficiency (AI) in children under 17 years of age.[L16533]",approved; vet_approved,"The short-term effects of corticosteroids are decreased vasodilation and permeability of capillaries, as well as decreased leukocyte migration to sites of inflammation.[A187463] Corticosteroids binding to the glucocorticoid receptor mediates changes in gene expression that lead to multiple downstream effects over hours to days.[A187463]

Glucocorticoids inhibit neutrophil apoptosis and demargination; they inhibit phospholipase A2, which decreases the formation of arachidonic acid derivatives; they inhibit NF-Kappa B and other inflammatory transcription factors; they promote anti-inflammatory genes like interleukin-10.[A187463]

Lower doses of corticosteroids provide an anti-inflammatory effect, while higher doses are immunosuppressive.[A187463] High doses of glucocorticoids for an extended period bind to the mineralocorticoid receptor, raising sodium levels and decreasing potassium levels.[A187463]",,
hydroxyzine,vNo-DILI-Concern,C1CN(CCN1CCOCCO)C(C2=CC=CC=C2)C3=CC=C(C=C3)Cl,0,Metabolic,Hydroxyzine,N05BB01,N05B,Histamine H1 receptor; Voltage-gated inwardly rectifying potassium channel KCNH2,Cytochrome P450 3A4; Cytochrome P450 3A5; Cytochrome P450 2D6,ATP-dependent translocase ABCB1,"Hydroxyzine is indicated for the symptomatic relief of anxiety and tension associated with psychoneuroses, and as an adjunct in organic disease states in which anxiety is manifested.[L9677] It is also indicated in the treatment of histamine-mediated pruritus and pruritus due to allergic conditions such as chronic urticaria.[L9677]

Canadian labeling states that hydroxyzine is also indicated in adults and children as a premedication prior to medical procedures, such as dental surgery.[L9680] It is also used in the control of nausea and vomiting, excluding nausea and vomiting of pregnancy.[L9680]",approved,"The H<sub>1</sub> histamine receptor is responsible for mediating hypersensitivity and allergic reactions. Exposure to an allergen results in degranulation of mast cells and basophils, which then release histamine and other inflammatory mediators. Histamine binds to, and activates, H<sub>1</sub> receptors, which results in the further release of pro-inflammatory cytokines, such as interleukins, from basophils and mast cells. These downstream effects of histamine binding are responsible for a wide variety of allergic symptoms, such as pruritus, rhinorrhea, and watery eyes.[A1495]

Hydroxyzine is a potent inverse agonist of histamine H<sub>1</sub>-receptors[A1257] - inverse agonists are agents that are considered to have a ""negative efficacy"", so rather than simply blocking activity at a receptor they actively dampen its activity.[T707] Inverse agonism at these receptors is responsible for hydroxyzine's efficacy in the treatment of histaminic edema, flare, and pruritus.

Hydroxyzine is not a cortical depressant, so its sedative properties likely occur at the subcortical level of the CNS.[L9677] These sedative properties allow activity as an anxiolytic. Antiemetic efficacy is likely secondary to activity at off-targets.[A189753]",,
ibandronate,vNo-DILI-Concern,CCCCCN(C)CCC(O)(P(=O)(O)O)P(=O)(O)O,0,Metabolic,Ibandronate,M05BA06,M05B,Hydroxylapatite; Geranylgeranyl pyrophosphate synthase; Farnesyl pyrophosphate synthase,,,"For the treatment and prevention of osteoporosis in postmenopausal women.[L13805,L13808]",approved; investigational,"Bisphosphonates are taken into the bone where they bind to hydroxyapatite. Bone resorption by osteoclasts causes local acidification, releasing the bisphosphonate, which is taken into the osteoclast by fluid-phase endocytosis.[A959] Endocytic vesicles become acidified, releasing bisphosphonates into the cytosol of osteoclasts where they act.[A959]

Osteoclasts mediate resorption of bone.[A6366] When osteoclasts bind to bone they form podosomes, ring structures of F-actin.[A6366] Disruption of the podosomes causes osteoclasts to detach from bones, preventing bone resorption.[A6366]

Nitrogen containing bisphosphonates such as ibandronate are known to induce apoptosis of hematopoietic tumor cells by inhibiting the components of the mevalonate pathway farnesyl diphosphate synthase, farnesyl diphosphate, and geranylgeranyl diphosphate.[A202769,A203147] These components are essential for post-translational prenylation of GTP-binding proteins like Rap1.[A202769] The lack of prenylation of these proteins interferes with their function, and in the case of Rap1, leads to apoptosis.[A202769] ibandronate also activated caspase-3 which contribute to apoptosis.[A203150]",,
ibutilide,vNo-DILI-Concern,CCCCCCCN(CC)CCCC(C1=CC=C(C=C1)NS(=O)(=O)C)O,0,Metabolic,Ibutilide,C01BD05,C01B,Voltage-dependent L-type calcium channel subunit alpha-1C; Voltage-dependent L-type calcium channel subunit beta-1; Voltage-gated inwardly rectifying potassium channel KCNH2; Voltage-dependent calcium channel subunit alpha-2/delta-1; Voltage-dependent calcium channel gamma-1 subunit; Potassium channel subfamily K member 1; Potassium channel subfamily K member 6; Voltage-gated inwardly rectifying potassium channel KCNH6; Voltage-gated inwardly rectifying potassium channel KCNH7; ATP-sensitive inward rectifier potassium channel 11,,,Indicated for the rapid conversion of atrial fibrillation or atrial flutter of recent onset to sinus rhythm.,approved,"Ibutilide is a 'pure' class III antiarrhythmic drug, used intravenously against atrial flutter and fibrillation. At a cellular level it exerts two main actions: induction of a persistent Na+ current sensitive to dihydropyridine Ca<sup>2+</sup> channel blockers and potent inhibition of the cardiac rapid delayed rectifier K<sup>+</sup> current, by binding within potassium channel pores. In other words, Ibutilide binds to and alters the activity of hERG potassium channels, delayed inward rectifier potassium (IKr) channels and L-type (dihydropyridine sensitive) calcium channels",,
indocyanine green,vNo-DILI-Concern,CC1(C(=[N+](C2=C1C3=CC=CC=C3C=C2)CCCCS(=O)(=O)[O-])C=CC=CC=CC=C4C(C5=C(N4CCCCS(=O)(=O)[O-])C=CC6=CC=CC=C65)(C)C)C.[Na+],0,Metabolic,Indocyanine green,V04CX01,V04C,,,,,approved; experimental,,,
iodipamide meglumine,vNo-DILI-Concern,C1=C(C(=C(C(=C1I)NC(=O)CCCCC(=O)NC2=C(C=C(C(=C2I)C(=O)O)I)I)I)C(=O)O)I,0,Metabolic,,,,,,,,,,,
iothalamate sodium,vNo-DILI-Concern,CC(=O)NC1=C(C(=C(C(=C1I)C(=O)O)I)C(=O)NC)I,0,Metabolic,,,,,,,,,,,
ioversol,vNo-DILI-Concern,C(CO)N(C1=C(C(=C(C(=C1I)C(=O)NCC(CO)O)I)C(=O)NCC(CO)O)I)C(=O)CO,0,Metabolic,Ioversol,V08AB07,V08A,,,,"As the product Optiray 300, the intra-arterial use of ioversol is indicated for cerebral arteriography and peripheral arteriography in adults, while its intravenous use is indicated for CT imaging of the head and body, venography, and intravenous excretory urography in adults.[L41780]

As the product Optiray 320, the intra-arterial use of ioversol is indicated for cerebral arteriography, peripheral arteriography, visceral and renal arteriography, aortography, coronary arteriography, and left ventriculography in adults, and angiocardiography in pediatic patients.[L41780] The intravenous use of this product is indicated for CT imaging of the head and body, venography, and intravenous excretory urography in adults and CT imaging of the head and body, and intravenous excretory urography in pediatric patients.[L41780]

As the product Optiray 350, the intra-arterial use of ioversol is indicated for peripheral arteriography coronary arteriography, and left ventriculography in adults, and angiocardiography in pediatic patients.[L41780] The intravenous use of this product is indicated for CT imaging of the head and body, venography, intravenous excretory urography, and intravenous digital subtraction angiography (IV-DSA) in adults and CT imaging of the head and body, and intravenous excretory urography in pediatric patients.[L41780]",approved,"Ioversol is a highly soluble non-ionic ionidated contrast agent. Intravascular injection of ioversol opacifies those vessels in the path of the flow of the contrast medium, allowing the radiographic visualization of the internal structures until significant hemodilution occurs.[L41780] In imaging procedures, ioversol diffuses from the vascular to the extravascular space. In brains with an intact blood-brain barrier, this agent does not diffuse to the extravascular space. However, in patients with a disrupted blood-brain barrier, ioversol accumulates in the interstitial space of the disrupted region.[L41780] As the product Optiray, ioversol enhances computed tomographic imaging through augmentation of radiographic efficiency with the degree of density enhancement directly related to the iodine content in an administered dose.[L41785]",,
isoproterenol,vNo-DILI-Concern,CC(C)NCC(C1=CC(=C(C=C1)O)O)O,0,Metabolic,Isoprenaline,C01CA02,C01C,Beta-1 adrenergic receptor; Interleukin-12 subunit beta; Beta-2 adrenergic receptor; Beta-3 adrenergic receptor; Superoxide dismutase [Cu-Zn],Cytochrome P450 1A1; Cytochrome P450 1B1; Catechol O-methyltransferase; Cholinesterase,,"Isoprenaline is indicated to treat mild or transient episodes of heart block not requiring electric shock or pacemakers, serious episodes of heart block and Adams-Stokes attacks not caused by ventricular tachycardia or fibrillation, and bronchospasm during anesthesia.[L33160] Isoprenaline is also indicated for cases of cardiac arrest until preferable treatments like electric shock and pacemakers are available.[L33160] Isoprenaline is also indicated as an adjunct therapy to fluid and electrolyte replacement therapy in hypovolemic shock, septic shock, hypoperfusion, congestive heart failure, and cardiogenic shock.[L33160]",approved; investigational,"Isoprenaline is a non-selective beta adrenergic receptor agonist.[A15638] Agonism of beta-1 and beta-2 adrenergic receptors causes the alpha subunit of G-protein coupled receptors to exchange GMP for GTP, activating them, and allowing the alpha subunit to dissociate from the beta and gamma subunits.[A233584,A233644] Dissociation of the alpha subunit activates adenylate cyclase, converting ATP to cyclic AMP.[A233584] Cyclic AMP activates protein kinase A (PKA), which phosphorylates cardiac L-type calcium channels such as Ca<sub>v</sub>1.2.[A233584,A233629,A233644] These channels depolarize cells by inward active transport of calcium ions.[A233629,A233644]

Agonism of beta-1 adrenergic receptors lead to increased strength of contractility, conduction of nerve impulses, speed of relaxation, and rate in the heart.[A233584] 

Agonism of beta-2 adrenergic receptors leads to glycogenolysis in the liver,[A233649] glucagon release from the pancreas, and activation of the renin-angiotensin-aldosterone system.[A233584]

In the alveoli, agonism of beta-2 adrenergic receptors, activates similar pathways to the heart, however the end result is regulation of sodium channels, the cystic fibrosis transmembrane conductance regulator (CFTR), and sodium potassium ATPase.[A233714] PKA phosphorylates scaffolding proteins and sodium channels, increasing the number of sodium channels on the apical side of alveolar cells and increasing active transport of sodium ions into cells.[A233714] Agonism of beta-2 adrenergic receptors can also increase chloride ion transport across CFTR.[A233714] Together, these actions lead to passive transport of water out of the alveoli, and the clearance of alveolar fluid.[A233714]",,
isosorbide dinitrate,vNo-DILI-Concern,C1[C@H]([C@@H]2[C@H](O1)[C@H](CO2)O[N+](=O)[O-])O[N+](=O)[O-],0,Metabolic,Isosorbide dinitrate,C01DA08,C01D,Atrial natriuretic peptide receptor 1,Cytochrome P450 2E1,,For the prevention of angina pectoris due to coronary artery disease.,approved; investigational,"Isosorbide dinitrate is converted to the active nitric oxide to activate guanylate cyclase. This activation increases levels of cyclic guanosine 3',5'-monophosphate (cGMP). cGMP activates protein kinases and causes a series of phosphorylation reactions which leads to dephosphorylation of myosin light chains of smooth muscle fibres. Finally there is a release of calcium ions which causes smooth muscle relaxation and vasodilation.",,
isoxsuprine,vNo-DILI-Concern,CC(COC1=CC=CC=C1)NC(C)C(C2=CC=C(C=C2)O)O,0,Metabolic,Isoxsuprine,C04AA01,C04A,,,,,approved; withdrawn,,,
kanamycin,vNo-DILI-Concern,C1[C@H]([C@@H]([C@H]([C@@H]([C@H]1N)O[C@@H]2[C@@H]([C@H]([C@@H]([C@H](O2)CN)O)O)O)O)O[C@@H]3[C@@H]([C@H]([C@@H]([C@H](O3)CO)O)N)O)N,0,Metabolic,Kanamycin,S01AA24,S01A,30S ribosomal protein S12; 16S ribosomal RNA,Aminoglycoside 2'-N-acetyltransferase; Kanamycin nucleotidyltransferase; Aminoglycoside 3'-phosphotransferase,,"For treatment of infections where one or more of the following are the known or suspected pathogens: <i>E. coli</i>, <i>Proteus</i> species (both indole-positive and indole-negative), <i>E. aerogenes, K. pneumoniae, S. marcescens,</i> and <i>Acinetobacter</i> species.",approved; investigational; vet_approved,"Aminoglycosides like kanamycin ""irreversibly"" bind to specific 30S-subunit proteins and 16S rRNA. Specifically Kanamycin binds to four nucleotides of 16S rRNA and a single amino acid of protein S12. This interferes with decoding site in the vicinity of nucleotide 1400 in 16S rRNA of 30S subunit. This region interacts with the wobble base in the anticodon of tRNA. This leads to interference with the initiation complex, misreading of mRNA so incorrect amino acids are inserted into the polypeptide leading to nonfunctional or toxic peptides and the breakup of polysomes into nonfunctional monosomes.",,
lactulose,vNo-DILI-Concern,C([C@@H]1[C@@H]([C@@H]([C@H]([C@@H](O1)O[C@@H]2[C@H](O[C@@]([C@H]2O)(CO)O)CO)O)O)O)O,0,Metabolic,Lactulose,A06AD61,A06A,Evolved beta-galactosidase subunit alpha,,,"Lactulose is indicated for use as a laxative in the treatment of chronic constipation in adults and geriatric patients.[FDA Label,L6199,L6202]

Additionally, lactulose is also employed as an adjunct to protein restriction and supportive therapy for the prevention and treatment of portal-systemic encephalopathy (PSE), including both the hepatic pre-coma and coma variations.[FDA Label,L6199,L6202] In particular, lactulose solution has been effective at managing PSE resulting from surgical portacaval shunts or from chronic hepatic diseases like cirrhosis.[L6199]

Moreover, there have also been studies demonstrating the capacity for lactulose to minimize the formation of gallstones and even some investigations regarding the experimental use of the agent in developing novel anticancer agents owing to its ability to bind galactin carbohydrates involved in various tumor progressions [L6202].",approved,"Lactulose is a synthetic disaccharide derivative of lactose that consists of one molecule of galactose and one molecule of fructose.[FDA Label,L6199,L6202] Saccharolytic bacteria present in the large intestine subsequently break the substance down into organic acids like lactic acid and small amounts of formic and acetic acids.[FDA Label,L6199,L6202] Such resultant volatile fatty acid metabolites, in combination with hydrogen and methane that is also generated consequently enhance intraluminal gas formation, peristaltic gut motility, and elicit an osmotic effect that facilitates an increase in the water content of stool as well as associated stool softening.[FDA Label,L6199,L6202] All of these actions ultimately assist in facilitating and increasing the frequency of bowel movements in patients experiencing constipation, although it may take 24 to 48 hours after using the medication for this laxative effect to become evident.[FDA Label,L6199,L6202]

At the same time, the formation of such acids via the metabolism of lactulose by colonic bacteria also acidifies the contents of the colon, thereby contributing to the treatment of portal-systemic encephalopathy (PSE).[FDA Label,L6199,L6202] As one of the principal features of PSE involves the accumulation of nitrogenous waste products like ammonia in the systemic circulation, a state in which the colonic contents become more acidic than blood allows ammonia in the circulation to diffuse into the colon.[FDA Label,L6199,L6202]. Furthermore, ammonia that diffuses into the acidic colon is ionized to ammonium ions that are incapable of being absorbed back into the blood.[FDA Label,L6199,L6202] These effects, combined with the laxative action of lactulose facilitates the excretion of excess ammonia.[FDA Label,L6199,L6202] And finally, it is also believed that an acidic colonic environment results in the elimination of urease-producing bacteria that contribute to the formation of ammonia while surviving colonic bacteria use up any trapped ammonia in the colon as a source of nitrogen for protein synthesis.[L6202]",,
lanthanum carbonate,vNo-DILI-Concern,C(=O)([O-])[O-].C(=O)([O-])[O-].C(=O)([O-])[O-].O.[La+3].[La+3],0,Metabolic,Lanthanum carbonate,V03AE03,V03A,Phosphate,,,Lanthanum carbonate is indicated to reduce serum phosphate in patients with end-stage renal disease (ESRD).[L50733],approved,Lanthanum carbonate is a phosphate binder that reduces absorption of phosphate by forming insoluble lanthanum phosphate complexes that pass through the gastrointestinal (GI) tract unabsorbed.[L50733] Both serum phosphate and calcium phosphate product are reduced as a consequence of the reduced dietary phosphate absorption.,,
l-arginine,vNo-DILI-Concern,C(C[C@@H](C(=O)O)N)CN=C(N)N,0,Metabolic,L-arginine,,,,,,,approved; nutraceutical,,,
l-carnitine,vNo-DILI-Concern,C[N+](C)(C)C[C@@H](CC(=O)[O-])O,0,Metabolic,Levocarnitine,A16AA01,A16A,"Carnitine O-palmitoyltransferase 1, muscle isoform; Xanthine dehydrogenase/oxidase; Liver carboxylesterase 1; Myeloperoxidase; Carnitine O-palmitoyltransferase 1, liver isoform; Solute carrier family 22 member 4; Organic cation/carnitine transporter 2; Carnitine O-acetyltransferase; Mitochondrial basic amino acids transporter; Mitochondrial carnitine/acylcarnitine carrier protein; Peroxisomal carnitine O-octanoyltransferase; Carnitine O-palmitoyltransferase 2, mitochondrial",,Solute carrier family 22 member 4; Solute carrier organic anion transporter family member 1B1; Organic cation/carnitine transporter 2; Solute carrier family 22 member 16; Organic anion transporter 3,"For treatment of primary systemic carnitine deficiency, a genetic impairment of normal biosynthesis or utilization of levocarnitine from dietary sources, or for the treatment of secondary carnitine deficiency resulting from an inborn error of metabolism such as glutaric aciduria II, methyl malonic aciduria, propionic acidemia, and medium chain fatty acylCoA dehydrogenase deficiency. Used therapeutically to stimulate gastric and pancreatic secretions and in the treatment of hyperlipoproteinemias. Parenteral levocarnitine is indicated for the prevention and treatment of carnitine deficiency in patients with end-stage renal disease.",approved; investigational,"Levocarnitine can be synthesised within the body from the amino acids lysine or methionine. Vitamin C (ascorbic acid) is essential to the synthesis of carnitine. Levocarnitine is a carrier molecule in the transport of long chain fatty acids across the inner mitochondrial membrane. It also exports acyl groups from subcellular organelles and from cells to urine before they accumulate to toxic concentrations. Only the L isomer of carnitine (sometimes called vitamin BT) affects lipid metabolism. Levocarnitine is handled by several proteins in different pathways including carnitine transporters, carnitine translocases, carnitine acetyltransferases and carnitine palmitoyltransferases.",,
leucovorin,vNo-DILI-Concern,C1C(N(C2=C(N1)NC(=NC2=O)N)C=O)CNC3=CC=C(C=C3)C(=O)N[C@H](CCC(=O)O)C(=O)O,0,Metabolic,Leucovorin,V03AF06,V03A,Proton-coupled folate transporter; Dihydrofolate reductase,,Organic anion transporter 3,"For the treatment of osteosarcoma (after high dose methotrexate therapy). Used to diminish the toxicity and counteract the effects of impaired methotrexate elimination and of inadvertent overdosages of folic acid antagonists, and to treat megaloblastic anemias due to folic acid deficiency. Also used in combination with 5-fluorouracil to prolong survival in the palliative treatment of patients with advanced colorectal cancer.",approved,"As leucovorin is a derivative of folic acid, it can be used to increase levels of folic acid under conditions favoring folic acid inhibition (following treatment of folic acid antagonists such as methotrexate). Leucovorin enhances the activity of fluorouracil by stabilizing the bond of the active metabolite (5-FdUMP) to the enzyme thymidylate synthetase.",,
Levoleucovorin,vNo-DILI-Concern,C1C(N(C2=C(N1)NC(=NC2=O)N)C=O)CNC3=CC=C(C=C3)C(=O)NC(CCC(=O)O)C(=O)O,0,Metabolic,Levoleucovorin,V03AF10,V03A,Serine hydroxymethyltransferase,,,"Levoleucovorin is indicated for use as rescue therapy following high-dose methotrexate in the treatment of osteosarcoma or for diminishing the toxicity associated with inadvertent overdosage of folic acid antagonists. Levoleucovorin, as the product Fusilev (FDA, dosed at one-half the usual dose of racemic d,l-leucovorin), has an additional indication for use in combination chemotherapy with 5-fluorouracil in the palliative treatment of patients with advanced metastatic colorectal cancer (although they should not be mixed in the same infusion as a precipitate may form).",approved; investigational,"Folic acid is an essential B vitamin required by the body for the synthesis of purines, pyrimidines, and methionine before incorporation into DNA or protein. However, in order to function in this role, it must first be reduced by the enzyme dihydrofolate reductase (DHFR) into the cofactors dihydrofolate (DHF) and tetrahydrofolate (THF). This important pathway, which is required for de novo synthesis of nucleic acids and amino acids, is disrupted when high-dose methotrexate is used for cancer therapy. As methotrexate functions as a DHFR inhibitor to prevent DNA synthesis in rapidly dividing cells, it also prevents the formation of DHF and THF. This results in a deficiency of coenzymes and a resultant buildup of toxic substances that are responsible for numerous adverse side effects of methotrexate therapy. As levoleucovorin and leucovorin are analogs of tetrahydrofolate (THF), they are able to bypass DHFR reduction and act as a cellular replacement for the co-factor THF, thereby preventing these toxic side effects.",,
levomefolate calcium,vNo-DILI-Concern,CN1[C@H](CNC2=C1C(=O)N=C(N2)N)CNC3=CC=C(C=C3)C(=O)N[C@@H](CCC(=O)[O-])C(=O)[O-].[Ca+2],0,Metabolic,,,,,,,,,,,
levonorgestrel,vNo-DILI-Concern,CC[C@]12CC[C@H]3[C@H]([C@@H]1CC[C@]2(C#C)O)CCC4=CC(=O)CC[C@H]34,0,Metabolic,Levonorgestrel,G03AB03,G03A,Progesterone receptor; 3-oxo-5-alpha-steroid 4-dehydrogenase 1; Estrogen receptor; Androgen receptor; Sex hormone-binding globulin; Glucocorticoid receptor,Cytochrome P450 3A5; Cytochrome P450 3A4,,"**Emergency contraception**

Levonorgestrel, in the single-agent emergency contraceptive form, is indicated for the prevention of pregnancy after the confirmed or suspected failure of contraception methods or following unprotected intercourse. It is distributed by prescription for patients under 17, and over the counter for those above this age.[L7760] This levonorgestrel-only form of contraception is not indicated for regular contraception and must be taken as soon as possible within 72 hours after intercourse.[A181976,L7760] It has shown a lower efficacy when it is used off label within 96 hours.[T659]

**Long-term contraception or nonemergency contraception**

In addition to the above indication in emergency contraception, levonorgestrel is combined with other contraceptives in contraceptive formulations designed for regular use, for example with ethinyl estradiol.[L7766] It is used in various hormone-releasing intrauterine devices for long-term contraception ranging for a duration of 3-5 years.[L7778,L7781,L7787] Product labeling for Mirena specifically mentions that it is recommended in women who have had at least 1 child and can be indicated for the prevention of pregnancy for up to 8 years.[L7778,L42950] A subdermal implant is also available for the prevention of pregnancy for up to 5 years.[L7823]

**Hormone therapy and off-label uses**

Levonorgestrel is prescribed in combination with estradiol as hormone therapy during menopause to manage vasomotor symptoms and to prevent osteoporosis.[L7805]Off-label, levonorgestrel may be used to treat menorrhagia, endometrial hyperplasia, and endometriosis.[T659]",approved; investigational,"**Mechanism of action on ovulation**

Oral contraceptives containing levonorgestrel suppress gonadotropins, inhibiting ovulation. Specifically, levonorgestrel binds to progesterone and androgen receptors and slows the release of gonadotropin-releasing hormone (GnRH) from the hypothalamus. This process results in the suppression of the normal physiological luteinizing hormone (LH) surge that precedes ovulation. It inhibits the rupture of follicles and viable egg release from the ovaries. Levonorgestrel has been proven to be more effective when administered before ovulation.[T659]

**Mechanism of action in cervical mucus changes**

Similar to other levonorgestrel-containing contraceptives, the intrauterine (IUD) forms of levonorgestrel likely prevent pregnancy by increasing the thickness of cervical mucus, interfering with the movement and survival of sperm, and inducing changes in the endometrium, where a fertilized ovum is usually implanted.[L7778,L7781] Levonorgestrel is reported to alter the consistency of mucus in the cervix, which interferes with sperm migration into the uterus for fertilization. Levonorgestrel is not effective after implantation has occurred.[A181976] 
Interestingly, recent evidence has refuted the commonly believed notion that levonorgestrel changes the consistency of cervical mucus when it is taken over a short-term period, as in emergency contraception. Over a long-term period, however, levonorgestrel has been proven to thicken cervical mucus.[A181976] The exact mechanism of action of levonorgestrel is not completely understood and remains a topic of controversy and ongoing investigation.[A181976,L7760]

*Effects on implantation**

The effects of levonorgestrel on endometrial receptivity are unclear, and the relevance of this mechanism to the therapeutic efficacy of levonorgestrel is contentious.[A175372,A218666] Prescribing information for levonorgestrel IUDs state that they exert local morphological changes to the endometrium (e.g. stromal pseudodecidualization, glandular atrophy) that may play a role in their contraceptive activity.[L7778,L7781]

**Mechanism of action in hormone therapy**

When combined with estrogens for the treatment of menopausal symptoms and prevention of osteoporosis, levonorgestrel serves to lower the carcinogenic risk of unopposed estrogen therapy via the inhibition of endometrial proliferation. Unregulated endometrial proliferation sometimes leads to endometrial cancer after estrogen use.[L7808]",,
levorphanol,vNo-DILI-Concern,CN1CC[C@]23CCCC[C@H]2[C@H]1CC4=C3C=C(C=C4)O,0,Metabolic,Levorphanol,,,Mu-type opioid receptor; Delta-type opioid receptor; Kappa-type opioid receptor,,,For the management of moderate to severe pain or as a preoperative medication where an opioid analgesic is appropriate.,approved,Like other mu-agonist opioids it is believed to act at receptors in the periventricular and periaqueductal gray matter in both the brain and spinal cord to alter the transmission and perception of pain.,,
lidocaine,vNo-DILI-Concern,CCN(CC)CC(=O)NC1=C(C=CC=C1C)C,0,Metabolic,Lidocaine,S01HA07,S01H,Sodium channel protein type 11 subunit alpha; Sodium channel protein type 10 subunit alpha; Sodium channel protein type 9 subunit alpha; Sodium channel protein type 5 subunit alpha; Epidermal growth factor receptor; Sodium channel protein type 4 subunit alpha; Alpha-1-acid glycoprotein 1; Alpha-1-acid glycoprotein 2,Cytochrome P450 3A4; Cytochrome P450 2D6; Cytochrome P450 3A5; Cytochrome P450 3A7; Cytochrome P450 1A2; Cytochrome P450 2C9; Cytochrome P450 2C8; Cytochrome P450 2A6; Cytochrome P450 2B6,Organic cation/carnitine transporter 2; ATP-dependent translocase ABCB1,"Lidocaine is an anesthetic of the amide group indicated for production of local or regional anesthesia by infiltration techniques such as percutaneous injection and intravenous regional anesthesia by peripheral nerve block techniques such as brachial plexus and intercostal and by central neural techniques such as lumbar and caudal epidural blocks [F4349, L5930].",approved; vet_approved,"Lidocaine is a local anesthetic of the amide type [F4349, L5930, L5948]. It is used to provide local anesthesia by nerve blockade at various sites in the body [F4349, L5930, L5948]. It does so by stabilizing the neuronal membrane by inhibiting the ionic fluxes required for the initiation and conduction of impulses, thereby effecting local anesthetic action [F4349, L5930, L5948]. In particular, the lidocaine agent acts on sodium ion channels located on the internal surface of nerve cell membranes [F4349, L5930, L5948]. At these channels, neutral uncharged lidocaine molecules diffuse through neural sheaths into the axoplasm where they are subsequently ionized by joining with hydrogen ions [F4349, L5930, L5948]. The resultant lidocaine cations are then capable of reversibly binding the sodium channels from the inside, keeping them locked in an open state that prevents nerve depolarization [F4349, L5930, L5948]. As a result, with sufficient blockage, the membrane of the postsynaptic neuron will ultimately not depolarize and will thus fail to transmit an action potential [F4349, L5930, L5948]. This facilitates an anesthetic effect by not merely preventing pain signals from propagating to the brain but by aborting their generation in the first place [F4349, L5930, L5948].

In addition to blocking conduction in nerve axons in the peripheral nervous system, lidocaine has important effects on the central nervous system and cardiovascular system [F4349, L5930, L5948]. After absorption, lidocaine may cause stimulation of the CNS followed by depression and in the cardiovascular system, it acts primarily on the myocardium where it may produce decreases in electrical excitability, conduction rate, and force of contraction [F4349, L5930, L5948].",,
liothyronine,vNo-DILI-Concern,C1=CC(=C(C=C1OC2=C(C=C(C=C2I)C[C@@H](C(=O)O)N)I)I)O,0,Metabolic,Liothyronine,H03AA03,H03A,Thyroid hormone receptor alpha; Thyroid hormone receptor beta; Proliferating cell nuclear antigen,UDP-glucuronosyltransferase 1A1,Solute carrier organic anion transporter family member 1A2; Solute carrier organic anion transporter family member 1B1; Solute carrier organic anion transporter family member 1B3; Solute carrier organic anion transporter family member 4C1; Hepatic sodium/bile acid cotransporter; Solute carrier organic anion transporter family member 1C1; Solute carrier organic anion transporter family member 4A1; Organic anion transporter 3; Monocarboxylate transporter 10; ATP-dependent translocase ABCB1; Large neutral amino acids transporter small subunit 1,"Liothyronine is officially approved for the following indications:

- Replacement therapy in primary (thyroidal), secondary (pituitary) and tertiary (hypothalamic) congenital or acquired hypothyroidism.

- As an adjunct therapy to surgery and radioiodine in the management of thyroid cancer.

- As a diagnostic agent in suppression tests for mild hyperthyroidism or thyroid gland autonomy.[FDA label]

In general terms, exogenous liothyronine is used to replace insufficient hormonal production and restore T3 plasma levels.[T457]

The lack of liothyronine can be presented as a pale and puffy face, coarse,  brittle hair, dry skin, croaky voice and constipation as well as irregular periods, drowsiness, and lethargy.[T457]

Liothyronine should never be used in the suppression of benign nodules and nontoxic diffuse goiter in iodine-sufficient patients nor in the treatment of hyperthyroidism during the recovery phase of subacute thyroiditis.[FDA label]",approved; vet_approved,"Liothyronine replaces endogenous thyroid hormone and then exerts its physiologic effects by controlling DNA transcription and protein synthesis. This effect on DNA is obtained by the binding of liothyronine to the thyroid receptors attached to DNA. Exogenous liothyronine exerts all the normal effects of the endogenous thyroid T3 hormone. Hence, it increases energy expenditure, accelerates the rate of cellular oxidation stimulating growth, maturation, and metabolism of the body tissues, aids in myelination of nerves and development of synaptic processes in the nervous system and enhances carbohydrate and protein metabolism.[T276]",,
l-methionine,vNo-DILI-Concern,CSCC[C@@H](C(=O)O)N,0,Metabolic,Methionine,V03AB26,V03A,Methionine synthase reductase; Methionine synthase; Methionine aminopeptidase 2; Betaine--homocysteine S-methyltransferase 1; S-methylmethionine--homocysteine S-methyltransferase BHMT2,"S-adenosylmethionine synthase isoform type-2; Methionine-R-sulfoxide reductase B2, mitochondrial; S-adenosylmethionine synthase isoform type-1; Methionine-R-sulfoxide reductase B1; Mitochondrial peptide methionine sulfoxide reductase; Methionine--tRNA ligase, cytoplasmic; Methionine--tRNA ligase, mitochondrial; Methionine adenosyltransferase 2 subunit beta; S-methylmethionine--homocysteine S-methyltransferase BHMT2; Glutamine synthetase; Methylenetetrahydrofolate reductase (NADPH)",Monocarboxylate transporter 10,"Used for protein synthesis including the formation of SAMe, L-homocysteine, L-cysteine, taurine, and sulfate.",approved; nutraceutical,"The mechanism of the possible anti-hepatotoxic activity of L-methionine is not entirely clear. It is thought that metabolism of high doses of acetaminophen in the liver lead to decreased levels of hepatic glutathione and increased oxidative stress. L-methionine is a precursor to L-cysteine. L-cysteine itself may have antioxidant activity. L-cysteine is also a precursor to the antioxidant glutathione. Antioxidant activity of L-methionine and metabolites of L-methionine appear to account for its possible anti-hepatotoxic activity. Recent research suggests that methionine itself has free-radical scavenging activity by virtue of its sulfur, as well as its chelating ability.",,
loperamide,vNo-DILI-Concern,CN(C)C(=O)C(CCN1CCC(CC1)(C2=CC=C(C=C2)Cl)O)(C3=CC=CC=C3)C4=CC=CC=C4,0,Metabolic,Loperamide,A07DA53,A07D,Mu-type opioid receptor; Delta-type opioid receptor; Kappa-type opioid receptor; Pro-opiomelanocortin; Voltage-dependent P/Q-type calcium channel subunit alpha-1A; Voltage-gated inwardly rectifying potassium channel KCNH2; Calmodulin,Cytochrome P450 3A4; Cytochrome P450 2C8; Cytochrome P450 2B6; Cytochrome P450 2D6,ATP-dependent translocase ABCB1,"Loperamide is indicated for the relief of diarrhea, including Travelers??Diarrhea.[L42785] As an off-label use, it is often used to manage chemotherapy-related diarrhea.[A251610]",approved,"Enteric neurons synthesize and release endogenous opioid peptides and other neurotransmitters, such as acetylcholine and substance P. Endogenous opioids bind to opioid receptors expressed on these neurons to regulate gastrointestinal signalling, motility, and balance of fluids and electrolytes.[A251630]

Loperamide acts on the mu (Î¼)-opioid receptor expressed on the circular and longitudinal intestinal muscle.[A251610] Receptor binding leads to the recruitment of G-protein receptor kinases and the activation of downstream molecular cascades that inhibit enteric nerve activity.[A251630] By inhibiting the excitability of enteric neurons, loperamide suppresses neurotransmitter release, pre-synaptic and post-synaptic inhibition of transmission of excitatory and inhibitory motor pathways, and secretomotor pathways.[A251630] Loperamide inhibits the release of acetylcholine and prostaglandins,[L42790] thereby reducing propulsive peristalsis and increasing intestinal transit time.[A251615, L42790] Loperamide stimulates the intestinal absorption of water and electrolytes by inhibiting calmodulin.[A251615] Loperamide can bind to and hyperpolarize submucosal secretomotor neurons, promoting dry, hard stools.[A251630]",,
loratadine,vNo-DILI-Concern,CCOC(=O)N1CCC(=C2C3=C(CCC4=C2N=CC=C4)C=C(C=C3)Cl)CC1,0,Metabolic,Loratadine,R06AX13,R06A,Histamine H1 receptor; Voltage-gated inwardly rectifying potassium channel KCNH2,Cytochrome P450 3A4; Cytochrome P450 2D6; Cytochrome P450 1A1; Cytochrome P450 2C19; Cytochrome P450 2C8; Cytochrome P450 1A2; Cytochrome P450 2B6; Cytochrome P450 2C9; Cytochrome P450 3A5; UDP-glucuronosyltransferase 2B10; UDP-glucuronosyltransferase 1A1; UDP-glucuronosyltransferase 1A3; UDP-glucuronosyltransferase 2B15,ATP-dependent translocase ABCB1; Bile salt export pump,"Loratadine is a 2nd generation antihistamine and is used to manage symptoms of allergic rhinitis, wheal formation, urticaria, and other allergic dermatologic conditions.[A176435][A176438][L8486]",approved; investigational,"Histamine release is a key mediator in allergic rhinitis and urticaria.[A185312][A176441][A175060] As a result, loratadine exerts it's effect by targeting H1 histamine receptors.

Loratadine binds to H1 histamine receptors found on the surface of epithelial cells, endothelial cells, eosinophils, neutrophils, airway cells, and vascular smooth muscle cells among others.[A176441] H1 histamine receptors fall under the wider umbrella of G-protein coupled receptors, and exist in a state of equilibrium between the active and inactive forms.[A176441][A175060] Histamine binding to the H1-receptor facilitates cross linking between transmembrane domains III and V, stabilizing the active form of the receptor.[A176441][A175060] On the other hand, antihistamines bind to a different site on the H1 receptor favouring the inactive form.[A176441][A175060]

Hence, loratadine can more accurately be classified as an ""inverse agonist"" as opposed to a ""histamine antagonist"", and can prevent or reduce the severity of histamine mediated symptoms.[A176441][A175060][L8486]",,
lubiprostone,vNo-DILI-Concern,CCCCC([C@]1(CC[C@H]2[C@H](O1)CC(=O)[C@H]2CCCCCCC(=O)O)O)(F)F,0,Metabolic,Lubiprostone,A06AX03,A06A,Chloride channel protein 2,Carbonyl reductase [NADPH] 1,,"Lubiprostone is indicated for the treatment of adult patients with chronic idiopathic constipation, or opioid-induced constipation in patients with chronic non-cancer pain.[L4421] It is also indicated for the treatment of irritable bowel syndrome with constipation (IBS-C) in female patients ??8 years old.[L4421]",approved; investigational,"Lubiprostone acts by specifically activating ClC-2 chloride channels, which is a normal constituent of the apical membrane of the human intestine, in a protein kinase A action independent fashion. Activation of ClC-2 chloride channels causes an efflux of chloride ions into the lumen, which in turn leads to an efflux of sodium ions through a paracellular pathway to maintain isoelectric neutrality. As a result, water follows sodium into the lumen in order to maintain isotonic equilibrium, thereby increasing intestinal fluid secretion. By increasing intestinal fluid secretion, lubiprostone increases motility in the intestine, thereby increasing the passage of stool and alleviating symptoms associated with chronic idiopathic constipation. Activation of ClC-2 chloride channels may also stimulate the recovery of muscosal barrier function by restoring tight junction protein complexes in the intestine. Patch clamp cell studies in human cell lines have indicated that the majority of the beneficial biological activity of lubiprostone and its metabolites is observed only on the apical (luminal) portion of the gastrointestinal epithelium.",,
mannitol,vNo-DILI-Concern,C(C(C(C(C(CO)O)O)O)O)O,0,Metabolic,Mannitol,B05CX04,B05C,,Mannitol dehydrogenase,,"Used for the promotion of diuresis before irreversible renal failure becomes established, the reduction of intracranial pressure, the treatment of cerebral edema, and the promotion of urinary excretion of toxic substances.

Mannitol is also indicated as add-on maintenance therapy for improving pulmonary function in cystic fibrosis patients aged 18 and over who have passed the BRONCHITOL tolerance test (BTT). It is recommended that patients take an orally inhaled short-acting bronchodilator 5-15 minutes prior to every inhaled mannitol dose.[L20024]",approved; investigational,"Mannitol is an osmotic diuretic that is metabolically inert in humans and occurs naturally, as a sugar or sugar alcohol, in fruits and vegetables. Mannitol elevates blood plasma osmolality, resulting in enhanced flow of water from tissues, including the brain and cerebrospinal fluid, into interstitial fluid and plasma. As a result, cerebral edema, elevated intracranial pressure, and cerebrospinal fluid volume and pressure may be reduced. As a diurectic mannitol induces diuresis because it is not reabsorbed in the renal tubule, thereby increasing the osmolality of the glomerular filtrate, facilitating excretion of water, and inhibiting the renal tubular reabsorption of sodium, chloride, and other solutes. Mannitol promotes the urinary excretion of toxic materials and protects against nephrotoxicity by preventing the concentration of toxic substances in the tubular fluid. As an Antiglaucoma agent mannitol levates blood plasma osmolarity, resulting in enhanced flow of water from the eye into plasma and a consequent reduction in intraocular pressure. As a renal function diagnostic aid mannitol is freely filtered by the glomeruli with less than 10% tubular reabsorption. Therefore, its urinary excretion rate may serve as a measurement of glomerular filtration rate (GFR).

The exact mechanism of action of inhaled mannitol in the symptomatic maintenance treatment of cystic fibrosis remains unclear.[A223199, L20024] It is hypothesized that mannitol produces an osmotic gradient across the airway epithelium that draws fluid into the extracellular space and alters the properties of the airway surface mucus layer, allowing easier mucociliary clearance.[A223199]",,
mecamylamine,vNo-DILI-Concern,CC1(C2CCC(C2)C1(C)NC)C,0,Metabolic,Mecamylamine,C02BB01,C02B,Neuronal acetylcholine receptor subunit alpha-2; Neuronal acetylcholine receptor subunit alpha-7; Neuronal acetylcholine receptor subunit alpha-4; Neuronal acetylcholine receptor subunit beta-2,,,For the treatment of moderately severe to severe essential hypertension and in uncomplicated cases of malignant hypertension,approved; investigational,"Mecamylamine is a ganglionic blocker which prevents stimulation of postsynaptic receptors by acetylcholine released from presynaptic nerve endings. The hypotensive effect of Mecamylamine is attributed to reduction in sympathetic tone, vasodilation, and reduced cardiac output, and is primarily postural.",,
meclizine,vNo-DILI-Concern,CC1=CC(=CC=C1)CN2CCN(CC2)C(C3=CC=CC=C3)C4=CC=C(C=C4)Cl,0,Metabolic,Meclizine,R06AE55,R06A,Histamine H1 receptor; Nuclear receptor subfamily 1 group I member 3,Cytochrome P450 2D6,,"Indicated for the symptomatic treatment of nausea, vomiting, and dizziness associated with motion sickness,[L6772] and management of vertigo due to various causes, including radiation sickness, Meniere?™s syndrome, labyrinthitis and other vestibular disturbances.[L6766]",approved,"Vomiting is a centrally regulated reflex mechanism that initiates from the vomiting center and the chemoreceptor trigger zone (CTZ) located in the medulla. Motion sickness is also regulated by CTZ. The blood-brain barrier near the CTZ is relatively permeable to circulating mediators and CTZ can transmit impulses to vomiting center located in the brainstem. Different receptors responding to different factors, including histamine, 5-HT, enkephalins, substance P, and dopamine, are expressed along the brainstem to activate respective pathways and contribute to the control of vomiting. Histamine H1 receptors are expressed on the vestibular nuclei and nucleus of the solitary tract (NTS) that are activated by motion sickness and stimuli from the pharynx and stomach. When activated, H1 receptor signaling from these nuclei is transmitted to the CTZ and vomiting centre.[T28] 

Through its antagonistic action on the H1 receptors, meclizine primarily works by inhibiting signaling pathway transduction through histaminergic neurotransmission from the vestibular nuclei and NTS to the CTZ and medullary vomiting center.[A179581] Meclizine may also decrease the labyrinth excitability and vestibular stimulation.[L6760]",,
mepenzolate,vNo-DILI-Concern,C[N+]1(CCCC(C1)OC(=O)C(C2=CC=CC=C2)(C3=CC=CC=C3)O)C,0,Metabolic,Mepenzolate,A03AB12,A03A,Muscarinic acetylcholine receptor M1; Muscarinic acetylcholine receptor M5; Muscarinic acetylcholine receptor M3,,,"For use as adjunctive therapy in the treatment of peptic ulcer. It has not been 
shown to be effective in contributing to the healing of peptic ulcer, decreasing the rate of recurrence, or preventing complications.",approved,Mepenzolate is a post-ganglionic parasympathetic inhibitor. It specifically antagonizes muscarinic receptors. This leads to decreases in gastric acid and pepsin secretion and suppression of spontaneous contractions of the colon.,,
meperidine,vNo-DILI-Concern,CCOC(=O)C1(CCN(CC1)C)C2=CC=CC=C2,0,Metabolic,Meperidine,N02AB02,N02A,"Kappa-type opioid receptor; Glutamate receptor ionotropic, NMDA 1; Glutamate receptor ionotropic, NMDA 2B; Glutamate receptor ionotropic, NMDA 2A; Glutamate receptor ionotropic, NMDA 2C; Glutamate receptor ionotropic, NMDA 2D; Muscarinic acetylcholine receptor; Mu-type opioid receptor; Sodium-dependent dopamine transporter; Sodium-dependent noradrenaline transporter; Sodium-dependent serotonin transporter; Liver carboxylesterase 1",Cytochrome P450 3A4; Cytochrome P450 2C19; Cytochrome P450 2B6; Cytochrome P450 2D6; Cytochrome P450 1A2,ATP-dependent translocase ABCB1,Used to control moderate to severe pain.,approved,"Meperidine is primarily a kappa-opiate receptor agonist and also has local anesthetic effects. Meperidine has more affinity for the kappa-receptor than morphine. Opiate receptors are coupled with G-protein receptors and function as both positive and negative regulators of synaptic transmission via G-proteins that activate effector proteins. Binding of the opiate stimulates the exchange of GTP for GDP on the G-protein complex. As the effector system is adenylate cyclase and cAMP located at the inner surface of the plasma membrane, opioids decrease intracellular cAMP by inhibiting adenylate cyclase. Subsequently, the release of nociceptive neurotransmitters such as substance P, GABA, dopamine, acetylcholine and noradrenaline is inhibited. Opioids also inhibit the release of vasopressin, somatostatin, insulin and glucagon. Opioids close N-type voltage-operated calcium channels (OP2-receptor agonist) and open calcium-dependent inwardly rectifying potassium channels (OP3 and OP1 receptor agonist). This results in hyperpolarization and reduced neuronal excitability.",,
mepivacaine,vNo-DILI-Concern,CC1=C(C(=CC=C1)C)NC(=O)C2CCCCN2C,0,Metabolic,Mepivacaine,N01BB53,N01B,Sodium channel protein type 10 subunit alpha,,,"For production of local or regional analgesia and anesthesia by local infiltration, peripheral nerve block techniques, and central neural techniques including epidural and caudal blocks.",approved; vet_approved,"Local anesthetics block the generation and the conduction of nerve impulses, presumably by increasing the threshold for electrical excitation in the nerve, by slowing the propagation of the nerve impulse, and by reducing the rate of rise of the action potential. In general, the progression of anesthesia is related to the diameter, myelination, and conduction velocity of affected nerve fibers. Clinically, the order of loss of nerve function is as follows: pain, temperature, touch, proprioception, and skeletal muscle tone.",,
meprobamate,vNo-DILI-Concern,CCCC(C)(COC(=O)N)COC(=O)N,0,Metabolic,Meprobamate,N05BC51,N05B,"Peptide deformylase, mitochondrial; Protein kinase C epsilon type; GABA(A) Receptor; Gamma-aminobutyric acid receptor subunit alpha-1; Gamma-aminobutyric acid receptor subunit alpha-2; Gamma-aminobutyric acid receptor subunit alpha-3; Gamma-aminobutyric acid receptor subunit alpha-4; Gamma-aminobutyric acid receptor subunit alpha-5; Gamma-aminobutyric acid receptor subunit alpha-6",,,For the management of anxiety disorders or for the short-term relief of the symptoms of anxiety.,approved; illicit,"Meprobamate's mechanism of action is not fully understood; in animal studies, meprobamate is reported to act at multiple sites in the central nervous system, such as the thalamus and limbic system. It binds to the GABA<sub>A</sub> receptors, leading to inhibitory effects on the neurons transmitting signals in the reticular formation and spinal cord. Consequently, effects such as sedation and altered perception of pain are observed.",,
methamphetamine,vNo-DILI-Concern,C[C@@H](CC1=CC=CC=C1)NC,0,Metabolic,Metamfetamine,N06BA03,N06B,D(2) dopamine receptor; Alpha-1B adrenergic receptor; Sodium-dependent dopamine transporter; Sodium-dependent serotonin transporter; Sodium-dependent noradrenaline transporter; Synaptic vesicular amine transporter; Chromaffin granule amine transporter; Trace amine-associated receptor 1; Alpha-2A adrenergic receptor; Alpha-2B adrenergic receptor; Alpha-2C adrenergic receptor; Amine oxidase [flavin-containing] A; Amine oxidase [flavin-containing] B,Cytochrome P450 2D6,Solute carrier family 22 member 3; Organic cation/carnitine transporter 2,For the treatment of Attention Deficit Disorder with Hyperactivity (ADHD) and exogenous obesity.,approved; illicit; withdrawn,"Methamphetamine enters the brain and triggers a cascading release of norepinephrine, dopamine and serotonin. To a lesser extent methamphetamine acts as a dopaminergic and adrenergic reuptake inhibitor and in high concentrations as a monamine oxidase inhibitor (MAOI). The mechanism of action involved in producing the beneficial behavioral changes seen in hyperkinetic children receiving methamphetamine is unknown.",,
methsuximide,vNo-DILI-Concern,CC1(CC(=O)N(C1=O)C)C2=CC=CC=C2,0,Metabolic,Methsuximide,N03AD03,N03A,Voltage-dependent T-type calcium channel subunit alpha-1G,Cytochrome P450 2C19,,For the control of absence (petit mal) seizures that are refractory to other drugs.,approved,"Binds to T-type voltage sensitive calcium channels. Voltage-sensitive calcium channels (VSCC) mediate the entry of calcium ions into excitable cells and are also involved in a variety of calcium-dependent processes, including muscle contraction, hormone or neurotransmitter release, gene expression, cell motility, cell division and cell death. The isoform alpha-1G gives rise to T-type calcium currents. T-type calcium channels belong to the ""low-voltage activated (LVA)"" group and are strongly blocked by mibefradil. A particularity of this type of channels is an opening at quite negative potentials and a voltage-dependent inactivation. T-type channels serve pacemaking functions in both central neurons and cardiac nodal cells and support calcium signaling in secretory cells and vascular smooth muscle. They may also be involved in the modulation of firing patterns of neurons which is important for information processing as well as in cell growth processes.",,
methylergonovine,vNo-DILI-Concern,CC[C@@H](CO)NC(=O)[C@H]1CN([C@@H]2CC3=CNC4=CC=CC(=C34)C2=C1)C,0,Metabolic,Methylergometrine,G02AC01,G02A,D(1A) dopamine receptor; 5-hydroxytryptamine receptor 2B,Cytochrome P450 3A4,,For the prevention and control of excessive bleeding following vaginal childbirth,approved,"Methylergometrine acts directly on the smooth muscle of the uterus and increases the tone, rate, and amplitude of rhythmic contractions through binding and the resultant antagonism of the dopamine D1 receptor. Thus, it induces a rapid and sustained tetanic uterotonic effect which shortens the third stage of labor and reduces blood loss.",,
methylnaltrexone bromide,vNo-DILI-Concern,C[N+]1(CC[C@]23[C@@H]4C(=O)CC[C@]2([C@H]1CC5=C3C(=C(C=C5)O)O4)O)CC6CC6.[Br-],0,Metabolic,,,,,,,,,,,
methylscopolamine bromide,vNo-DILI-Concern,C[N+]1(C2CC(CC1C3C2O3)OC(=O)C(CO)C4=CC=CC=C4)C,0,Metabolic,Methscopolamine bromide,,,Muscarinic acetylcholine receptor M2; Muscarinic acetylcholine receptor M1; Muscarinic acetylcholine receptor M3,,,Used as adjunctive therapy for the treatment of peptic ulcer. Also used to treat nausea and vomiting due to motion sickness.,approved,Methscopolamine acts by interfering with the transmission of nerve impulses by acetylcholine in the parasympathetic nervous system (specifically the vomiting center). It does so by acting as a muscarinic antagonist.,,
methysergide,vNo-DILI-Concern,CC[C@@H](CO)NC(=O)[C@H]1CN([C@@H]2CC3=CN(C4=CC=CC(=C34)C2=C1)C)C,0,Metabolic,Methysergide,N02CA04,N02C,5-hydroxytryptamine receptor 2B; 5-hydroxytryptamine receptor 2C; 5-hydroxytryptamine receptor 2A; 5-hydroxytryptamine receptor 1A; 5-hydroxytryptamine receptor 7; 5-hydroxytryptamine receptor 1B; 5-hydroxytryptamine receptor 1F; 5-hydroxytryptamine receptor 1E,Cytochrome P450 3A4,,For the treatment of vascular headache,approved,"Methysergide is serotonin antagonists acts on central nervous system (CNS), which directly stimulates the smooth muscle leading to vasoconstriction. Some alpha-adrenergic blocking activity has been reported. Suggestions have been made by investigators as to the mechanism whereby Methysergide produces its clinical effects, but this has not been finally established, although it may be related to the antiserotonin effect.",,
metyrapone,vNo-DILI-Concern,CC(C)(C1=CN=CC=C1)C(=O)C2=CN=CC=C2,0,Metabolic,Metyrapone,V04CD01,V04C,"Cytochrome P450 11B1, mitochondrial; Camphor 5-monooxygenase","Cytochrome P450 11B1, mitochondrial; Cytochrome P450 2E1; Cytochrome P450 11B2, mitochondrial; Cytochrome P450 2A6; Cytochrome P450 3A4",ATP-binding cassette sub-family C member 3,Used as a diagnostic drug for testing hypothalamic-pituitary ACTH function. Occasionally used in Cushing's syndrome.,approved; investigational,"The pharmacological effect of Metopirone is to reduce cortisol and corticosterone production by inhibiting the 11-&szlig;-hydroxylation reaction in the adrenal cortex. Removal of the strong inhibitory feedback mechanism exerted by cortisol results in an increase in adrenocorticotropic hormone (ACTH) production by the pituitary. With continued blockade of the enzymatic steps leading to production of cortisol and corticosterone, there is a marked increase in adrenocortical secretion of their immediate precursors, 11-desoxycortisol and desoxycorticosterone, which are weak suppressors of ACTH release, and a corresponding elevation of these steroids in the plasma and of their metabolites in the urine. These metabolites are readily determined by measuring urinary 17-hydroxycorticosteroids (17-OHCS) or 17-ketogenic steroids (17-KGS). Because of these actions, metopirone is used as a diagnostic test, with urinary 17-OHCS measured as an index of pituitary ACTH responsiveness. Metopirone may also suppress biosynthesis of aldosterone, resulting in a mild natriuresis.",,
metyrosine,vNo-DILI-Concern,C[C@](CC1=CC=C(C=C1)O)(C(=O)O)N,0,Metabolic,Metyrosine,C02KB01,C02K,Tyrosine 3-monooxygenase,,,"For use in the treatment of patients with pheochromocytoma, for preoperative preparation of patients for surgery, management of patients when surgery is contraindicated, and chronic treatment of patients with malignant pheochromocytoma.",approved,"Metyrosine inhibits tyrosine hydroxylase, which catalyzes the first transformation in catecholamine biosynthesis, i.e., the conversion of tyrosine to dihydroxyphenylalanine (DOPA). Because the first step is also the rate-limiting step, blockade of tyrosine hydroxylase activity results in decreased endogenous levels of catecholamines and their synthesis. This consequently, depletes the levels of the catecholamines dopamine, adrenaline and noradrenaline in the body,usually measured as decreased urinary excretion of catecholamines and their metabolites. One main end result of the catecholamine depletion is a decrease in blood presure.",,
midazolam,vNo-DILI-Concern,CC1=NC=C2N1C3=C(C=C(C=C3)Cl)C(=NC2)C4=CC=CC=C4F,0,Metabolic,Midazolam,N05CD08,N05C,Translocator protein; GABA(A) Receptor; GABA(A) Receptor Benzodiazepine Binding Site; Adenosine receptor A2a,Cytochrome P450 3A4; UDP-glucuronosyltransferase 1A4; Cytochrome P450 3A5; Cytochrome P450 3A7; UDP-glucuronosyltransferase 2B7; UDP-glucuronosyltransferase 2B4,ATP-dependent translocase ABCB1; Excitatory amino acid transporter 2,"Midazolam has different indications depending on its formulation by the FDA. 

**Nasal** 

For the nasal spray formulation, midazolam is indicated for the acute treatment of intermittent, stereotypic episodes of frequent seizure activity (i.e., seizure clusters, acute repetitive seizures) that are distinct from a patient?™s usual seizure pattern in patients with epilepsy 12 years of age and older.[L44773] 

**Intravenous** 

For the intravenous injection formulation, midazolam is indicated as an agent for sedation/anxiolysis/amnesia and prior to or during diagnostic, therapeutic or endoscopic procedures, such as bronchoscopy, gastroscopy, cystoscopy, coronary angiography, cardiac catheterization, oncology procedures, radiologic procedures, suture of lacerations and other procedures either alone or in combination with other CNS depressants.[L12981] The sedative, anxiolytic and amnestic use of midazolam can also be employed pre-operatively.[L12981] It can also be indicated for induction of general anesthesia, before administration of other anesthetic agents or as a component of intravenous supplementation of nitrous oxide and oxygen for a balanced anesthesia.[L12981] A relatively narrower dose range of midazolam and a shorter period of induction can be achieved if midazolam is combined with narcotic premedication.[L12981] Finally, midazolam can be indicated as a continous intravenous infusion for sedation of intubated and mechanically ventilated patients as a component of anesthesia or during treatment in a critical care setting.[L12981]

**Intramuscular** 

For the intramusuclar injection formulation, midazolam is indicated for preoperative sedation/anxiolysis/amnesia or for treatment of status epilepticus in adults.[L12981,L45048]

**Oral**

Midazolam syrup is indicated for use in pediatric patients for sedation, anxiolysis and amnesia prior to diagnostic, therapeutic or endoscopic procedures or before induction of anesthesia. It is only approved in monitored settings only and not for chronic or home use.[L5092]

In Europe, a buccal formulation of midazolam is also approved for the treatment of prolonged, acute, convulsive seizures in infants, toddlers, children and adolescents (from 3 months to < 18 years). For infants between 3-6 months of age treatment should be in a hospital setting where monitoring is possible and resuscitation equipment is available.[L45053]",approved; illicit,"The actions of benzodiazepines such as midazolam are mediated through the inhibitory neurotransmitter gamma-aminobutyric acid (GABA), which is one of the major inhibitory neurotransmitters in the central nervous system. Benzodiazepines increase the activity of GABA, thereby producing a sedating effect, relaxing skeletal muscles, and inducing sleep, anesthesia, and amnesia. Benzodiazepines bind to the benzodiazepine site on GABA-A receptors, which potentiates the effects of GABA by increasing the frequency of chloride channel opening.[F2434] These receptors have been identified in different body tissues including the heart and skeletal muscle, although mainly appear to be present in the central nervous system.[A173842]",,
midodrine,vNo-DILI-Concern,COC1=CC(=C(C=C1)OC)C(CNC(=O)CN)O,0,Metabolic,Midodrine,C01CA17,C01C,Alpha-1A adrenergic receptor; Alpha-1B adrenergic receptor; Alpha-1D adrenergic receptor,Cytochrome P450 2D6,Solute carrier family 15 member 1,For the treatment of symptomatic orthostatic hypotension (OH).,approved,"Midodrine undergoes metabolism to form its pharmacologically active metabolite, desglymidodrine. Desglymidodrine acts as an agonist at the alpha<sub>1</sub>-adrenergic receptors expressed in the arteriolar and venous vasculature. Activation of alpha<sub>1</sub>-adrenergic receptor signaling pathways lead to an increase in the vascular tone and elevation of blood pressure. Desglymidodrine is reported to have negligible effect on the cardiac beta-adrenergic receptors.",,
mifepristone,vNo-DILI-Concern,CC#C[C@@]1(CC[C@@H]2[C@@]1(C[C@@H](C3=C4CCC(=O)C=C4CC[C@@H]23)C5=CC=C(C=C5)N(C)C)C)O,0,Metabolic,Mifepristone,G03XB01,G03X,Progesterone receptor; Glucocorticoid receptor; Prostate-specific antigen; Nuclear receptor subfamily 1 group I member 2,Cytochrome P450 2D6; Cytochrome P450 2C8; Cytochrome P450 2C9; Cytochrome P450 3A4; Cytochrome P450 3A5,ATP-dependent translocase ABCB1; Multidrug resistance-associated protein 1; Bile salt export pump; Solute carrier organic anion transporter family member 1B1; Solute carrier organic anion transporter family member 1B3,For the medical termination of intrauterine pregnancy through 49 days' pregnancy. Also indicated to control hyperglycemia secondary to hypercortisolism in adult patients with endogenous Cushing's syndrome who have type 2 diabetes mellitus or glucose intolerance and are not candidates for surgery or have had unsuccessful surgery.,approved; investigational,"The anti-progestational activity of mifepristone results from competitive interaction with progesterone at progesterone-receptor sites. Based on studies with various oral doses in several animal species (mouse, rat, rabbit and monkey), the compound inhibits the activity of endogenous or exogenous progesterone. The termination of pregnancy results.

In the treatment of Cushing's syndrome, Mifepristone blocks the binding of cortisol to its receptor. It does not decrease cortisol production but reduces the effects of excess cortisol, such as high blood sugar levels.",,
miglitol,vNo-DILI-Concern,C1[C@@H]([C@H]([C@@H]([C@H](N1CCO)CO)O)O)O,0,Metabolic,Miglitol,A10BF02,A10B,Lysosomal alpha-glucosidase; Neutral alpha-glucosidase AB; Neutral alpha-glucosidase C; Maltase-glucoamylase,Pancreatic alpha-amylase,,For use as an adjunct to diet to improve glycemic control in patients with non-insulin-dependent diabetes mellitus (NIDDM) whose hyperglycemia cannot be managed with diet alone.,approved,"In contrast to sulfonylureas, miglitol does not enhance insulin secretion. The antihyperglycemic action of miglitol results from a reversible inhibition of membrane-bound intestinal a-glucoside hydrolase enzymes. Membrane-bound intestinal a-glucosidases hydrolyze oligosaccharides and disaccharides to glucose and other monosaccharides in the brush border of the small intestine. In diabetic patients, this enzyme inhibition results in delayed glucose absorption and lowering of postprandial hyperglycemia.",,
miglustat,vNo-DILI-Concern,CCCCN1C[C@@H]([C@H]([C@@H]([C@H]1CO)O)O)O,0,Metabolic,Miglustat,A16AX06,A16A,Ceramide glucosyltransferase,,,"For the treatment of adult patients with mild to moderate type 1 (nonneuropathic) Gaucher's disease for whom enzyme replacement therapy is not a therapeutic option (e.g. due to constraints such as allergy, hypersensitivity, or poor venous access). Now approved in some countries for the treatment of progressive neurological symptoms in adult and pediatric patients with Niemann-Pick disease type C (NP-C).",approved,"Miglustat functions as a competitive and reversible inhibitor of the enzyme glucosylceramide synthase, the initial enzyme in a series of reactions which results in the synthesis of most glycosphingolipids. The goal of treatment with miglustat is to reduce the rate of glycosphingolipid biosynthesis so that the amount of glycosphingolipid substrate is reduced to a level which allows the residual activity of the deficient glucocerebrosidase enzyme to be more effective (substrate reduction therapy), reducing the accumulation of glucocerebroside in macrophages. In vitro and in vivo studies have shown that miglustat can reduce the synthesis of glucosylceramide-based glycosphingolipids. In clinical trials, miglustat improved liver and spleen volume, as well as hemoglobin concentration and platelet count. Inhibition of glycosphingolipid synthesis has also shown to reduce intracellular lipid storage, improve fluid-phase endosomal uptake and normalize lipid transport in peripheral blood B lymphocytes of NP-C patients, which results in a decrease in the potentially neurotoxic accumulation of gnagliosides G<sub>M2</sub> and G<sub>M3</sub>, lactosylceramide and glucosylceramide, possibly preventing further neuronal damage. Other studies have also suggested that miglustat may indirectly modulate intracellular calcium homeostasis through its effects on glucosylceramide levels, and evidence has shown that an initiating factor in the pathogenesis of NP-C may be impaired calcium homeostasis related to sphingosine storage. Therefore, the effect that miglustat exerts on intracellular calcium levels may influence an important underlying pathogenic mechanism of NP-C.",,
minoxidil,vNo-DILI-Concern,C1CCN(CC1)C2=NC(=N)N(C(=C2)N)O,0,Metabolic,Minoxidil,D11AX01,D11A,ATP-sensitive inward rectifier potassium channel 1; Renin; Prostaglandin G/H synthase 1,UDP-glucuronosyltransferase 1A1,,For the treatment of severe hypertension and in the topical treatment (regrowth) of androgenic alopecia in males and females and stabilisation of hair loss in patients with androgenic alopecia.,approved; investigational,"Minoxidil is thought to promote the survival of human dermal papillary cells (DPCs) or hair cells by activating both extracellular signal-regulated kinase (ERK) and Akt and by preventing cell death by increasing the ratio of BCl<sup>-</sup>2/Bax. Minoxidil may stimulate the growth of human hairs by prolonging anagen through these proliferative and anti-apoptotic effects on DPCs. Minoxidil, when used as a vasodilator, acts by opening adenosine triphosphate-sensitive potassium channels in vascular smooth muscle cells. This vasodilation may also improve the viability of hair cells or hair follicles.",,
mitotane,vNo-DILI-Concern,C1=CC=C(C(=C1)C(C2=CC=C(C=C2)Cl)C(Cl)Cl)Cl,0,Metabolic,Mitotane,L01XX23,L01X,"Cytochrome P450 11B1, mitochondrial; Estrogen receptor; Progesterone receptor; Androgen receptor; Adrenodoxin, mitochondrial",Cytochrome P450 3A4; Cytochrome P450 3A5; Cytochrome P450 3A7,ATP-dependent translocase ABCB1,"Mitotane is indicated for the treatment of inoperable, functional or nonfunctional, adrenocortical carcinoma.[L49570]",approved,"The mechanism of action of mitotane is unknown, although data are available to suggest that the drug modifies the peripheral metabolism of steroids as well as directly suppressing the adrenal cortex.[L49570] The specificity of mitotane towards the adrenal cortex may derive from the metabolic transformation to its active form via an enzyme system unique to the adrenal cortex tissue.[A263010]",,
mivacurium,vNo-DILI-Concern,C[N+]1(CCC2=CC(=C(C=C2[C@H]1CC3=CC(=C(C(=C3)OC)OC)OC)OC)OC)CCCOC(=O)CC/C=C/CCC(=O)OCCC[N+]4(CCC5=CC(=C(C=C5[C@H]4CC6=CC(=C(C(=C6)OC)OC)OC)OC)OC)C,0,Metabolic,Mivacurium,M03AC10,M03A,Neuronal acetylcholine receptor subunit alpha-2; Muscarinic acetylcholine receptor M2; Muscarinic acetylcholine receptor M3; Cholinesterase,Cholinesterase,,"For inpatients and outpatients, as an adjunct to general anesthesia, to facilitate tracheal intubation and to provide skeletal muscle relaxation during surgery or mechanical ventilation.",approved,"Mivacurium binds competitively to cholinergic receptors on the motor end-plate to antagonize the action of acetylcholine, resulting in a block of neuromuscular transmission. This action is antagonized by acetylcholinesterase inhibitors, such as neostigmine.",,
morphine,vNo-DILI-Concern,CN1CC[C@]23[C@@H]4[C@H]1CC5=C2C(=C(C=C5)O)O[C@H]3[C@H](C=C4)O,0,Metabolic,Morphine,A07DA52,A07D,Mu-type opioid receptor; Kappa-type opioid receptor; Delta-type opioid receptor; Lymphocyte antigen 96,Cytochrome P450 2C8; Cytochrome P450 3A4; UDP-glucuronosyltransferase 2B7; UDP-glucuronosyltransferase 1A1; UDP-glucuronosyltransferase 1A8; UDP-glucuronosyltransferase 2B15; UDP-glucuronosyltransferase 2B4; UDP-glucuronosyltransferase 1A3,ATP-dependent translocase ABCB1,"Morphine is used for the management of chronic, moderate to severe pain.[A176050]

Opiods, including morphine, are effective for the short term management of pain. Patients taking opioids long term may need to be monitored for the development of physical dependence, addiction disorder, and drug abuse.[L5728]",approved; investigational,"Morphine-6-glucuronide is responsible for approximately 85% of the response observed by morphine administration.[A176059] Morphine and its metabolites act as agonists of the mu and kappa opioid receptors.[A176035] The mu-opioid receptor is integral to morphine's effects on the ventral tegmental area of the brain. Morphine's activation of the reward pathway is mediated by agonism of the delta-opioid receptor in the nucleus accumbens,[A176050] while modification of the respiratory system and addiction disorder are mediated by agonism of the mu-opioid receptor.[A176056]",,
nabilone,vNo-DILI-Concern,CCCCCCC(C)(C)C1=CC2=C([C@@H]3CC(=O)CC[C@H]3C(O2)(C)C)C(=C1)O,0,Metabolic,Nabilone,A04AD11,A04A,Cannabinoid receptor 2; Cannabinoid receptor 1,Cytochrome P450 2C9; Cytochrome P450 3A4; Cytochrome P450 2C8; Cytochrome P450 2E1; Cytochrome P450 2J2,,Nabilone is indicated for the treatment of the nausea and vomiting associated with cancer chemotherapy in patients who have failed to respond adequately to conventional antiemetic treatments. This restriction is required because a substantial proportion of any group of patients treated with Nabilone can be expected to experience disturbing psychotomimetic reactions not observed with other antiemetic agents.,approved; investigational,"Nabilone is an orally active synthetic cannabinoid which, like other cannabinoids, has complex effects on the central nervous system (CNS). It has been suggested that the antiemetic effect of nabilone is caused by interaction with the cannabinoid receptor system, i.e., the CB (1) receptor, which is a component of the endocannabinoid system of the body. 

The endocannabinoid system is widely distributed throughout the central and peripheral nervous system (via the Cannabinoid Receptors CB1 and CB2) and plays a role in many physiological processes such as inflammation, cardiovascular function, learning, pain, memory, stress and emotional regulation, and the sleep/wake cycle among many others [A32824]. CB1 receptors are found in both the central and peripheral nervous system, and are most abundant in the hippocampus and amygdala, which are the areas of the brain responsible for short-term memory storage and emotional regulation. CB2 receptors are mainly located in the peripheral nervous system and can be found on lymphoid tissue where they are involved in regulation of immune function [A32676].",,
nalbuphine,vNo-DILI-Concern,C1CC(C1)CN2CC[C@]34C5[C@H](CC[C@]3([C@H]2CC6=C4C(=C(C=C6)O)O5)O)O,0,Metabolic,Nalbuphine,N02AF02,N02A,Kappa-type opioid receptor; Mu-type opioid receptor; Delta-type opioid receptor,,,For the relief of moderate to severe pain.,approved,"The exact mechanism of action is unknown, but is believed to interact with an opiate receptor site in the CNS (probably in or associated with the limbic system). The opiate antagonistic effect may result from competitive inhibition at the opiate receptor, but may also be a result of other mechanisms. Nalbuphine is thought primarily to be a kappa agonist. It is also a partial mu antagonist analgesic, with some binding to the delta receptor and minimal agonist activity at the sigma receptor.",,
naloxone,vNo-DILI-Concern,C=CCN1CC[C@]23[C@@H]4C(=O)CC[C@]2([C@H]1CC5=C3C(=C(C=C5)O)O4)O,0,Metabolic,Naloxone,A06AH04,A06A,Mu-type opioid receptor; Delta-type opioid receptor; Kappa-type opioid receptor; Cyclic AMP-responsive element-binding protein 1; Estrogen receptor; Toll-like receptor 4; Liver carboxylesterase 1,Cytochrome P450 3A4; UDP-glucuronosyltransferase 1A1; Cytochrome P450 2C18; Cytochrome P450 2C19,Solute carrier organic anion transporter family member 1A2; ATP-dependent translocase ABCB1,"Naloxone nasal sprays are indicated for the reversal of an opioid overdose or suspected opioid overdose: it is intended for immediate administration as emergency therapy in settings where opioids may be present.[L33694,L45515] Intramuscular, intravenous, and subcutaneous injections are indicated for complete or partial reversal of opioid depression, diagnosis of known or suspected opioid overdose, and as an adjunct therapy in the treatment of septic shock.[L33739]

Sublingual tablets and films are formulated with [buprenorphine] for the treatment of opioid dependence.[L33714,L33719] Naloxone is also formulated with [pentazocine] as an oral tablet for severe pain.[L33744]

Intramuscular or subcutaneous naloxone autoinjectors are used for the emergency treatment of people 12 years of age and older where the use of high-potency opioids such as fentanyl analogues as a chemical weapon, is suspected.[L40758, L40763]

Naloxone has been used off-label for the treatment of neuraxial opioid-induced pruritus.[A234604]",approved; vet_approved,"Naloxone is a competitive inhibitor of the Âµ-opioid receptor.[L33694,L33719] Naloxone antagonizes the action of opioids, reversing their effects.[L33694] If a patient has not taken opioids, naloxone does not have a significant effect on patients.[L33724]",,
neomycin,vNo-DILI-Concern,C1C(C(C(C(C1N)OC2C(C(C(C(O2)CN)O)O)N)OC3C(C(C(O3)CO)OC4C(C(C(C(O4)CN)O)O)N)O)O)N,0,Metabolic,Neomycin,A07AA51,A07A,30S ribosomal protein S12; 16S ribosomal RNA; Extracellular calcium-sensing receptor,,,"Oral neomycin sulfate is indicated as an adjunctive therapy in hepatic coma (portal-system encephalopathy) by reducing ammonia-forming bacteria in the intestinal tract. It is strongly recommended that oral neomycin is only used in infections that are proven or strongly suspected to be caused by susceptible bacteria to reduce the risk of the development of drug-resistant bacteria.[L11979]

Neomycin, in combination with polymyxin B sulfates and hydrocortisone in otic suspensions, is used in the treatment of superficial bacterial infections of the external auditory canal caused by organisms susceptible to the antibiotics. This otic formulation is also used in the treatment of infections of mastoidectomy and fenestration cavities caused by organisms susceptible to the antibiotics.[L10532]

The ophthalmic solution containing neomycin in combination with polymyxin B sulfates and dexamethasone is used to treat steroid-responsive inflammatory ocular conditions for which a corticosteroid is indicated and where bacterial infection or a risk of bacterial infection exists.[L10716]",approved; vet_approved,"Like other aminoglycoside antibiotic drugs, neomycin inhibits bacterial ribosomes by binding to the 30S ribosomal subunit of susceptible bacteria and disrupting the translational machinery of bacterial protein synthesis.[A15783,T28] Bacterial translation is normally initiated by the mRNA binding to the 30S ribosomal subunit and subsequent binding with 50S subunit for elongation.[T28]",,
nesiritide,vNo-DILI-Concern,CC[C@H](C)[C@H]1C(=O)N[C@H](C(=O)N[C@H](C(=O)N[C@H](C(=O)N[C@H](C(=O)NCC(=O)N[C@H](C(=O)NCC(=O)N[C@@H](CSSC[C@@H](C(=O)N[C@H](C(=O)NCC(=O)N[C@H](C(=O)N[C@H](C(=O)N[C@H](C(=O)N[C@H](C(=O)N[C@H](C(=O)N1)CCCNC(=N)N)CC(=O)O)CCSC)CCCCN)CCCNC(=N)N)CC2=CC=CC=C2)NC(=O)CNC(=O)[C@H](CO)NC(=O)CNC(=O)[C@H](CCC(=O)N)NC(=O)[C@H](C(C)C)NC(=O)[C@H](CCSC)NC(=O)[C@H](CCCCN)NC(=O)[C@@H]3CCCN3C(=O)[C@H](CO)N)C(=O)N[C@@H](CCCCN)C(=O)N[C@@H](C(C)C)C(=O)N[C@@H](CC(C)C)C(=O)N[C@@H](CCCNC(=N)N)C(=O)N[C@@H](CCCNC(=N)N)C(=O)N[C@@H](CC4C=NC=N4)C(=O)O)CC(C)C)CO)CO)CO)CO,0,Metabolic,,,,,,,,,,,
nitazoxanide,vNo-DILI-Concern,CC(=O)OC1=CC=CC=C1C(=O)NC2=NC=C(S2)[N+](=O)[O-],0,Metabolic,Nitazoxanide,P01AX11,P01A,Pyruvate synthase,,,"For the treatment of diarrhea in adults and children caused by the protozoa <i>Giardia lamblia</i>,  and for the treatment of diarrhea in children caused by the protozoan,  <i>Cryptosporidium parvum</i> [FDA label].

Nitazoxanide has not been shown to be superior to placebo medication for the management of diarrhea caused by Cryptosporidium parvum in patients with HIV/immunodeficiency [FDA label, A31973, A31976].",approved; investigational; vet_approved,"The most widely accepted mechanism of NTZ is believed to be the disruption of the energy metabolism in anaerobic microbes by inhibition of the pyruvate: ferredoxin/flavodoxin oxidoreductase (PFOR) cycle [A31981]. In parasitic-protozoa, Nitazoxanide also induces lesions in the cell membranes and depolarizes the mitochondrial membrane while inhibiting quinone oxidoreductase NQO1, nitroreductase-1 and protein disulphide isomerase enzymes. In addition, this drug also inhibits the glutathione-S-transferase (a major detoxifying enzyme) and modulates the Avr-14 gene, encoding for the alpha-type subunit of glutamate-gated chloride ion channel present in nematodes. Aside from its well understood non-competitive inhibition of the PFOR in anaerobic bacteria, NTZ also demonstrates various other antibacterial mechanisms. It inhibits pyruvate dehydrogenase in E Coli, disrupts the membrane potential and pH homeostasis in the Mycobacterium tuberculosis, suppresses the chaperone/usher (CU) pathway of the gram-negative bacteria,  and stimulates host macrophage autophagy in tuberculosis patients [A31976]. NTZ also suppresses viral replication by inhibiting the maturation of the viral hemagglutinin and the viral transcription factor immediate early 2 (IE2) as well as by activating the eukaryotic translation initiation factor 2Î± (an antiviral intracellular protein). Lastly, NTZ exhibits an inhibitory effect on tumor cell progression by altering drug detoxification (glutathione-S-transferase P1), unfolded protein response, autophagy, anti-cytokines activity, and c-Myc inhibition [A31976].",,
nitroglycerin,vNo-DILI-Concern,C(C(CO[N+](=O)[O-])O[N+](=O)[O-])O[N+](=O)[O-],0,Metabolic,Nitroglycerin,C01DA02,C01D,Epidermal growth factor receptor; Guanylate cyclase soluble subunit alpha-1; Guanylate cyclase soluble subunit beta-1; Atrial natriuretic peptide receptor 1,"Aldehyde dehydrogenase, mitochondrial",,"Sublingual nitroglycerin is indicated for the acute relief of an attack or acute prophylaxis of angina pectoris due to coronary artery disease.[L7102,L38369,L42320] Transdermal nitroglycerin is indicated for the prevention of angina pectoris due to coronary artery disease.[L7141]

Intravenous nitroglycerin is indicated for the treatment of peri-operative hypertension; for control of congestive heart failure in the setting of acute myocardial infarction; for treatment of angina pectoris in patients who have not responded to sublingual nitroglycerin and beta (Î²)-blockers; and for induction of intraoperative hypotension.[L7099] 

Topical nitroglycerin ointment is used to treat moderate to severe pain associated with chronic anal fissure.[L42445]",approved; investigational,"Nitroglycerin is converted by mitochondrial aldehyde dehydrogenase in smooth muscle cells to nitric oxide (NO), a potent vasodilator. NO activates the enzyme guanylate cyclase, which converts guanosine triphosphate (GTP) to cyclic guanosine 3',5'-monophosphate (cGMP) in vascular smooth muscle and other tissues.[A180166,A180169,A249970] cGMP is an endogenous vasodilator of vascular smooth muscle:[A180172] it causes protein kinase-dependent phosphorylation and activates downstream cascades that promote relaxation and increased blood flow in veins, arteries and cardiac tissue.[A180172,A249970] An _in vitro_ study using mouse aorta suggests that nitric oxide, an active metabolite of nitroglycerin, targets the natriuretic peptide receptors.[A5526]",,
nitroprusside,vNo-DILI-Concern,[C-]#N.[C-]#N.[C-]#N.[C-]#N.[C-]#N.[N-]=O.[Fe+4],0,Metabolic,Nitroprusside,C02DD01,C02D,Guanylate cyclase soluble subunit alpha-1; Guanylate cyclase soluble subunit beta-1; Atrial natriuretic peptide receptor 1,Cytochrome P450 1A1,,"For immediate reduction of blood pressure of patients in hypertensive crises, reduce bleeding during surgery, and for the treatment of acute congestive heart failure",approved; investigational,"One molecule of sodium nitroprusside is metabolized by combination with hemoglobin to produce one molecule of cyanmethemoglobin and four CN- ions; methemoglobin, obtained from hemoglobin, can sequester cyanide as cyanmethemoglobin; thiosulfate reacts with cyanide to produce thiocyanate; thiocyanate is eliminated in the urine; cyanide not otherwise removed binds to cytochromes. Cyanide ion is normally found in serum; it is derived from dietary substrates and from tobacco smoke. Cyanide binds avidly (but reversibly) to ferric ion (Fe+++), most body stores of which are found in erythrocyte methemoglobin (metHgb) and in mitochondrial cytochromes. When CN is infused or generated within the bloodstream, essentially all of it is bound to methemoglobin until intraerythrocytic methemoglobin has been saturated. 

Sodium nitroprusside is further broken down in the circulation to release nitric oxide (NO), which activates guanylate cyclase in the vascular smooth muscle. This leads to increased production of intracellular cGMP, which stimulates calcium ion movement from the cytoplasm to the endoplasmic reticulum, reducing the level of available calcium ions that can bind to calmodulin. This ultimately results in vascular smooth muscle relaxation and vessel dilation.",,
norepinephrine,vNo-DILI-Concern,C1=CC(=C(C=C1[C@H](CN)O)O)O,0,Metabolic,Norepinephrine,C01CA03,C01C,Alpha-1A adrenergic receptor; Alpha-1B adrenergic receptor; Alpha-1D adrenergic receptor; Alpha-2A adrenergic receptor; Alpha-2B adrenergic receptor; Alpha-2C adrenergic receptor; Beta-1 adrenergic receptor; Beta-2 adrenergic receptor; Beta-3 adrenergic receptor; Phenylalanine-4-hydroxylase; Synaptic vesicular amine transporter; Chromaffin granule amine transporter,,"Sodium-dependent noradrenaline transporter; Solute carrier family 22 member 2; Solute carrier family 22 member 3; Organic cation/carnitine transporter 2; Solute carrier family 22 member 1; POU domain, class 5, transcription factor 1",Mainly used to treat patients in vasodilatory shock states such as septic shock and neurogenic shock and has shown a survival benefit over dopamine. Also used as a vasopressor medication for patients with critical hypotension.,approved,Norepinephrine functions as a peripheral vasoconstrictor by acting on alpha-adrenergic receptors. It is also an inotropic stimulator of the heart and dilator of coronary arteries as a result of it's activity at the beta-adrenergic receptors.,,
norethindrone acetate,vNo-DILI-Concern,CC(=O)OC1(CCC2C1(CCC3C2CCC4=CC(=O)CCC34)C)C#C,0,Metabolic,,,,,,,,,,,
nystatin,vNo-DILI-Concern,C[C@@H]1[C@H]([C@@H]([C@@H](C(O1)OC\2CC(C(C(CC(=O)CC(C(CCC(CC(CC(CC(=O)OC(C(C(C(/C=C/C=C/CC/C=C/C=C/C=C/C=C2)C)O)C)C)O)O)O)O)O)O)C(=O)O)O)O)N)O,0,Metabolic,Nystatin,D01AA01,D01A,Ergosterol,,Solute carrier organic anion transporter family member 1B1; Solute carrier organic anion transporter family member 1B3,"Nystatin is available in oral formulations for the treatment and/or prevention of oral candidiasis (a.k.a. thrush), intestinal candidiasis, and anal candidiasis.[L10686,L10728] It is indicated topically for the treatment of vulvovaginal candidiasis and other cutaneous candida infections.[L10728] A combination product containing nystatin alongside [neomycin], [gramicidin D], and [triamcinolone] (Viaderm K.C.Â®) is indicated in the treatment of corticosteroid-responsive dermatoses caused by bacterial or candidal infections and for pruritus ani/vulvae.[L10731] It is also available in combination with [metronidazole] for the treatment of mixed infections due to _Trichomonas vaginalis_ and _Candida albicans_.[L10776]

Nystatin is also sometimes used off-label for the prevention of invasive candidiasis in low birth weight neonates,[A188565] though it is generally reserved as a second-line option after [fluconazole].",approved; vet_approved,"Nystatin is a channel-forming ionophore, meaning it exerts its therapeutic effect via formation of a membrane-spanning pore in the fungal plasma membrane.[A188592] The formation of this pore results in a change in membrane permeability that allows for leakage of intracellular contents and the subsequent disruption of electrochemical gradients necessary for proper cell function.[L10686,A188562] Selectivity for fungal cells over mammalian cells is due to nystatin?™s greater binding affinity for ergosterol, a key sterol found in fungal cell walls, as opposed to its mammalian counterpart, cholesterol.[A16808]",,
orciprenaline,vNo-DILI-Concern,CC(C)NCC(C1=CC(=CC(=C1)O)O)O,0,Metabolic,Orciprenaline,R03AB03,R03A,Beta-2 adrenergic receptor,,,"For the treatment of bronchospasm, chronic bronchitis, asthma, and emphysema.",approved,"Orciprenaline stimulates the Î²2-adrenergic receptor expressed in the lungs, uterus, and vasculature supplying skeletal muscles by acting as a moderately selective agonist. It exerts minimal or no effect on alpha-adrenergic receptors. Intracellularly, the actions of orciprenaline are mediated by cAMP, the production of which is augmented by beta stimulation. The drug is believed to work by activating adenylate cyclase, the enzyme responsible for producing the cellular mediator cAMP.",,
orphenadrine,vNo-DILI-Concern,CC1=CC=CC=C1C(C2=CC=CC=C2)OCCN(C)C,0,Metabolic,Orphenadrine,M03BC51,M03B,"Glutamate receptor ionotropic, NMDA 2D; Glutamate receptor ionotropic, NMDA 1; Glutamate receptor ionotropic, NMDA 3B; Glutamate receptor ionotropic, NMDA 3A; Histamine H1 receptor; Sodium-dependent noradrenaline transporter; Sodium channel protein type 10 subunit alpha",Cytochrome P450 2B6; Cytochrome P450 3A4; Cytochrome P450 2E1; Cytochrome P450 1A2; Cytochrome P450 2D6,,"Indicated as an adjunct to rest, physical therapy, and other measures for the relief of discomfort associated with acute painful musculo skeletal conditions.",approved,"Orphenadrine binds and inhibits both histamine H1 receptors and NMDA receptors. It restores the motor disturbances induced by neuroleptics, in particular the hyperkinesia. The dopamine deficiency in the striatum increases the stimulating effects of the cholinergic system. This stimulation is counteracted by the anticholinergic effect of orphenadrine. It may have a relaxing effect on skeletal muscle spasms and it has a mood elevating effect.",,
oxybutynin,vNo-DILI-Concern,CCN(CC)CC#CCOC(=O)C(C1CCCCC1)(C2=CC=CC=C2)O,0,Metabolic,Oxybutynin,G04BD04,G04B,Muscarinic acetylcholine receptor M3; Muscarinic acetylcholine receptor M2; Muscarinic acetylcholine receptor M1,Cytochrome P450 3A4; Cytochrome P450 2C8; Cytochrome P450 2D6; Cytochrome P450 3A5,,"Oxybutynin is indicated for the symptomatic treatment of overactive bladder, which causes urge urinary incontinence and frequency, and urgency.  Oxybutynin may also be used for children aged 6 and above for the symptomatic management of detrusor muscle overactivity which has been found to be related to a neurological condition. Spina bifida is an example of a neurological condition in which oxybutynin may be used to control urinary symptoms.[L8648] On occasion, oxybutynin may be used off-label to relieve bladder spasms associated with ureteral stents or urinary catheters.[T689]",approved; investigational,"Oxybutynin acts to relax the bladder by inhibiting the muscarinic action of acetylcholine on smooth muscle, and not skeletal muscle.[L8648]
The active of oxybutynin is metabolite is N-desethyloxybutynin. It competitively inhibits the postganglionic type 1, 2 and 3 muscarinic receptors. The above actions lead to increased urine capacity in the bladder, decreasing urinary urgency and frequency.  In addition, oxybutynin delays the initial desire to void.[T689,L8648]",,
oxycodone,vNo-DILI-Concern,CN1CC[C@]23[C@@H]4C(=O)CC[C@]2([C@H]1CC5=C3C(=C(C=C5)OC)O4)O,0,Metabolic,Oxycodone,N02AA56,N02A,Mu-type opioid receptor; Kappa-type opioid receptor; Delta-type opioid receptor,Cytochrome P450 2D6; Cytochrome P450 3A4; Cytochrome P450 3A5,,Oxycodone is indicated for the treatment of moderate to severe pain.[Label] There is also an extended release formulation indicated for chronic moderate to severe pain requiring continuous opioid analgesics for an extended period.[Label],approved; illicit; investigational,"The full mechanism of oxycodone is not known.[Label] Under conditions of inflammation or hyperalgesia, opioid receptors in the heart, lungs, liver, gastrointestinal tract, and reproductive system are upregulated and transported to nerve terminals.[A178696] Oxycodone and its active metabolites, noroxycodone, oxymorphone, and noroxymorphone are opioid agonists.[A178639] These compounds passively diffuse across the blood brain barrier or may be actively transported across by an unknown mechanism.[A178696] Oxycodone and its active metabolites can selectively bind to the mu opioid receptor, but also the kappa and delta opioid receptors in the central nervous system and periphery, and induce a G protein coupled receptor signalling pathway.[A178696] Activation of mu opioid receptors inhibits N-type voltage operated calcium channels, inhibiting responses to pain.[A178735]",,
oxymorphone,vNo-DILI-Concern,CN1CC[C@]23[C@@H]4C(=O)CC[C@]2([C@H]1CC5=C3C(=C(C=C5)O)O4)O,0,Metabolic,Oxymorphone,N02AA11,N02A,Mu-type opioid receptor; Delta-type opioid receptor,Cytochrome P450 3A4; Cytochrome P450 2D6,,For the treatment of moderate-to-severe pain.,approved; investigational; vet_approved,"Oxymorphone interacts predominantly with the opioid mu-receptor. These mu-binding sites are discretely distributed in the human brain, with high densities in the posterior amygdala, hypothalamus, thalamus, nucleus caudatus, putamen, and certain cortical areas. They are also found on the terminal axons of primary afferents within laminae I and II (substantia gelatinosa) of the spinal cord and in the spinal nucleus of the trigeminal nerve. Also, it has been shown that oxymorphone binds to and inhibits GABA inhibitory interneurons via mu-receptors. These interneurons normally inhibit the descending pain inhibition pathway. So, without the inhibitory signals, pain modulation can proceed downstream.",,
oxytocin,vNo-DILI-Concern,CC[C@H](C)[C@H]1C(=O)N[C@H](C(=O)N[C@H](C(=O)N[C@@H](CSSC[C@@H](C(=O)N[C@H](C(=O)N1)CC2=CC=C(C=C2)O)N)C(=O)N3CCC[C@H]3C(=O)N[C@@H](CC(C)C)C(=O)NCC(=O)N)CC(=O)N)CCC(=O)N,0,Metabolic,,,,,,,,,,,
paliperidone,vNo-DILI-Concern,CC1=C(C(=O)N2CCCC(C2=N1)O)CCN3CCC(CC3)C4=NOC5=C4C=CC(=C5)F,0,Metabolic,Paliperidone,N05AX13,N05A,5-hydroxytryptamine receptor 2A; D(2) dopamine receptor; D(4) dopamine receptor; D(3) dopamine receptor; 5-hydroxytryptamine receptor 2C; Histamine H1 receptor; Alpha-1A adrenergic receptor; Alpha-1B adrenergic receptor; 5-hydroxytryptamine receptor 1D; Alpha-2A adrenergic receptor; Alpha-2B adrenergic receptor; Alpha-2C adrenergic receptor; 5-hydroxytryptamine receptor 1A; D(1A) dopamine receptor; 5-hydroxytryptamine receptor 7,Cytochrome P450 3A4; Cytochrome P450 2D6; Cytochrome P450 3A5,ATP-dependent translocase ABCB1,"As an oral extended-release tablet and a once-monthly extended-release suspension for intramuscular injection, paliperidone is indicated for the treatment of adults and adolescents with schizophrenia and in the treatment of schizoaffective disorder in combination with antidepressants or mood stabilizers.[L16168,L37744] Paliperidone is also available in both an every-three-month and twice-yearly extended-release suspension for intramuscular injection for the treatment of schizophrenia.[L4137,L37749]",approved,"Paliperidone is the major active metabolite of risperidone. The mechanism of action of paliperidone, as with other drugs having efficacy in schizophrenia, is unknown, but it has been proposed that the drug's therapeutic activity in schizophrenia is mediated through a combination of central dopamine Type 2 (D2) and serotonin Type 2 (5HT2A) receptor antagonism.",,
pamabrom,vNo-DILI-Concern,CC(C)(CO)N.CN1C2=C(C(=O)N(C1=O)C)NC(=N2)Br,0,Metabolic,,,,,,,,,,,
pancrelipase,vNo-DILI-Concern,C[Si]12OCCN(CC(O1)COCC=C)CC(O2)COCC=C,0,Metabolic,,,,,,,,,,,
pancuronium,vNo-DILI-Concern,CC(=O)O[C@H]1C[C@@H]2CC[C@@H]3[C@@H]([C@]2(C[C@@H]1[N+]4(CCCCC4)C)C)CC[C@]5([C@H]3C[C@@H]([C@@H]5OC(=O)C)[N+]6(CCCCC6)C)C.[Br-].[Br-],0,Metabolic,Pancuronium,M03AC01,M03A,Neuronal acetylcholine receptor subunit alpha-2; Muscarinic acetylcholine receptor M2; Muscarinic acetylcholine receptor M3,Cholinesterase,Solute carrier family 22 member 1; Solute carrier family 22 member 2,Used as a muscle relaxant during anesthesia and surgical procedures.,approved,"Nondepolarizing neuromuscular blocking agents inhibit neuromuscular transmission by competing with acetylcholine for the cholinergic receptors of the motor end plate, thereby reducing the response of the end plate to acetylcholine. This type of neuromuscular block is usually antagonized by anticholinesterase agents.",,
paromomycin,vNo-DILI-Concern,C1[C@H]([C@@H]([C@H]([C@@H]([C@H]1N)O[C@@H]2[C@@H]([C@H]([C@@H]([C@H](O2)CO)O)O)N)O[C@H]3[C@@H]([C@@H]([C@H](O3)CO)O[C@@H]4[C@@H]([C@H]([C@@H]([C@@H](O4)CN)O)O)N)O)O)N,0,Metabolic,Paromomycin,A07AA06,A07A,30S ribosomal protein S10; 16S ribosomal RNA; Small ribosomal subunit protein uS2; Ribosomal protein uL16-like,,,For the treatment of acute and chronic intestinal amebiasis (it is not effective in extraintestinal amebiasis). Also for the management of hepatic coma as adjunctive therapy.,approved; investigational,"Paromomycin inhibits protein synthesis by binding to 16S ribosomal RNA. Bacterial proteins are synthesized by ribosomal RNA complexes which are composed of 2 subunits, a large subunit (50s) and small (30s) subunit, which forms a 70s ribosomal subunit. tRNA binds to the top of this ribosomal structure. Paramomycin binds to the A site, which causes defective polypeptide chains to be produced. Continuous production of defective proteins eventually leads to bacterial death.",,
pegfilgrastim,vNo-DILI-Concern,CN(C)C1=CC(=C(C=C1)OC)CN[C@H]2CCCN[C@H]2C3=CC=CC=C3,0,Metabolic,,,,,,,,,,,
penbutolol,vNo-DILI-Concern,CC(C)(C)NC[C@@H](COC1=CC=CC=C1C2CCCC2)O,0,Metabolic,Penbutolol,C07CA23,C07C,Beta-1 adrenergic receptor; Beta-2 adrenergic receptor; 5-hydroxytryptamine receptor 1A; 5-hydroxytryptamine receptor 1B,Cytochrome P450 2D6,,"Penbutolol is indicated in the treatment of mild to moderate arterial hypertension. It may be used alone or in combination with other antihypertensive agents, especially thiazide-type diuretics.Penbutolol is contraindicated in patients with cardiogenic shock, sinus bradycardia, second and third degree atrioventricular conduction block, bronchial asthma, and those with known hypersensitivity.",approved; investigational,"Penbutolol acts on the Î²1 adrenergic receptors in both the heart and the kidney. When Î²1 receptors are activated by catecholamines, they stimulate a coupled G protein that leads to the conversion of adenosine triphosphate (ATP) to cyclic adenosine monophosphate (cAMP). The increase in cAMP leads to activation of protein kinase A (PKA), which alters the movement of calcium ions in heart muscle and increases the heart rate. Penbutolol blocks the catecholamine activation of Î²1 adrenergic receptors and decreases heart rate, which lowers blood pressure.",,
penicillin v,vNo-DILI-Concern,CC1([C@@H](N2[C@H](S1)[C@@H](C2=O)NC(=O)COC3=CC=CC=C3)C(=O)O)C,0,Metabolic,Phenoxymethylpenicillin,J01CR50,J01C,MecA PBP2' (penicillin binding protein 2'); Penicillin-binding protein 1A; D-alanyl-D-alanine carboxypeptidase DacB; Penicillin acylase; Solute carrier family 15 member 1,,,"Indicated for the treatment of mild to moderately severe infections due to penicillin GÂ­-sensitive microorganisms, with the use of bacteriological studies (including sensitivity tests) and clinical response.[label] 

Phenoxymethylpenicillin may be used for the treatment of: 

- mild to moderate infections of the upper respiratory tract, scarlet fever, and mild erysipelas caused by Streptococcus without bacteremia
- mild to moderately severe infections of the respiratory tract caused by Pneumococcus
- mild infections of the skin and soft tissues caused by penicillin G-sensitive Staphylococcus
- mild to moderately severe infections of the oropharynx caused by Fusospirochetosis, including Vincent?™s gingivitis and pharyngitis, usually respond to oral penicillin therapy

**Off-label**

Indicated for use as prophylaxis against bacterial endocarditis in patients with congenital heart disease or rheumatic or other acquired valvular heart disease when they undergo dental procedures and surgical procedures of the upper respiratory tract.[label]",approved; vet_approved,"Phenoxymethylpenicillin inhibits the biosynthesis of cell wall mucopeptide [label] by binding to specific penicillin-binding proteins (PBPs) located inside the bacterial cell wall, which are critical in the cell wall synthesis and maintenance, as well as cell division.[L6412] This disrupts the third and last stage of bacterial cell wall synthesis. This subsequently leads to cell lysis.[L6412]",,
pentagastrin,vNo-DILI-Concern,CC(C)COC(=O)NCCC(=O)N[C@@H](CC1=CNC2=CC=CC=C21)C(=O)N[C@@H](CCSC)C(=O)N[C@@H](CC(=O)O)C(=O)N[C@@H](CC3=CC=CC=C3)C(=O)N,0,Metabolic,Pentagastrin,V04CG04,V04C,Gastrin/cholecystokinin type B receptor,Cholinesterase,,Used as a diagnostic aid for evaluation of gastric acid secretory function,approved,"The exact mechanism by which pentagastrin stimulates gastric acid, pepsin, and intrinsic factor secretion is unknown; however, since pentagastrin is an analogue of natural gastrin, it is believed that it excites the oxyntic cells of the stomach to secrete to their maximum capacity. Pentagastrin stimulates pancreatic secretion, especially when administered in large intramuscular doses. Pentagastrin also increases gastrointestinal motility by a direct effect on the intestinal smooth muscle. However, it delays gastric emptying time probably by stimulation of terminal antral contractions, which enhance retropulsion.",,
pentazocine,vNo-DILI-Concern,C[C@H]1[C@H]2CC3=C([C@@]1(CCN2CC=C(C)C)C)C=C(C=C3)O,0,Metabolic,Pentazocine,N02AD51,N02A,Sigma non-opioid intracellular receptor 1; Mu-type opioid receptor; Kappa-type opioid receptor,,ATP-dependent translocase ABCB1,For the relief of moderate to severe pain.,approved; vet_approved,"The preponderance of evidence suggests that pentazocine antagonizes the opioid effects by competing for the same receptor sites, especially the opioid mu receptor.",,
pentetic acid,vNo-DILI-Concern,C(CN(CC(=O)O)CC(=O)O)N(CCN(CC(=O)O)CC(=O)O)CC(=O)O,0,Metabolic,Pentetic acid,,,Transuranium elements,,,"DTPA is widely used in industry and medicine. As a medical agent, it is approved for its use in medical imaging and for the decorporation of internally deposited radionuclides.[A32501] It is FDA approved for the treatment of individuals with known or suspected internal contamination with plutonium, americium or curium to increase the rates of elimination.[L2243]

Due to the pharmacokinetic elimination by the kidneys, pentetic acid conjugated with technetium Tc-99m is being used clinically to estimate physiological parameters such as glomerular filtration rat and effective renal plasma flow.[T168]",approved,The calcium and zinc trisodium salts of DTPA achieve the therapeutical potential by exchanging calcium and zinc cations with transuranic radionuclides to form higher affinity complexes and then promote their elimination by glomerular filtration into the urine. DTPA as an acid acts in a very similar way by sequestering ions with its eight coordinate bond forming sites.[A32501],,
perflutren,vNo-DILI-Concern,C(C(F)(F)F)(C(F)(F)F)(F)F,0,Metabolic,Perflutren,,,,,,Used as an ultrasound contrast imaging in cardiology and radiology.,approved,"Perflutren is comprised of gas-filled microspheres that are injected or infused into the body. When exposed to ultrasound waves, the microspheres resonate and ""echo"" strong signals back to the ultrasound machine. The difference in density between the gas-filled bubbles and the blood around them creates an increased level of contrast visible in the resulting ultrasound image. During echocardiography, activated Perflutren enhances images of the inner edges or borders of the heart, producing an improved image that may enable physicians to better diagnose patients.",,
phendimetrazine,vNo-DILI-Concern,CC1C(OCCN1C)C2=CC=CC=C2,0,Metabolic,Phendimetrazine,,,Alpha-1A adrenergic receptor; Sodium-dependent noradrenaline transporter; Alpha-1B adrenergic receptor,,,Used in the management of exogenous obesity as a short term adjunct (a few weeks) in a regimen of weight reduction based on caloric restriction.,approved; illicit,Phendimetrazine may act in a similar way to amphetamines in that it activates the alpha-adrenergic system to induce an appetite suppressive and metabolic increase effect. The drug also acts as a norepinephrine-dopamine releasing agent (NDRA). It can bind to and reverse the NET.,,
phenoxybenzamine,vNo-DILI-Concern,CC(COC1=CC=CC=C1)N(CCCl)CC2=CC=CC=C2,0,Metabolic,Phenoxybenzamine,C04AX02,C04A,D(2) dopamine receptor; Alpha-1A adrenergic receptor; Alpha-2A adrenergic receptor; Alpha-2C adrenergic receptor; Alpha-2B adrenergic receptor; Beta-2 adrenergic receptor; Alpha-1B adrenergic receptor; Alpha-1D adrenergic receptor; Calmodulin,,Solute carrier family 22 member 2; Solute carrier family 22 member 1; Solute carrier family 22 member 3,"For the treatment of phaeochromocytoma (malignant), benign prostatic hypertrophy and malignant essential hypertension.",approved,"Phenoxybenzamine produces its therapeutic actions by blocking alpha receptors, leading to a muscle relaxation and a widening of the blood vessels. This widening of the blood vessels results in a lowering of blood pressure.",,
phentolamine,vNo-DILI-Concern,CC1=CC=C(C=C1)N(CC2=NCCN2)C3=CC(=CC=C3)O,0,Metabolic,Phentolamine,V03AB36,V03A,Alpha-1 adrenergic receptors; D(2) dopamine receptor; Alpha-2 adrenergic receptors; ATP-sensitive inward rectifier potassium channel 11,,,"When used intravenously or intramuscularly, phentolamine is used to prevent or control hypertensive episodes that may occur in a patient with pheochromocytoma due to stress or manipulation during preoperative preparation and surgical excision. It is also used to prevent or treat dermal necrosis and sloughing following intravenous administration or extravasation of norepinephrine. It may be used to diagnose pheochromocytoma by the phentolamine-blocking test.[L48420]

Submucosal injection of phentolamine is indicated for the reversal of soft-tissue anesthesia (e.g. anesthesia of the lip and tongue) and the associated functional deficits resulting from an intraoral submucosal injection of a local anesthetic containing a vasoconstrictor in patients three years old and older.[L48415]

Phentolamine ophthalmic solution is used to treat pharmacologically-induced mydriasis produced by adrenergic agonists (e.g., phenylephrine) or parasympatholytic (e.g., tropicamide) agents.[L48390]",approved,"Phentolamine is a reversible, competitive antagonist at alpha-1 and alpha-2 adrenergic receptors.[A261766, L48390] It causes vasodilation of vascular smooth muscles.[L48415] Pupil dilation is primarily controlled by the radial iris dilator muscles surrounding the pupil, which are activated by the alpha-1 adrenergic receptors. Phentolamine reversibly binds to these receptors and reduces pupil diameter. By blocking alpha-1 adrenergic receptors, phentolamine can also be used to reverse mydriasis induced by muscarinic antagonists.[L48390]",,
physostigmine,vNo-DILI-Concern,C[C@@]12CCN([C@@H]1N(C3=C2C=C(C=C3)OC(=O)NC)C)C,0,Metabolic,Physostigmine,S01EB05,S01E,Acetylcholinesterase; Neuronal acetylcholine receptor subunit alpha-4; Neuronal acetylcholine receptor subunit beta-2,,,"For the treatment of glaucoma, and in the treatment of severe anticholinergic toxicity.",approved; investigational,"Physostigmine inhibits acetylcholinesterase, the enzyme responsible for the breakdown of used acetylcholine. By interfering with the metabolism of acetylcholine, physostigmine indirectly stimulates both nicotinic and muscarinic receptors due to the consequential increase in available acetylcholine at the synapse.",,
phytonadione,vNo-DILI-Concern,CC1=C(C(=O)C2=CC=CC=C2C1=O)CC=C(C)CCCC(C)CCCC(C)CCCC(C)C,0,Metabolic,Phylloquinone,B02BA01,B02B,Vitamin K-dependent gamma-carboxylase; Osteocalcin,Cytochrome P450 4F2; UbiA prenyltransferase domain-containing protein 1; Vitamin K epoxide reductase complex subunit 1,,"Oral phylloquinone is indicated to treat prothrombin deficiency caused by coumarin or indanedione derivatives; and hypoprothrombinemia secondary to antibacterial therapy, salicylates, or obstructive jaundice or biliary fistulas with concomitant bile salt administration.[L33345]

Parenteral (intravenous, intramuscular, and subcutaneous) phylloquinone is indicated to treat coagulation disorders due to faulty formation of coagulation factors II, VII, IX, and X caused by vitamin K deficiency or some interference with vitamin K activity.[L33319] These indications include the above indications as well as hypoprothrombinemia secondary to sprue, ulcerative colitis, celiac disease, intestinal resection, pancreatic cystic fibrosis, or regional enteritis; or hypoprothrombinemia caused by interference with vitamin k metabolism.[L33319]",approved; investigational,"Vitamin K is a cofactor of gamma-carboxylase.[A234264,A234195] Gamma carboxylase attaches carboxylic acid functional groups to glutamate, allowing precursors of factors II, VII, IX, and X to bind calcium ions.[A234259] Binding of calcium ions converts these clotting factors to their active form, which are then secreted from hepatocytes into the blood, restoring normal clotting function.[L33345]

Vitamin K may also carboxylate matrix proteins in chondrocytes, inhibiting calcification of joints, and may increase type II collagen.[A234304] The role of vitamin K in osteroarthritis,[A234304] bone density,[A234309] and vascular calcification[A234314] is currently under investigation.",,
pimozide,vNo-DILI-Concern,C1CN(CCC1N2C3=CC=CC=C3NC2=O)CCCC(C4=CC=C(C=C4)F)C5=CC=C(C=C5)F,0,Metabolic,Pimozide,N05AG02,N05A,D(2) dopamine receptor; D(3) dopamine receptor; Voltage-gated inwardly rectifying potassium channel KCNH2; Calmodulin,Cytochrome P450 2D6; Cytochrome P450 3A4; Cytochrome P450 1A2; Cytochrome P450 3A5; Cytochrome P450 3A7,ATP-dependent translocase ABCB1,Used for the suppression of motor and phonic tics in patients with Tourette's Disorder who have failed to respond satisfactorily to standard treatment.,approved,The ability of pimozide to suppress motor and phonic tics in Tourette's Disorder is thought to be primarily a function of its dopaminergic blocking activity. Pimozide binds and inhibits the dopamine D2 receptor in the CNS.,,
pindolol,vNo-DILI-Concern,CC(C)NCC(COC1=CC=CC2=C1C=CN2)O,0,Metabolic,Pindolol,C07CA03,C07C,Beta-1 adrenergic receptor; Beta-2 adrenergic receptor; Beta-3 adrenergic receptor; 5-hydroxytryptamine receptor 1A; 5-hydroxytryptamine receptor 1B,UDP-glucuronosyltransferases (UGTs); Sulfotransferase; Cytochrome P450 2D6,Solute carrier family 22 member 2,"Pindolol is indicated in the management of hypertension.[L32353] In Canada, it is also indicated in the prophylaxis of angina.[L32388]",approved; investigational,"The beta-1 adrenoceptor is a G-protein-coupled receptor.[A230948] Agonism of the beta-1 adrenoceptor allows the Gs subunit to upregulate adenylyl cyclase, converting ATP to cyclic AMP (cAMP).[A230948] Increased concentrations of cAMP activate cAMP-dependant kinase A, phosphorylating calcium channels, raising intracellular calcium, increasing calcium exchange through the sarcoplasmic reticulum, and increasing cardiac inotropy.[A230948] cAMP-dependant kinase A also phosphorylates myosin light chains, increasing smooth muscle contractility.[A230948] Increased smooth muscle contractility in the kidney releases renin.[A230948]

Pindolol is a non-selective beta blocker.[A230958] Blocking beta-1 adrenergic receptors in the heart results in decreased heart rate and blood pressure.[A230958] By blocking beta-1 receptors in the juxtaglomerular apparatus, pindolol inhibits the release of renin, which inhibits angiotensin II and aldosterone release.[A230948,A230953] Reduced angiotensin II inhibits vasoconstriction and reduced aldosterone inhibits water retention.[A230948,A230953]

Beta-2 adrenoceptors located in the kidneys and peripheral blood vessels use a similar mechanism to activate cAMP-dependant kinase A to increase smooth muscle contractility.[A230973] Blocking of the beta-2 adrenoceptor relaxes smooth muscle, leading to vasodilation.[A230973]",,
plerixafor,vNo-DILI-Concern,C1CNCCNCCCN(CCNC1)CC2=CC=C(C=C2)CN3CCCNCCNCCCNCC3,0,Metabolic,Plerixafor,L03AX16,L03A,C-X-C chemokine receptor type 4,,,Plerixafor is indicated in combination with granulocyte-colony stimulating factor (G-CSF) to mobilize hematopoietic stem cells (HSCs) to the peripheral blood for collection and subsequent autologous transplantation in patients with non-Hodgkin?™s lymphoma or multiple myeloma.[L45678],approved; investigational,"Plerixafor inhibits the C-X-C chemokine receptor type 4 (CXCR4) on CD34+ cells and reversibly blocks the binding of its ligand, stromal cell-derived factor-1-alpha (SDF-1Î±). SDF-1Î± and CXCR4 play a role in the trafficking and homing of human hematopoietic stem cells (HSCs) to the marrow compartment. In the marrow, stem cell CXCR4 can help anchor HSCs to the marrow matrix, either directly via SDF-1Î± or through the induction of other adhesion molecules. By blocking the interaction between SDF-1Î± and CXCR4 with plerixafor, the mobilization of progenitor cells is triggered. Adding granulocyte-colony stimulating factor (G-CSF) to enhance CD34+ cell mobilization increases the yield of stem cells, an important determinant of graft adequacy.[A7113,A7114,L45678]",,
polymyxin b sulfate,vNo-DILI-Concern,CCC(C)CCCCC(=O)NC(CCN)C(=O)NC(C(C)O)C(=O)NC(CCN)C(=O)NC1CCNC(=O)C(NC(=O)C(NC(=O)C(NC(=O)C(NC(=O)C(NC(=O)C(NC1=O)CCN)CC2=CC=CC=C2)CC(C)C)CCN)CCN)C(C)O.OS(=O)(=O)O,0,Metabolic,,,,,,,,,,,
porfimer,vNo-DILI-Concern,CC1=C(C2=CC3=NC(=CC4=NC(=CC5=C(C(=C(N5)C=C1N2)C(C)OC(C)C6=C(C7=CC8=C(C(=C(N8)C=C9C(=C(C(=N9)C=C1C(=C(C(=N1)C=C6N7)C)CCC(=O)O)CCC(=O)O)C)C)C(C)O)C)C)C(=C4CCC(=O)O)C)C(=C3C)CCC(=O)O)C(C)O,0,Metabolic,,,,,,,,,,,
pramlintide,vNo-DILI-Concern,CC[C@H](C)[C@@H](C(=O)N[C@@H](CC(C)C)C(=O)N1CCC[C@H]1C(=O)N2CCC[C@H]2C(=O)N[C@@H]([C@@H](C)O)C(=O)N[C@@H](CC(=O)N)C(=O)N[C@@H](C(C)C)C(=O)NCC(=O)N[C@@H](CO)C(=O)N[C@@H](CC(=O)N)C(=O)N[C@@H]([C@@H](C)O)C(=O)N[C@@H](CC3=CC=C(C=C3)O)C(=O)N)NC(=O)[C@@H]4CCCN4C(=O)CNC(=O)[C@H](CC5=CC=CC=C5)NC(=O)[C@H](CC(=O)N)NC(=O)[C@H](CC(=O)N)NC(=O)[C@H](CO)NC(=O)[C@H](CO)NC(=O)[C@H](CC6=CN=CN6)NC(=O)[C@H](C(C)C)NC(=O)[C@H](CC(C)C)NC(=O)[C@H](CC7=CC=CC=C7)NC(=O)[C@H](CC(=O)N)NC(=O)[C@H](C)NC(=O)[C@H](CC(C)C)NC(=O)[C@H](CCCNC(=N)N)NC(=O)[C@H](CCC(=O)N)NC(=O)[C@H]([C@@H](C)O)NC(=O)[C@H](C)NC(=O)[C@H](CS)NC(=O)[C@H]([C@@H](C)O)NC(=O)[C@H](C)NC(=O)[C@H]([C@@H](C)O)NC(=O)[C@H](CC(=O)N)NC(=O)[C@H](CS)NC(=O)[C@H](CCCCN)N,0,Metabolic,Pramlintide,A10BX05,A10B,Glucagon-like peptide 1 receptor; Calcitonin receptor; Receptor activity-modifying protein 1; Receptor activity-modifying protein 2; Receptor activity-modifying protein 3,,,For the treatment of type 1 and type 2 diabetes mellitus as an adjunct to preprandial insulin therapy in patients without adequate glycemic control of insulin therapy.,approved; investigational,"Pramlintide is an amlyinomimetic, a functional analog of the naturally occurring pancreatic hormone amylin. Amylin has activity in a number of gastrointestinal and glucodynamic systems, and by mimicking its activity, pramlintide acts to improve glycemic control through modulation of the rate of gastric emptying, prevention of post-prandial rise in glucagon levels, and by increasing sensations of satiety, thereby reducing caloric intake and potentiating weight loss. There appears to be at least three distinct receptor complexes that bind with high affinity to amylin. All three complexes contain the calcitonin receptor at the core, plus one of three Receptor activity-modifying proteins, RAMP1, RAMP2, or RAMP3.",,
primaquine,vNo-DILI-Concern,CC(CCCN)NC1=C2C(=CC(=C1)OC)C=CC=N2,0,Metabolic,Primaquine,P01BA03,P01B,"Fe(II)-protoporphyrin IX; Keratin, type II cytoskeletal 7; Ribosyldihydronicotinamide dehydrogenase [quinone]",Cytochrome P450 3A4; Cytochrome P450 1A2; Cytochrome P450 2D6; Cytochrome P450 1A1; Cytochrome P450 1B1,ATP-dependent translocase ABCB1,For the treatment of malaria.,approved,"Primaquine's mechanism of action is not well understood. It may be acting by generating reactive oxygen species or by interfering with the electron transport in the parasite. Also, although its mechanism of action is unclear, primaquine may bind to and alter the properties of protozoal DNA.",,
primidone,vNo-DILI-Concern,CCC1(C(=O)NCNC1=O)C2=CC=CC=C2,0,Metabolic,Primidone,N05CB01,N05C,"Gamma-aminobutyric acid receptor subunit alpha-2; Gamma-aminobutyric acid receptor subunit alpha-3; Gamma-aminobutyric acid receptor subunit alpha-4; Gamma-aminobutyric acid receptor subunit alpha-5; Gamma-aminobutyric acid receptor subunit alpha-6; GABA(A) Receptor; Gamma-aminobutyric acid receptor subunit alpha-1; Neuronal acetylcholine receptor subunit alpha-4; Neuronal acetylcholine receptor subunit alpha-7; Glutamate receptor 2; Glutamate receptor ionotropic, kainate 2",Cytochrome P450 2C9; Cytochrome P450 2C19; Cytochrome P450 2E1; Cytochrome P450 3A4; Cytochrome P450 1A2; UDP-glucuronosyltransferases (UGTs),Transient receptor potential cation channel subfamily M member 3,"Primidone is commonly indicated for the management of grand mal, psychomotor, and focal epileptic seizures.[L4645,L11112] In addition, it has also been studied and utilized as an effective management of essential tremor.[A39414,A39415,L4645]",approved; vet_approved,"Primidone and its metabolites, phenobarbital and phenylethylmalonamide (PEMA), are active anticonvulsants.[A35660] Primidone does not directly interact with GABA-A receptors or chloride channels but phenobarbital does.[A35660] Primidone alters transmembrane sodium and calcium channel transport, reducing the frequency of nerve firing, which may be responsible for the primidone?™s effect on convulsions and essential tremor.[A35660]",,
procyclidine,vNo-DILI-Concern,C1CCC(CC1)C(CCN2CCCC2)(C3=CC=CC=C3)O,0,Metabolic,Procyclidine,N04AA04,N04A,Muscarinic acetylcholine receptor M3; Muscarinic acetylcholine receptor M5; Muscarinic acetylcholine receptor M1; Muscarinic acetylcholine receptor M2; Muscarinic acetylcholine receptor M4,,,"For the treatment of all forms of Parkinson's Disease, as well as control of extrapyramidal reactions induced by antipsychotic agents.",approved,"The mechanism of action is unknown. It is thought that Procyclidine acts by blocking central cholinergic receptors, and thus balancing cholinergic and dopaminergic activity in the basal ganglia. Many of its effects are due to its pharmacologic similarities with atropine. Procyclidine exerts an antispasmodic effect on smooth muscle, and may produce mydriasis and reduction in salivation.",,
propantheline,vNo-DILI-Concern,CC(C)[N+](C)(CCOC(=O)C1C2=CC=CC=C2OC3=CC=CC=C13)C(C)C,0,Metabolic,Propantheline,A03AB05,A03A,Muscarinic acetylcholine receptor M1,,,"For the treatment of enuresis. It has also been used for hyperhidrosis, and cramps or spasms of the stomach, intestines or bladder.",approved,Action is achieved via a dual mechanism: (1) a specific anticholinergic effect (antimuscarinic) at the acetylcholine-receptor sites and (2) a direct effect upon smooth muscle (musculotropic).,,
protirelin,vNo-DILI-Concern,C1C[C@H](N(C1)C(=O)[C@H](CC2=CN=CN2)NC(=O)[C@@H]3CCC(=O)N3)C(=O)N,0,Metabolic,Protirelin,V04CJ02,V04C,Thyrotropin-releasing hormone receptor,,,,approved; investigational,,,
protriptyline,vNo-DILI-Concern,CNCCCC1C2=CC=CC=C2C=CC3=CC=CC=C13,0,Metabolic,Protriptyline,N06AA11,N06A,Sodium-dependent noradrenaline transporter; Sodium-dependent serotonin transporter,,ATP-dependent translocase ABCB1,For the treatment of depression.,approved,Protriptyline acts by decreasing the reuptake of norepinephrine and serotonin (5-HT).,,
pseudoephedrine,vNo-DILI-Concern,C[C@@H]([C@H](C1=CC=CC=C1)O)NC,0,Metabolic,Pseudoephedrine,R01BA52,R01B,"Sodium-dependent noradrenaline transporter; D(2) dopamine receptor; Sodium-dependent dopamine transporter; Alpha-1A adrenergic receptor; Alpha-2A adrenergic receptor; Sodium-dependent serotonin transporter; Beta-2 adrenergic receptor; Beta-1 adrenergic receptor; Nuclear factor of activated T-cells, cytoplasmic 1; Tumor necrosis factor; Nuclear factor NF-kappa-B p105 subunit; activator protein 1; Interleukin-2",Amine oxidase [flavin-containing] A,Sodium-dependent noradrenaline transporter; Sodium-dependent dopamine transporter; Sodium-dependent serotonin transporter,"Pseudoephedrine is a sympathomimetic amine used for its decongestant activity.[L11031,L11037,L11040,L11046,L11052,L11058,L11061]",approved,"Pseudoephedrine acts mainly as an agonist of alpha adrenergic receptors[A189381] and less strongly as an agonist of beta adrenergic receptors.[A10896] This agonism of adrenergic receptors produces vasoconstriction which is used as a decongestant[A188823,L11031,L11037,L11040,L11046,L11052,L11058,L11061] and as a treatment of priapism.[A189384] Pseudoephedrine is also an inhibitor of norepinephrine, dopamine, and serotonin transporters.[A17168,A17169]

The sympathomimetic effects of pseudoephedrine include an increase in mean arterial pressure, heart rate, and chronotropic response of the right atria.[A17197] Pseudoephedrine is also a partial agonist of the anococcygeal muscle.[A17197] Pseudoephedrine also inhibits NF-kappa-B, NFAT, and AP-1.[A18244]",,
pyrantel,vNo-DILI-Concern,CN1CCCN=C1/C=C/C2=CC=CS2,0,Metabolic,Pyrantel,P02CC01,P02C,G-protein coupled receptor 35; Muscarinic acetylcholine receptor M1,Cytochrome P450 4A11,,"For the treatment of enterobiasis including roundworm (ascariasis), pinworm (enterobius) and hookworm (strongyloides) and hookworm (ancylostoma) in the pyrantel pamoate form [L1893].

Pyrantel is available in various formulations for humans, dogs, and cats as the pamoate (US Pharmacopeia nomenclature) or embonate (European Pharmacopoeia nomenclature) salt, which contains 34.7% pyrantel base combined with pamoic acid [L1893]. [L1900], [A32283].

Pyrantel pamoate (embonate) ingested orally is effective for removal and control of ascarid and hookworm infections in puppies and dogs (adult Toxocara canis, Toxascaris leonina, Ancylostoma tubaeforme, An. braziliense, Uncinaria stenocephala), cats (adult Toxocara cati, Toxa. leonina, An. caninum, An. braziliense, U. stenocephala), horses and ponies (adult and immature Parascaris equorum, adult Strongylus vulgaris, S. edentatus, S. equinus, Cyathostomes (Triodontophorus spp., Cyathostomum spp., Cylicodontophorus spp., Cylicocyclus spp., Cylicostephanus spp., Poteriostomum spp.), Oxyuris equi, Anoplocephala perfoliata), swine (adult Ascaris suum, Oesophagostomum dentatum), and humans (adult A. lumbricoides, Enterobius vermicularis, An. duodenale, Necator americanus) [L1900].",approved; vet_approved,"By promoting the release of acetylcholine, inhibiting cholinesterase, and stimulating ganglionic neurons, pyrantel serves as a depolarizing neuromuscular blocking agent in helminths. This causes extensive depolarization of the helminth muscle membrane, resulting in tension to the helminth's muscles, leading to paralysis and release of their attachment to the host organism intestinal walls [L1893].

This action is unlike piperazine, which is a hyperpolarizing neuromuscular blocking agent that causes relaxation of the helminth muscles, leading to a subsequent detachment from the intestinal wall. Excretion of the parasites in the feces occurs by normal peristalsis [L1892].",,
pyridostigmine,vNo-DILI-Concern,C[N+]1=CC=CC(=C1)OC(=O)N(C)C,0,Metabolic,Pyridostigmine,N07AA02,N07A,Coagulation factor X; Cholinesterase; Acetylcholinesterase,Acetylcholinesterase; Cholinesterase; Cytochrome P450 3A4,,"Pyridostigmine is indicated for the treatment of myasthenia gravis.[L32408] When administered intravenously, it is indicated for the reversal or antagonism of the neuromuscular blocking effects of nondepolarizing muscle relaxants.[L32413]

Pyridostigmine has also been used as a prophylactic agent against irreversible organophosphorus acetylcholinesterase inhibitors, primarily in a military capacity.[L32418]",approved; investigational,"Myasthenia gravis is an autoimmune disease involving dysfunction at the neuromuscular junction most commonly due to autoantibodies directed against the acetylcholine receptor (AChR), but also against other targets such as the muscle-specific kinase (MUSK), lipoprotein-related protein 4 (LRP4), or agrin.[A231004] In the case of AChR antibodies, AChRs are directly bound and cross-linked, impairing acetylcholine binding and contributing through various mechanisms to receptor degradation.[A231004] The lack of acetylcholine signalling leads to muscle tone loss, muscle weakness, and fatigue.[A231004]

Pyridostigmine is a reversible acetylcholinesterase inhibitor that increases extracellular acetylcholine levels in the neuromuscular junction by impairing its breakdown by acetylcholinesterase.[L32408, L32413] The increased acetylcholine leads to increased neural transmission across the junction, which drastically improves myasthenia gravis symptoms.[A231004]

In addition to its use in myasthenia gravis and in reversing neuromuscular blocks, pyridostigmine is also a common first-line treatment in congenital myasthenic syndromes (CMS), of which there are multiple subtypes caused by mutations in more than 30 distinct genes.[A231009, A231014] CMS present similarly to myasthenia gravis, albeit due to distinct underlying causes, and often benefit from pyridostigmine. However, in some subgroups, treatment with pyridostigmine is detrimental; detailed genetic testing is required before starting therapy.[A231009, A231014]",,
pyridoxine,vNo-DILI-Concern,CC1=NC=C(C(=C1O)CO)CO,0,Metabolic,Pyridoxine,J04AM08,J04A,Aromatic-L-amino-acid decarboxylase; Pyridoxal kinase,"Cytochrome P450 1A1; Pyridoxal kinase; Chronophin; Alkaline phosphatase, tissue-nonspecific isozyme","Alkaline phosphatase, tissue-nonspecific isozyme",Pyridoxine is indicated for the treatment of vitamin B6 deficiency and for the prophylaxis of [DB00951]-induced peripheral neuropathy. It is also approved by Health Canada for the treatment of nausea and vomiting in pregnancy in a combination product with [DB00366] (as the commercially available product Diclectin).,approved; investigational; nutraceutical; vet_approved,"Vitamin B6 is the collective term for a group of three related compounds, pyridoxine (PN), pyridoxal (PL) and pyridoxamine (PM), and their phosphorylated derivatives, pyridoxine 5'-phosphate (PNP), pyridoxal 5'-phosphate (PLP) and pyridoxamine 5'-phosphate (PMP). Although all six of these compounds should technically be referred to as vitamin B6, the term vitamin B6 is commonly used interchangeably with just one of them, pyridoxine. Vitamin B6, principally in its biologically active coenzyme form pyridoxal 5'-phosphate, is involved in a wide range of biochemical reactions, including the metabolism of amino acids and glycogen, the synthesis of nucleic acids, hemogloblin, sphingomyelin and other sphingolipids, and the synthesis of the neurotransmitters serotonin, dopamine, norepinephrine and gamma-aminobutyric acid (GABA).",,
quazepam,vNo-DILI-Concern,C1C(=S)N(C2=C(C=C(C=C2)Cl)C(=N1)C3=CC=CC=C3F)CC(F)(F)F,0,Metabolic,Quazepam,N05CD10,N05C,Translocator protein; GABA(A) Receptor; GABA(A) Receptor Benzodiazepine Binding Site,Cytochrome P450 3A4; Cytochrome P450 2C19; Cytochrome P450 2C9,,"Quazepam is indicated for the treatment of insomnia characterized by difficulty falling asleep, frequent nocturnal awakenings, and/or early morning awakenings.[L44913]",approved; illicit,"Like other benzodiazepines, quazepam likely exerts its effects by potentiating the effect of gamma-aminobutyric acid (GABA) on GABA(A) receptors, the main inhibitory neurotransmitter receptors in the mammalian brain.[A198957] GABA(A) receptors are a component of GABA-gated ionotropic chloride channels that produce inhibitory postsynaptic potentials - following activation by GABA, the channel undergoes a conformational change that allows the passage of chloride ions through the channel. The inhibitory potentials produced by GABA neurotransmission play an integral role in the suppression and control of epileptiform nerve firing such as that seen in epilepsy, which makes the GABA system a desirable target in the treatment of epilepsy.

Benzodiazepines are positive allosteric modulators of GABA(A) function. They bind to the interface between alpha (Î±) and gamma (Î³) subunits on the receptor, commonly referred to as the benzodiazepine binding site, and modulate the receptor such that its inhibitory response to GABA binding is dramatically increased.[A198957]",,
raloxifene,vNo-DILI-Concern,C1CCN(CC1)CCOC2=CC=C(C=C2)C(=O)C3=C(SC4=C3C=CC(=C4)O)C5=CC=C(C=C5)O,0,Metabolic,Raloxifene,G03XC01,G03X,Estrogen receptor; Estrogen receptor beta; Serpin B9; Trefoil factor 1,Cytochrome P450 2B6; Cytochrome P450 2C8; Aldehyde oxidase; Aromatase; Cytochrome P450 3A4; UDP-glucuronosyltransferase 1A1; UDP-glucuronosyltransferase 1A10; UDP-glucuronosyltransferase 1A8,Solute carrier organic anion transporter family member 1B1; Solute carrier organic anion transporter family member 1B3; ATP-dependent translocase ABCB1; Broad substrate specificity ATP-binding cassette transporter ABCG2; ATP-binding cassette sub-family C member 2; ATP-binding cassette sub-family C member 3; ATP-binding cassette sub-family C member 4,"Indicated for the prevention and treatment of osteoporosis in postmenopausal women, as well as prevention and treatment of corticosteroid-induced bone loss.[label]

Indicated for the reduction in the risk of invasive breast cancer in postmenopausal women with osteoporosis or postmenopausal women with a high risk for invasive breast cancer.[label]",approved; investigational,"Raloxifene is a selective estrogen receptor modulator that acts as both an estrogen agonist and antagonist via differential effects on the tissue-specific estrogen receptors. Based on the findings of competitive binding assays, raloxifene displays binding affinity that is similar to that of [estradiol][A721], the predominant circulating estrogen.[A178861] Estrogens play variable roles at different tissues in females, including the bone, breasts, uterus and liver, by binding to the steroid nuclear hormone receptors, Estrogen Receptor alpha (ERÎ±) or Estrogen Receptor beta (ERÎ²).[A178861] These receptors are normally bound to the Heat Shock Protein 90 (Hsp90) when unbound to the ligand. Ligand binding induces a conformational change in the receptor that promotes dissociation of the receptor from Hsp90, dimerization and translocation into the nucleus. This movement into the nucleus allows the receptor to bind to genomic locations based on sequence recognition of the DNA binding domain, also known as the Estrogen Response Elements (EREs).[A178861] 

In bones, endogenous estrogens normally modulate multiple DNA response elements, including the gene-encoding transforming growth factor-Î²3 (TGF-Î²3), which is a cytokine embedded in the bone matrix.[T28] TGF-Î²3 plays an important role in bone remodelling[A178756] by working with other cytokines to induce production of osteoblasts, such as IL-6[A720], and attenuate the activity of osetoclasts. Estrogens typically maintain the bone integrity by inhibiting the cytokines that recruit osteoclasts and oppose the bone-resorbing, Ca2+-mobilizing action of parathyroid hormone. In contrast, estrogens promote osteoblast proliferation, augment the production of TGF-Î²3 and bone morphogenic proteins, and inhibit apoptosis.[T28] Mimicking the action of endogenous estrogen in bone tissues, raloxifene binds to the estrogen receptor to influence gene transcription through interactions with the estrogen response element (ERE) and a distinct DNA target, the raloxifene response element (RRE).[A722] It occupies the same ER ligand binding site as estrogen.[A724] Upon binding, raloxifene induces a conformational change of the receptor, allowing mediation of direct binding to transcriptional elements by accessory proteins. Increased expression of bone matrix proteins, such as alkaline phosphatase, osteonectin, osteocalcin and collagen may be seen.[A722] The agonistic or antagonistic action of raloxifene depends on the extent of recruitment of coactivators and corepressors to estrogen receptor (ER) target gene promotors.[label] In breast tissues, raloxifene acts as an estrogen receptor antagonist to attenuate the estrogen-dependent proliferative effects of epithelial cell expansion. In addition to the antiproliferative effects, raloxifene prevents the production of cytokines and recruitment of macrophages and lymphocytes into tumor mass.[A178921]",,
ramelteon,vNo-DILI-Concern,CCC(=O)NCC[C@@H]1CCC2=C1C3=C(C=C2)OCC3,0,Metabolic,Ramelteon,N05CH02,N05C,Melatonin receptor type 1B; Melatonin receptor type 1A,Cytochrome P450 2C19; Cytochrome P450 3A4; Cytochrome P450 2C9; Cytochrome P450 1A2,,For the treatment of insomnia characterized by difficulty with sleep onset.,approved; investigational,"Ramelteon is a melatonin receptor agonist with both high affinity for melatonin MT<sub>1</sub> and MT<sub>2</sub> receptors, and lower selectivity for the MT<sub>3</sub> receptor.  Melatonin production is concurrent with nocturnal sleep, meaning that an increase in melatonin levels is related to the onset of self-reported sleepiness and an increase in sleep propensity. MT<sub>1</sub> receptors are believed to be responsible for regulation of sleepiness and facilitation of sleep onset, and MT<sub>2</sub> receptors are believed to mediate phase-shifting effects of melatonin on the circadian rhythm. While MT<sub>1</sub> and MT<sub>2</sub> receptors are associated with the sleep-wake cycle, MT<sub>3</sub> has a completely different profile, and therefore is not likely to be involved in the sleep-wake cycle. Remelteon has no appreciable affinity for the gamma-aminobutyric acid (GABA) receptor complex or receptors that bind neuropeptides, cytokines, serotonin, dopamine, norepinephrine, acetylcholine, or opiates.",,
ranolazine,vNo-DILI-Concern,CC1=C(C(=CC=C1)C)NC(=O)CN2CCN(CC2)CC(COC3=CC=CC=C3OC)O,0,Metabolic,Ranolazine,C01EB18,C01E,Plasminogen; Sodium channel protein; Inward rectifier potassium channel; Voltage gated L-type calcium channel; Alpha-1 adrenergic receptors; Beta-1 adrenergic receptor; Fatty acid,Cytochrome P450 3A4; Cytochrome P450 2D6,Bile salt export pump; ATP-dependent translocase ABCB1; Multidrug and toxin extrusion protein 1; Multidrug and toxin extrusion protein 2,"Ranolazine is indicated for the treatment of chronic angina. It can be used alone or in conjunction with nitrates, beta-blockers, angiotensin receptor blockers, anti-platelet drugs, calcium channel blockers, lipid-lowering drugs, and ACE inhibitors.[L3580]

Ranolazine has also been used off-label for the treatment of certain arrhythmias, including ventricular tachycardia, however, this use is not strongly  supported by scientific evidence.[A174940] Ranolazine has also been studied for the treatment of acute coronary syndrome, microvascular coronary dysfunction, arrhythmia, and glycemic control, which are not yet approved indications.[A174898,L3580]",approved; investigational,"Myocardial ischemia exerts effects on adenosine triphosphate flux, leading to a decrease in the energy available for contraction and relaxation of the heart muscle. Electrolyte balance of sodium and potassium is necessary for maintaining normal cardiac contraction and relaxation. Disruption of adequate sodium and potassium electrolyte balance leads to excessively high concentrations of sodium and calcium, which likely interferes with oxygen supply to the heart muscle. This imbalance eventually leads to angina symptoms of chest pain or pressure, nausea, and dizziness, among others.[A189234,L10965]

The mechanism of action for ranolazine is not fully understood.  At therapeutic concentrations, it can inhibit the cardiac late sodium
205 current (INa), which may affect the electrolyte balance in the myocardium, relieving angina symptoms. The clinical significance this inhibition in the treatment of angina symptoms is not yet confirmed.[L3580]

Ranolazine inhibits sodium and potassium ion channel currents.[A174898]  It has been shown to  exert weak activity on L-type calcium channels making it a weak direct vasodilator and exerts minimal direct effects on atrioventricular nodal conduction.[A174913] Some additional mechanisms have been elucidated. Ranolazine exerts antagonistic activity towards the alpha 1 and beta 1 adrenergic receptors and inhibition of fatty acid oxidation.[A174898,A189252]",,
regadenoson,vNo-DILI-Concern,CNC(=O)C1=CN(N=C1)C2=NC3=C(C(=N2)N)N=CN3[C@H]4[C@@H]([C@@H]([C@H](O4)CO)O)O,0,Metabolic,Regadenoson,C01EB21,C01E,Adenosine receptor A2a,,,Diagnostic agent for radionuclide myocardial perfusion imaging (MPI),approved; investigational,"Regadenoson is an selective low-affinity (Ki= 1.3 ÂµM) A2A receptor agonist that mimics the effects of adenosine in causing coronary vasodilatation and increasing myocardial blood flow. It is a very weak agonist of the A1 adenosine receptor (Ki > 16.5 ÂµM). Furthermore, it has negligible affinity to A2B and A3 adenosine receptors. Regadenoson is undergoing trials for use in pharmacological stress tests. Adenosine slows conduction time through the A-V node, can interrupt the reentry pathways through the A-V node, and can restore normal sinus rhythm in patients with paroxysmal supraventricular tachycardia (PSVT), including PSVT associated with Wolff-Parkinson-White Syndrome.",,
reserpine,vNo-DILI-Concern,CO[C@H]1[C@@H](C[C@@H]2CN3CCC4=C([C@H]3C[C@@H]2[C@@H]1C(=O)OC)NC5=C4C=CC(=C5)OC)OC(=O)C6=CC(=C(C(=C6)OC)OC)OC,0,Metabolic,Reserpine,C02LA51,C02L,Synaptic vesicular amine transporter; Chromaffin granule amine transporter; Baculoviral IAP repeat-containing protein 5,Cytochrome P450 3A5,ATP-dependent translocase ABCB1; Solute carrier family 22 member 1; Bile salt export pump; ATP-binding cassette sub-family C member 2; Solute carrier family 22 member 2; Solute carrier organic anion transporter family member 1B1; Solute carrier organic anion transporter family member 2B1,For the treatment of hypertension,approved; investigational; withdrawn,Reserpine's mechanism of action is through inhibition of the ATP/Mg<sup>2+</sup> pump responsible for the sequestering of neurotransmitters into storage vesicles located in the presynaptic neuron. The neurotransmitters that are not sequestered in the storage vesicle are readily metabolized by monoamine oxidase (MAO) causing a reduction in catecholamines.,,
riboflavin,vNo-DILI-Concern,CC1=CC2=C(C=C1C)N(C3=NC(=O)NC(=O)C3=N2)C[C@H]([C@H]([C@H](CO)O)O)O,0,Metabolic,Riboflavin,A11HA04,A11H,Riboflavin kinase; Riboflavin synthase; Flavin reductase (NADPH),Amine oxidase [flavin-containing] A; Methylenetetrahydrofolate reductase (NADPH),Solute carrier family 22 member 6,For the treatment of ariboflavinosis (vitamin B2 deficiency).,approved; investigational; nutraceutical; vet_approved,"Binds to riboflavin hydrogenase, riboflavin kinase, and riboflavin synthase. Riboflavin is the precursor of flavin mononucleotide (FMN, riboflavin monophosphate) and flavin adenine dinucleotide (FAD). The antioxidant activity of riboflavin is principally derived from its role as a precursor of FAD and the role of this cofactor in the production of the antioxidant reduced glutathione. Reduced glutathione is the cofactor of the selenium-containing glutathione peroxidases among other things. The glutathione peroxidases are major antioxidant enzymes. Reduced glutathione is generated by the FAD-containing enzyme glutathione reductase.",,
rimantadine,vNo-DILI-Concern,CC(C12CC3CC(C1)CC(C3)C2)N,0,Metabolic,Rimantadine,J05AC02,J05A,Matrix protein 2,,,For the prophylaxis and treatment of illness caused by various strains of influenza A virus in adults.,approved; investigational,"The mechanism of action of rimantadine is not fully understood. Rimantadine appears to exert its inhibitory effect early in the viral replicative cycle, possibly inhibiting the uncoating of the virus. The protein coded by the M2 gene of influenza A may play an important role in rimantadine susceptibility.",,
rizatriptan,vNo-DILI-Concern,CN(C)CCC1=CNC2=C1C=C(C=C2)CN3C=NC=N3,0,Metabolic,Rizatriptan,N02CC04,N02C,5-hydroxytryptamine receptor 1B; 5-hydroxytryptamine receptor 1D; 5-hydroxytryptamine receptor 1A; 5-hydroxytryptamine receptor 1E; 5-hydroxytryptamine receptor 1F; 5-hydroxytryptamine receptor 7,Amine oxidase [flavin-containing] A; Cytochrome P450 2D6,,"Rizatriptan is indicated for the acute treatment of diagnosed migraine with or without aura.[L46018, L46023, L46038, L46043] Rizatriptan is not indicated for the prophylactic therapy of migraine nor the treatment of cluster headache.[L46018]

In Canada, rizatriptan is approved in adults.[L46038, L46043] In the US, the oral tablet formulations are used in patients six years of age and older [L46018] and the oral film formation is approved for patients 12 years of age and older weighing 40 kg or more.[L46023]",approved,"There are several physiological and molecular processes implicated in the pathophysiology of migraine. Vasodilation of intracranial extracerebral blood vessels, particularly those supplying the dura mater, has been associated with migraine pain.[A1460, A258928] Activation of the trigeminovascular system leads to the release of vasoactive neuropeptides (such as substance P, calcitonin gene-related peptide (CGRP), and neurokinin A) from the trigeminal nerve innervating the intracranial vessels and dura mater. Vasoactive neuropeptides cause perivascular inflammation and vasodilation in the periphery. Migraine-associated nausea and vomiting are thought to arise from the activation of central and nociceptive sensory neurons that project to autonomic brain-stem nuclei and higher subcortical and cortical pain processing centres.[A1460] An imbalance in serotonin (5-HT) levels has also been documented: 5-HT binds to 5-HT<sub>1B</sub> and 5-HT<sub>1D</sub> receptors to promote trigeminal neuronal firing and vasoconstriction.[A1460, A258968]

Rizatriptan is a selective agonist at the 5-HT<sub>1B</sub> and 5-HT<sub>1D</sub> receptors on intracranial blood vessels and sensory nerves of the trigeminal system. It binds to these receptors with high affinity.[L46018] The exact mechanism of action of rizatriptan has not been fully elucidated; however, several documented pharmacological actions of rizatriptan may contribute to its antimigraine effects. Rizatriptan causes vasoconstriction of intracranial extracerebral blood vessels, which is thought to occur primarily via 5-HT<sub>1B</sub> receptors. Rizatriptan also inhibits nociceptive neurotransmission in trigeminal pain pathways. It attenuates the release of vasoactive neuropeptides by the trigeminal nerve, which is thought to occur via neurogenic and central 5-HT<sub>1D</sub> receptors.[A1460, A258918, A258928] Rizatriptan inhibited neurogenic dural vasodilation and plasma protein extravasation in animal studies.[A1460, A5971, A258918, A258928]",,
rocuronium,vNo-DILI-Concern,CC(=O)O[C@H]1[C@H](C[C@@H]2[C@@]1(CC[C@H]3[C@H]2CC[C@@H]4[C@@]3(C[C@@H]([C@H](C4)O)N5CCOCC5)C)C)[N+]6(CCCC6)CC=C,0,Metabolic,Rocuronium,M03AC09,M03A,Neuronal acetylcholine receptor subunit alpha-2; Muscarinic acetylcholine receptor M2; 5-hydroxytryptamine receptor 3A,,Solute carrier family 22 member 1; Solute carrier organic anion transporter family member 1A2,"For inpatients and outpatients as an adjunct to general anesthesia to facilitate both rapid sequence and routine tracheal intubation, and to provide skeletal muscle relaxation during surgery or mechanical ventilation.",approved,"Rocuronium acts by competing for cholinergic receptors at the motor end-plate. This action is antagonized by acetylcholinesterase inhibitors, such as neostigmine and edrophonium. Rocuronium acts by competitively binding to nicotinic cholinergic receptors. The binding of vecuronium decreases the opportunity for acetylcholine to bind to the nicotinic receptor at the postjunctional membrane of the myoneural junction. As a result, depolarization is prevented, calcium ions are not released and muscle contraction does not occur. Evidence also suggests that nondepolarizing agents can affect ACh release. It has been hypothesized that nondepolarzing agents bind to postjunctional (""curare"") receptors and may therefore interfere with the sodium and potassium flux, which is responsible for depolarization and repolarization of the membranes involved in muscle contraction.",,
romidepsin,vNo-DILI-Concern,C/C=C\1/C(=O)N[C@H](C(=O)O[C@H]\2CC(=O)N[C@@H](C(=O)N[C@H](CSSCC/C=C2)C(=O)N1)C(C)C)C(C)C,0,Metabolic,Romidepsin,L01XH02,L01X,Histone deacetylase 1; Histone deacetylase 2; Histone deacetylase 4; Histone deacetylase 6; Multidrug resistance-associated protein 1; Histone deacetylase,Cytochrome P450 3A5; Cytochrome P450 1A1; Cytochrome P450 2B6; Cytochrome P450 2C19; Cytochrome P450 3A4,ATP-dependent translocase ABCB1; Solute carrier organic anion transporter family member 1B3; Bile salt export pump; Solute carrier organic anion transporter family member 1B1; Solute carrier family 22 member 6; Solute carrier family 22 member 2,Romidepsin is indicated for the treatment of cutaneous T-cell lymphoma (CTCL) in adult patients who have received at least one prior systemic therapy.[L39925],approved; investigational,"Romidepsin is a prodrug, where it becomes active once taken up into the cell. The active metabolite has a free thiol group, which interacts with zinc ions in the active site of class 1 and 2 HDAC enzymes, resulting in inhibition of its enzymatic activity. Certain tumors have over expressed HDACs and downregulated/mutated histone acetyltransferases. This imbalance of HDAC relative to histone acetyltransferase can lead to a decrease in regulatory genes, ensuing tumorigenesis. Inhibition of HDAC may restore normal gene expression in cancer cells and result in cell cycle arrest and apoptosis.",,
salbutamol,vNo-DILI-Concern,CC(C)(C)NCC(C1=CC(=C(C=C1)O)CO)O,0,Metabolic,Albuterol,R03AK04,R03A,Beta-2 adrenergic receptor; Beta-1 adrenergic receptor; Beta-3 adrenergic receptor,Cytochrome P450 3A4,,"Salbutamol is indicated for (i) the symptomatic relief and prevention of bronchospasm due to bronchial asthma, chronic bronchitis, reversible obstructive airway disease, and other chronic bronchopulmonary disorders in which bronchospasm is a complicating factor, and/or (ii) the acute prophylaxis against exercise-induced bronchospasm and other stimuli known to induce bronchospasm.[Label,F3265,F3268]",approved; vet_approved,"In vitro studies and in vivo pharmacologic studies have shown that salbutamol has a preferential effect on beta2-adrenergic receptors compared with isoproterenol.[Label,F3265,F3268] Although beta2Â­ adrenoceptors are the predominant adrenergic receptors in bronchial smooth muscle and beta1 adrenoceptors are the predominant receptors in the heart, there are also beta2-adrenoceptors in the human heart comprising 10% to 50% of the total beta-adrenoceptors.[Label,F3265,F3268] The precise function of these receptors has not been established, but their presence raises the possibility that even selective beta2-agonists may have cardiac effects.[Label,F3265,F3268]

Activation of beta2-adrenergic receptors on airway smooth muscle leads to the activation of adenyl cyclase and to an increase in the intracellular concentration of cyclic-3??5??adenosine monophosphate (cyclic AMP).[Label,F3265,F3268] This increase of cyclic AMP leads to the activation of protein kinase A, which inhibits the phosphorylation of myosin and lowers intracellular ionic calcium concentrations, resulting in relaxation.[Label,F3265,F3268] Salbutamol relaxes the smooth muscles of all airways, from the trachea to the terminal bronchioles.[Label,F3265,F3268] Salbutamol acts as a functional antagonist to relax the airway irrespective of the spasmogen involved, thus protecting against all bronchoconstrictor challenges.[Label,F3265,F3268] Increased cyclic AMP concentrations are also associated with the inhibition of release of mediators from mast cells in the airway.[Label,F3265,F3268]

Salbutamol has been shown in most controlled clinical trials to have more effect on the respiratory tract, in the form of bronchial smooth muscle relaxation, than isoproterenol at comparable doses while producing fewer cardiovascular effects.[Label,F3265,F3268] Controlled clinical studies and other clinical experience have shown that inhaled albuterol, like other beta-adrenergic agonist drugs, can produce a significant cardiovascular effect in some patients, as measured by pulse rate, blood pressure, symptoms, and/or electrocardiographic changes.[Label,F3265,F3268]

A measurable decrease in airway resistance is typically observed within 5 to 15 minutes after inhalation of salbutamol.[Label,F3265,F3268] The maximum improvement in pulmonary function usually occurs 60 to 90 minutes after salbutamol treatment, and significant bronchodilator activity has been observed to persist for 3 to 6 hours.[Label,F3265,F3268]",,
saxagliptin,vNo-DILI-Concern,C1[C@@H]2C[C@@H]2N([C@@H]1C#N)C(=O)[C@H](C34CC5CC(C3)CC(C5)(C4)O)N.Cl,0,Metabolic,Saxagliptin,A10BD21,A10B,Dipeptidyl peptidase 4,Cytochrome P450 3A5; Cytochrome P450 3A4,Multidrug resistance-associated protein 1; Solute carrier organic anion transporter family member 4C1; Organic anion transporter 3,Treatment of type 2 diabetes mellitus to improve glycemic control in combination with other agents or as monotherapy.,approved,"Saxagliptin is a dipeptidyl peptidase-4 (DPP-4) inhibitor antidiabetic for the treatment of type 2 diabetes. DPP-4 inhibitors are a class of compounds that work by affecting the action of natural hormones in the body called incretins. Incretins decrease blood sugar by increasing consumption of sugar by the body, mainly through increasing insulin production in the pancreas, and by reducing production of sugar by the liver. [Bristol-Myers Squibb Press Release]
DPP-4 is a membrane associated peptidase which is found in many tissues, lymphocytes and plasma. DPP-4 has two main mechanisms of action, an enzymatic function and another mechanism where DPP-4 binds adenosine deaminase, which conveys intracellular signals via dimerization when activated. Saxagliptin forms a reversible, histidine-assisted covalent bond between its nitrile group and the S630 hydroxyl oxygen on DPP-4. The inhibition of DPP-4 increases levels active of glucagon like peptide 1 (GLP-1), which inhibits glucagon production from pancreatic alpha cells and increases production of insulin from pancreatic beta cells.",,
scopolamine,vNo-DILI-Concern,CN1C2CC(CC1C3C2O3)OC(=O)C(CO)C4=CC=CC=C4,0,Metabolic,Scopolamine,N05CM05,N05C,"Muscarinic acetylcholine receptor M1; Muscarinic acetylcholine receptor M2; Muscarinic acetylcholine receptor M3; Muscarinic acetylcholine receptor M4; Muscarinic acetylcholine receptor M5; Neuronal acetylcholine receptor subunit alpha-4; Neuronal acetylcholine receptor subunit beta-2; Sucrase-isomaltase, intestinal",Cytochrome P450 3A4,,Scopolamine is indicated in adult patients for the prevention of nausea and vomiting associated with motion sickness and for the prevention of postoperative nausea and vomiting (PONV) associated with anesthesia or opiate analgesia.[L31578],approved; investigational,"[Acetylcholine] (ACh) is a neurotransmitter that can signal through ligand-gated cation channels (nicotinic receptors) and G-protein-coupled muscarinic receptors (mAChRs). ACh signalling via mAChRs located in the central nervous system (CNS) and periphery can regulate smooth muscle contraction, glandular secretions, heart rate, and various neurological phenomena such as learning and memory.[A228738, A228743] mAChRs can be divided into five subtypes, M1-M5, expressed at various levels throughout the brain.[A228743] Also, M2 receptors are found in the heart and M3 receptors in smooth muscles, mediating effects apart from the direct modulation of the parasympathetic nervous system.[A228423] While M1, M3, and M5 mAChRs primarily couple to G<sub>q</sub> proteins to activate phospholipase C, M2 and M4 mainly couple to G<sub>i/o</sub> proteins to inhibit adenylyl cyclase and modulate cellular ion flow.[A228743] This system, in part, helps to control physiological responses such as nausea and vomiting.[L31578]

Scopolamine acts as a non-selective competitive inhibitor of M1-M5 mAChRs, albeit with weaker M5 inhibition; as such, scopolamine is an anticholinergic with various dose-dependent therapeutic and adverse effects.[A228423, A228758, A228763] The exact mechanism(s) of action of scopolamine remains poorly understood. Recent evidence suggests that M1 (and possibly M2) mAChR antagonism at interneurons acts through inhibition of downstream neurotransmitter release and subsequent pyramidal neuron activation to mediate neurological responses associated with stress and depression.[A228773] Similar antagonism of M4 and M5 receptors is associated with potential therapeutic benefits in neurological conditions such as schizophrenia and substance abuse disorders.[A228743] The significance of these observations to scopolamine's current therapeutic indications of preventing nausea and vomiting is unclear but is linked to its anticholinergic effect and ability to alter signalling through the CNS associated with vomiting.[A228758, L31578]",,
secretin,vNo-DILI-Concern,CC(C)CC(C(=O)NC(C(C)C)C(=O)O)NC(=O)CNC(=O)C(CCC(=O)N)NC(=O)C(CC(C)C)NC(=O)C(CC(C)C)NC(=O)C(CCCNC(=N)N)NC(=O)C(CCC(=O)N)NC(=O)C(CC(C)C)NC(=O)C(CCCNC(=N)N)NC(=O)C(C)NC(=O)C(CO)NC(=O)C(CC(=O)O)NC(=O)C(CCCNC(=N)N)NC(=O)C(CC(C)C)NC(=O)C(CCCNC(=N)N)NC(=O)C(CO)NC(=O)C(CC(C)C)NC(=O)C(CCC(=O)O)NC(=O)C(CO)NC(=O)C(C(C)O)NC(=O)C(CC1=CC=CC=C1)NC(=O)C(C(C)O)NC(=O)CNC(=O)C(CC(=O)O)NC(=O)C(CO)NC(=O)C(CC2=NC=CN2)N,0,Metabolic,,,,,,,,,,,
selegiline,vNo-DILI-Concern,C[C@H](CC1=CC=CC=C1)N(C)CC#C,0,Metabolic,Selegiline,N04BD01,N04B,Amine oxidase [flavin-containing] B; Substance-P receptor; Amine oxidase [flavin-containing] A,Cytochrome P450 2B6; Cytochrome P450 3A4; Cytochrome P450 2A6; Cytochrome P450 1A2; Cytochrome P450 2C19; Cytochrome P450 2C8; Cytochrome P450 2C9; Cytochrome P450 2D6,ATP-dependent translocase ABCB1,"Monotherapy for initial treatment of Parkinson's disease, as well as an adjunct therapy in patients with a decreased response to levodopa/carbadopa. Also used for the palliative treatment of mild to moderate Alzheimer's disease and at higher doses, for the treatment of depression.",approved; investigational; vet_approved,"Although the mechanisms for selegiline's beneficial action in the treatment of Parkinson's disease are not fully understood, the selective, irreversible inhibition of monoamine oxidase type B (MAO-B) is thought to be of primary importance. MAO-B is involved in the oxidative deamination of dopamine in the brain. Selegiline binds to MAO-B within the nigrostriatal pathways in the central nervous system, thus blocking microsomal metabolism of dopamine and enhancing the dopaminergic activity in the substantial nigra. Selegiline may also increase dopaminergic activity through mechanisms other than inhibition of MAO-B. At higher doses, selegiline can also inhibit monozmine oxidase type A (MAO-A), allowing it to be used for the treatment of depression.",,
sevelamer,vNo-DILI-Concern,C=CCN.C1C(O1)CCl,0,Metabolic,Sevelamer,V03AE02,V03A,Phosphate,,,For the control of serum phosphorus in patients with Chronic Kidney Disease (CKD) on hemodialysis.,approved,"Sevelamer prevents hyperphosphatemia by binding to dietary phosphate in the gut, preventing its absorption and thus decreasing serum parathyroid hormone levels.",,
simethicone,vNo-DILI-Concern,CO[Si](C)(C)O[Si](C)(C)C.O=[Si]=O,0,Metabolic,Simethicone,,,,,,"Simethicone is indicated for the treatment of bloating, pressure, and cramps caused by gas.[L31533] Simethicone is also used as part of bowel preparation for colonoscopies.[A228343]",approved,"Simethicone is a surfactant that decreases the surface tension of gas bubbles in the gastrointestinal tract, more easily allowing gas to exit the body.[A228308]",,
sincalide,vNo-DILI-Concern,CSCC[C@@H](C(=O)NCC(=O)N[C@@H](CC1=CNC2=CC=CC=C21)C(=O)N[C@@H](CCSC)C(=O)N[C@@H](CC(=O)O)C(=O)N[C@@H](CC3=CC=CC=C3)C(=O)N)NC(=O)[C@H](CC4=CC=C(C=C4)OS(=O)(=O)O)NC(=O)[C@H](CC(=O)O)N,0,Metabolic,,,,,,,,,,,
sodium bicarbonate,vNo-DILI-Concern,C(=O)(O)[O-].[Na+],0,Metabolic,Sodium bicarbonate,B05CB04,B05C,Voltage-dependent T-type calcium channel subunit alpha-1H; A-type voltage-gated potassium channel KCND3; Hydrogen ions,,Electrogenic sodium bicarbonate cotransporter 1; Sodium bicarbonate cotransporter 3; Electroneutral sodium bicarbonate exchanger 1; Electrogenic sodium bicarbonate cotransporter 4; Sodium-driven chloride bicarbonate exchanger,"Sodium bicarbonate is used for the treatment of metabolic acidosis which may occur in severe renal disease, uncontrolled diabetes, circulatory insufficiency due to shock or severe dehydration, extracorporeal circulation of blood, cardiac arrest and severe primary lactic acidosis. Also is indicated in severe diarrhea which is often accompanied by a significant loss of bicarbonate. Further indicated in the treatment of certain drug intoxications, including barbiturates (where dissociation of the barbiturateprotein complex is desired), in poisoning by salicylates or methyl alcohol and in hemolytic reactions requiring alkalinization of the urine to diminish nephrotoxicity of blood pigments.",approved,"Sodium bicarbonate is a systemic alkalizer, which increases plasma bicarbonate, buffers excess hydrogen ion concentration, and raises blood pH, thereby reversing the clinical manifestations of acidosis. It is also a urinary alkalizer, increasing the excretion of free bicarbonate ions in the urine, thus effectively raising the urinary pH. By maintaining an alkaline urine, the actual dissolution of uric acid stones may be accomplished. Sodium bicarbonate acts as an antacid and reacts chemically to neutralize or buffer existing quantities of stomach acid but has no direct effect on its output. This action results in increased pH value of stomach contents, thus providing relief of hyperacidity symptoms. [PharmGKB]",,
sodium lactate,vNo-DILI-Concern,[13CH3]C(C(=O)[O-])O.[Na+],0,Metabolic,Sodium acetate,B05XA08,B05X,,"Acetyl-coenzyme A synthetase, cytoplasmic",,"Injection, USP 40 mEq is indicated as a source of sodium, for addition to large volume intravenous fluids to prevent or correct hyponatremia in patients with restricted or no oral intake. It is also useful as an additive for preparing specific intravenous fluid formulas when the needs of the patient cannot be met by standard electrolyte or nutrient solutions. Sodium acetate and other bicarbonate precursors are alkalinising agents, and can be used to correct metabolic acidosis, or for alkalinisation of the urine.",approved; investigational,"It works as a source of sodium ions especially in cases of hyponatremic patients. Sodium has a primary role in regulating extracellular fluid volume. It controls water distribution, fluid and electrolyte balance and the osmotic pressure of body fluids. Sodium is also involved in nerve conduction, muscle contraction, acid-base balance and cell nutrient uptake.",,
Sodium polystyrene sulfonate,vNo-DILI-Concern,C=CC1=CC=CC=C1S(=O)(=O)[O-].[Ca+2],0,Metabolic,,,,,,,,,,,
sodium thiosulfate,vNo-DILI-Concern,[O-]S(=O)(=S)[O-].[Na+].[Na+],0,Metabolic,Gold sodium thiosulfate,,,,,,,experimental,,,
sorbitol,vNo-DILI-Concern,C([C@H]([C@@H]([C@H]([C@H](CO)O)O)O)O)O,0,Metabolic,Sorbitol,B05CX02,B05C,,,,Used as a non-stimulant laxative via an oral suspension or enema.,approved,"Sorbitol exerts its laxative effect by drawing water into the large intestine, thereby stimulating bowel movements.",,
streptomycin,vNo-DILI-Concern,C[C@H]1[C@@]([C@H]([C@@H](O1)O[C@@H]2[C@H]([C@@H]([C@H]([C@@H]([C@H]2O)O)N=C(N)N)O)N=C(N)N)O[C@H]3[C@H]([C@@H]([C@H]([C@@H](O3)CO)O)O)NC)(C=O)O,0,Metabolic,Streptomycin,J04AM01,J04A,16S ribosomal RNA; 23S ribosomal RNA; 30S ribosomal protein S12; Cytoplasmic membrane; Bacterial outer membrane; Protein-arginine deiminase type-4,,,"Although streptomycin was the first antibiotic available for the treatment of mycobacterium tuberculosis, it is now largely a second line option due to resistance and toxicity.[A233320] Streptomycin may also be used to treat a variety of other infections caused by susceptible strains of aerobic bacteria where other less toxic agents are ineffective. Examples include: _Yersinia pestis_, _Francisella tularensis_, _Brucella_, _Calymmatobacterium granulomatis_ (donovanosis, granuloma inguinale), _H. ducreyi_ (chancroid), _H. influenzae_ (in respiratory, endocardial, and meningeal infections - concomitantly with another antibacterial agents). _K. pneumoniae_ pneumonia (concomitantly with another antibacterial agent), _E.coli_, _Proteus_, _A.aerogenes_, _K. pneumoniae_, and 
_Enterococcus faecalis_ in urinary tract infections, _Streptococcus viridans_, _Enterococcus faecalis_ (in endocardial infections - concomitantly with penicillin), and Gram-negative bacillary bacteremia (concomitantly with another antibacterial agent).",approved; vet_approved,"There are 3 key phases of aminoglycoside entry into cells.[A232294] The first ?œionic binding phase??occurs when polycationic aminoglycosides bind electrostatically to negatively charged components of bacterial cell membranes including with lipopolysaccharides and phospholipids within the outer membrane of Gram-negative bacteria and to teichoic acids and phospholipids within the cell membrane of Gram-positive bacteria. This binding results in displacement of divalent cations and increased membrane permeability, allowing for aminoglycoside entry.[A232294, A232304, A232309, A232314]

The second ?œenergy-dependent phase I??of aminoglycoside entry into the cytoplasm relies on the proton-motive force and allows a limited amount of aminoglycoside access to its primary intracellular target - the bacterial 30S ribosome.[A232294, A232314] This ultimately results in the mistranslation of proteins and disruption of the cytoplasmic membrane.[A233320] Finally, in the ?œenergy-dependent phase II??stage, concentration-dependent bacterial killing is observed. Aminoglycoside rapidly accumulates in the cell due to the damaged cytoplasmic membrane, and protein mistranslation and synthesis inhibition is amplified.[A232294, A232314, A232319]

Hence, aminoglycosides have both immediate bactericidal effects through membrane disruption and delayed bactericidal effects through impaired protein synthesis; observed experimental data and mathematical modeling support this two-mechanism model.[A232294, A232299]

Inhibition of protein synthesis is a key component of aminoglycoside efficacy. Structural and cell biological studies suggest that aminoglycosides bind to the 16S rRNA in helix 44 (h44), near the A site of the 30S ribosomal subunit, altering interactions between h44 and h45. This binding also displaces two important residues, A1492 and A1493, from h44, mimicking normal conformational changes that occur with successful codon-anticodon pairing in the A site.[A232324, A232329] Overall, aminoglycoside binding has several negative effects including inhibition of translation, initiation, elongation, and ribosome recycling.[A232294, A232334, A232339] Recent evidence suggests that the latter effect is due to a cryptic second binding site situated in h69 of the 23S rRNA of the 50S ribosomal subunit.[A232329, A232339] Also, by stabilizing a conformation that mimics correct codon-anticodon pairing, aminoglycosides promote error-prone translation.[A232344] Mistranslated proteins can incorporate into the cell membrane, inducing the damage discussed above.[A232294, A232319]",,
succinylcholine,vNo-DILI-Concern,C[N+](C)(C)CCOC(=O)CCC(=O)OCC[N+](C)(C)C,0,Metabolic,Succinylcholine,M03AB01,M03A,Neuronal Acetylcholine (nACh) Receptor Subunits; Muscarinic acetylcholine receptor M2; Muscarinic acetylcholine receptor M3,Cholinesterase,,"Succinylcholine is indicated as an adjunct to general anesthesia, to facilitate tracheal intubation, and to provide skeletal muscle relaxation during surgery or mechanical ventilation.[L9004]",approved,"Succinylcholine is a depolarizing neuromuscular blocker, meaning it causes a prolonged period of membrane depolarization in order to exert its therapeutic effects. It binds to the post-synaptic cholinergic receptors found on motor endplates, thereby inducing first transient fasciculations followed by skeletal muscle paralysis.[A233250]",,
sucralfate,vNo-DILI-Concern,C([C@@H]1[C@H]([C@@H]([C@H]([C@@H](O1)O[C@]2([C@H]([C@@H]([C@H](O2)OS(=O)(=O)[O-])OS(=O)(=O)[O-])OS(=O)(=O)[O-])COS(=O)(=O)[O-])OS(=O)(=O)[O-])OS(=O)(=O)[O-])OS(=O)(=O)[O-])OS(=O)(=O)[O-].O.O.O.[Al],0,Metabolic,Sucralfate,A02BX02,A02B,Pepsin A-5; Fibroblast growth factor 2; Pro-epidermal growth factor; Fibrinogen,,,"The sucralfate suspension [FDA label] and tablet [F4534] are used for the treatment of active duodenal ulcer for up to 8 weeks.  The tablet form may be used at a lower dose for healed duodenal ulcers, for the purpose of maintaining healing and preventing recurrence [F4519, F4534]. 

Sucralfate is also used in the prevention and/or treatment of gastro-esophageal reflux disease (GERD), gastritis, peptic ulcer disease, stress ulcer, in addition to dyspepsia [A177655, F4519].",approved,"The mechanism of action of this drug in the healing duodenal ulcers is not yet completely defined, however, there are several probable mechanisms that adequately describe the healing activity of sucralfate. There is evidence that sucralfate acts locally to aid in tissue healing, and not systemically [FDA label]. 

Studies in both humans and animals have indicated that sucralfate forms a complex that binds to protein-rich exudate found on the surface of ulcers. It binds to albumin and fibrinogen [A11831, A177685] preventing blood clot lysis by stomach acid (hydrochloric acid). Sucralfate increases the tissue levels of fibroblast growth factors and epidermal growth factors,[A16738, A16741] leading to an increase in prostaglandins at the gastrointestinal tract lining, which promotes the healing of gastrointestinal ulcers.[A177655]

In the laboratory setting, a sucralfate-albumin film provides a barrier against the entry of hydrogen ions, which are a component of gastric acid. In humans, sucralfate, given at therapeutic doses for ulcers, decreases pepsin activity in gastric fluids by 32% [FDA label].  Pepsin has been shown to be damaging to tissues, further aggravating ulcer lesion inflammation [A177667]. Bile salts have been implicated in mucosal injury to the gastrointestinal tract [A177697, A177700]. Sucralfate has also been shown to adsorb bile salts in the laboratory, setting, which could further contribute to its beneficial effects in ulcer healing [FDA label].",,
sufentanil,vNo-DILI-Concern,CCC(=O)N(C1=CC=CC=C1)C2(CCN(CC2)CCC3=CC=CS3)COC,0,Metabolic,Sufentanil,N01AH03,N01A,Mu-type opioid receptor; Delta-type opioid receptor; Kappa-type opioid receptor,Cytochrome P450 3A4,,"The indications for this drug are as follows:

1. As an analgesic adjunct in the maintenance of balanced general anesthesia in patients who are intubated and ventilated.

2. As a primary anesthetic agent for the induction and maintenance of anesthesia with 100% oxygen in patients undergoing major surgical procedures, in patients who are intubated and ventilated, such as cardiovascular surgery or neurosurgical procedures in the sitting position, to provide favorable myocardial and cerebral oxygen balance or when extended postoperative ventilation is anticipated.

3. For epidural administration as an analgesic combined with low dose (usually 12.5 mg per administration) bupivacaine usually during labor and vaginal delivery 

4. The sublingual form is indicated for the management of acute pain in adults that is severe to warrant the use of an opioid analgesic in certified medically supervised healthcare settings, including hospitals, surgical centers, and emergency departments.

[FDA label]",approved; investigational,"Sufentanil is a synthetic, potent opioid with highly selective binding to Î¼-opioid receptors [F2009]. These receptors are widely distributed in the human brain, spinal cord, and other tissues [A39636], [A39637].

In general, opioids decrease cAMP (affecting neural signaling pathways), decrease neurotransmitter release, and cause membrane hyperpolarization, all of which contribute to the relief of painful symptoms [A39637].

Opiate receptors are coupled with G-protein receptors and function as both positive and negative regulators of synaptic neural transmission via G-proteins that activate effector proteins. Binding of the opiate receptor leads to the exchange of GTP for GDP on the G-protein complex. As the effector system is adenylate cyclase and cAMP, located at the inner surface of the plasma membrane, opioids decrease intracellular cAMP by inhibiting adenylate cyclase. The release of nociceptive neurotransmitters such as substance P, GABA, dopamine, acetylcholine, and noradrenaline is then inhibited [A39637]. 

Opioids close N-type voltage-operated calcium channels (OP2-receptor agonist), also preventing neurotransmitter release [A39637].

Sufentanil and other opioids open calcium-dependent inwardly rectifying potassium channels, resulting in hyperpolarization and reduced neuronal excitability [A39636], [A39637].",,
tapentadol,vNo-DILI-Concern,CCC(C1=CC(=CC=C1)O)C(C)CN(C)C,0,Metabolic,Tapentadol,N02AX06,N02A,Mu-type opioid receptor; Sodium-dependent noradrenaline transporter; Kappa-type opioid receptor; Delta-type opioid receptor; Sodium-dependent serotonin transporter,Cytochrome P450 2C9; Cytochrome P450 2C19; Cytochrome P450 2D6; UDP-glucuronosyltransferase 2B7; UDP-glucuronosyltransferase 1A9,,"Tapentadol is indicated for the management of acute pain severe enough to require an opioid analgesic and for which alternative treatments are inadequate. Due to the risks of addiction, drug abuse, and drug misuse, tapentadol is reserved for patients for whom alternative treatment options are unavailable.[L47286, L47516, L47521]

The immediate-release tapentadol oral tablets are approved for use in patients six years and older with a body weight of at least 40 kg.[L47286] Tapentadol oral solution is used in patients aged six years and older with a body weight of at least 16 kg.[L47521] These formulations are not intended for long-term use unless the pain remains severe enough to require an opioid analgesic, for which alternative treatment options remain inadequate.

The extended-release tablets of tapentadol are indicated for the management of pain severe enough to require daily, around-the-clock, long-term opioid treatment and for which alternative treatment options are inadequate. They are also indicated for the management of neuropathic pain associated with diabetic peripheral neuropathy (DPN) in adults severe enough to require daily, around-the-clock, long-term opioid treatment and for which alternative treatment options are inadequate. This formulation is not indicated as an as-needed (prn) analgesic.[L47516]",approved,"Tapentadol is a centrally-acting synthetic analgesic. Although their clinical relevance is unclear, tapentadol is believed to have two main mechanisms of action.[L47286] Tapentadol is a selective mu-opioid receptor (MOR) agonist: it binds to MOR with an affinity greater than or equal to ten-fold affinity compared to delta- and kappa-opioid receptors.[A36596] Tapentadol also inhibits noradrenaline reuptake, thereby increasing noradrenaline levels and activating alpha-2 receptors to promote analgesia.[A36596, A260731] Tapentadol is a weak serotonin reuptake inhibitor; however, this action does not contribute to its analgesic effect.[A36596]",,
terazosin,vNo-DILI-Concern,COC1=C(C=C2C(=C1)C(=NC(=N2)N3CCN(CC3)C(=O)C4CCCO4)N)OC,0,Metabolic,Terazosin,G04CA03,G04C,Alpha-1A adrenergic receptor; Alpha-1B adrenergic receptor; Alpha-1D adrenergic receptor; Transforming growth factor beta-1 proprotein; Voltage-gated inwardly rectifying potassium channel KCNH2; Voltage-gated inwardly rectifying potassium channel KCNH6; Voltage-gated inwardly rectifying potassium channel KCNH7,,ATP-dependent translocase ABCB1,Terazosin is indicated for use in treating symptomatic benign prostatic hyperplasia and hypertension[FDA Label].,approved,"Terazosin is selective for alpha-1-adrenoceptors but not their individual subtypes[A5212,A5457]. Inhibition of these alpha-1-adrenoceptors results in relaxation of smooth muscle in blood vessels and the prostate, lowering blood pressure and improving urinary flow[A176831,A176837,A5212,A5457]. Smooth muscle cells accounts for roughly 40% of the volume of the prostate and so their relaxation reduces pressure on the urethra[A176837].

It has also been shown that catecholamines induce factors responsible for mitogenesis and alpha-1-adrenergic receptor blockers inhibit this effect[A176837].

A final long term mechanism of terazosin and other alpha-1-adrenergic receptor blockers is the induction of apoptosis of prostate cells[A176837]. Treatment with terazosin enhances the expression of transforming growth factor beta-1 (TGF-beta1), which upregulates p27kip1, and the caspase cascade[A176837,A176840].",,
teriparatide,vNo-DILI-Concern,CC[C@H](C)[C@@H](C(=O)N[C@@H](CCC(=O)N)C(=O)N[C@@H](CC(C)C)C(=O)N[C@@H](CCSC)C(=O)N[C@@H](CC1=CNC=N1)C(=O)N[C@@H](CC(=O)N)C(=O)N[C@@H](CC(C)C)C(=O)NCC(=O)N[C@@H](CCCCN)C(=O)N[C@@H](CC2=CNC=N2)C(=O)N[C@@H](CC(C)C)C(=O)N[C@@H](CC(=O)N)C(=O)N[C@@H](CO)C(=O)N[C@@H](CCSC)C(=O)N[C@@H](CCC(=O)O)C(=O)N[C@@H](CCCNC(=N)N)C(=O)N[C@@H](C(C)C)C(=O)N[C@@H](CCC(=O)O)C(=O)N[C@@H](CC3=CNC4=CC=CC=C43)C(=O)N[C@@H](CC(C)C)C(=O)N[C@@H](CCCNC(=N)N)C(=O)N[C@@H](CCCCN)C(=O)N[C@@H](CCCCN)C(=O)N[C@@H](CC(C)C)C(=O)N[C@@H](CCC(=O)N)C(=O)N[C@@H](CC(=O)O)C(=O)N[C@@H](C(C)C)C(=O)N[C@@H](CC5=CNC=N5)C(=O)N[C@@H](CC(=O)N)C(=O)N[C@@H](CC6=CC=CC=C6)C(=O)O)NC(=O)[C@H](CCC(=O)O)NC(=O)[C@H](CO)NC(=O)[C@H](C(C)C)NC(=O)[C@H](CO)N,0,Metabolic,,,,,,,,,,,
tetrahydrobiopterin,vNo-DILI-Concern,CC(C(C1CNC2=C(N1)C(=O)N=C(N2)N)O)O,0,Metabolic,Sapropterin,A16AX07,A16A,Phenylalanine-4-hydroxylase; Nitric oxide synthase 3; Tyrosine 3-monooxygenase; Tryptophan 5-hydroxylase 1,Prostaglandin G/H synthase 2,ATP-dependent translocase ABCB1,For the treatment of tetrahydrobiopterin (BH4) deficiency.,approved; investigational,"Tetrahydrobiopterin (BH4) is a natural co-factor or co-enzyme for phenylalanine-4-hydroxylase (PAH),Tetrahydrobiopterine, and tryptophan-5-hydroxylase. Tetrahydrobiopterin is also a natural co-factor for nitrate oxide synthase. Therefore BH4 is required for the conversion of phenylalanine to tyrosine, for the production of epinephrine (adrenaline) and the synthesis of the monoamine neuro-transmitters, serotonin, dopamine, and norepinephrine (noradrenaline). It is also involved in apoptosis and other cellular events mediated by nitric oxide production. As a coenzyme, BH4 reacts with molecular oxygen to form an active oxygen intermediate that can hydroxylate substrates. In the hydroxylation process, the co-enzyme loses two electrons and is regenerated in vivo in an NADH-dependent reaction. As a co-factor for PAH, tetrahydrobiopterin allows the conversion of phenylalanine to tyrosine and reduces the level of phenylalanine in the bloodstream, thereby reducing the toxic effects of of this amino acid. Normal serum concentrations of phenylalanine are 100 micomolar, while elevated (toxic) levels are typically >1200 micromolar. Individuals with a deficiency in tetrahydrobiopterin are not able to efficiently convert phenylalanine to tyrosine. The excess levels provided by tetrahydrobiopterin supplementation help improve enzyme efficiency. As a co-factor for tyrosine hydroxylase, BH4 facilitates the conversion of tyrosine to L-dopa while as a co-factor for tryptophan hydroxylase, BH4 allows the conversion of tryptophan to 5-hydroxytryptophan, which is then converted to serotonin.",,
theophylline,vNo-DILI-Concern,CN1C2=C(C(=O)N(C1=O)C)NC=N2,0,Metabolic,Theophylline,R03DA54,R03D,"Adenosine receptor A1; 5'-nucleotidase; Adenosine receptor A2a; Adenosine receptor A2b; 3',5'-cyclic-AMP phosphodiesterase 4B; cGMP-specific 3',5'-cyclic phosphodiesterase; 3',5'-cyclic-AMP phosphodiesterase 4A; cGMP-inhibited 3',5'-cyclic phosphodiesterase 3A; Histone deacetylase 2; Copine-1; Minor histocompatibility antigen H13; BOS complex subunit NOMO1; Poly [ADP-ribose] polymerase 1; Protein RIC-3; Tubulin monoglycylase TTLL3",Cytochrome P450 1A1; Cytochrome P450 1B1; Cytochrome P450 2D6; Cytochrome P450 1A2; Adenosine deaminase; Cytochrome P450 2E1; Cytochrome P450 3A4,Solute carrier family 22 member 7,"For the treatment of the symptoms and reversible airflow obstruction associated with chronic asthma and other chronic lung diseases, such as emphysema and chronic bronchitis.",approved,"Theophylline relaxes the smooth muscle of the bronchial airways and pulmonary blood vessels and reduces airway responsiveness to histamine, methacholine, adenosine, and allergen. Theophylline competitively inhibits type III and type IV phosphodiesterase (PDE), the enzyme responsible for breaking down cyclic AMP in smooth muscle cells, possibly resulting in bronchodilation. Theophylline also binds to the adenosine A2B receptor and blocks adenosine mediated bronchoconstriction. In inflammatory states, theophylline activates histone deacetylase to prevent transcription of inflammatory genes that require the acetylation of histones for transcription to begin.",,
thiamine,vNo-DILI-Concern,CC1=C(SC=[N+]1CC2=CN=C(N=C2N)C)CCO,0,Metabolic,Thiamine,A11DA01,A11D,Thiamine pyrophosphokinase 1; Pyruvate dehydrogenase E1 component,Cytochrome P450 4B1; Thiamine pyrophosphokinase 1; Nucleoside diphosphate phosphatase ENTPD5; Thiamine-triphosphatase,Solute carrier family 22 member 2; Solute carrier family 22 member 1; Organic cation/carnitine transporter 2; Thiamine transporter 1; Thiamine transporter 2,"For the treatment of thiamine and niacin deficiency states, Korsakov's alcoholic psychosis, Wernicke-Korsakov syndrome, delirium, and peripheral neuritis.",approved; investigational; nutraceutical; vet_approved,"It is thought that the mechanism of action of thiamine on endothelial cells is related to a reduction in intracellular protein glycation by redirecting the glycolytic flux. Thiamine is mainly the transport form of the vitamin, while the active forms are phosphorylated thiamine derivatives. Natural derivatives of thiamine phosphate, such as thiamine monophosphate (ThMP), thiamine diphosphate (ThDP), also sometimes called thiamine pyrophosphate (TPP), thiamine triphosphate (ThTP), and thiamine triphosphate (AThTP), that act as coenzymes in addition to their each unique biological functions.",,
tiludronate,vNo-DILI-Concern,C1=CC(=CC=C1SC(P(=O)(O)O)P(=O)(O)O)Cl,0,Metabolic,Tiludronic acid,M05BA05,M05B,Hydroxylapatite; Adenosine triphosphate (ATP); Tyrosine-protein phosphatase non-receptor type 12; Tyrosine-protein phosphatase non-receptor type 6; Receptor-type tyrosine-protein phosphatase epsilon; V-ATPase Subunits,,,"Tiludronic acid is indicated to treat Paget's disease of bone in patients with serum alkaline phosphatase levels ?? times the upper limit of normal, with symptoms, or with risk of future complications.[L4763]",approved; investigational; vet_approved,"Bisphosphonates are taken into the bone where they bind to hydroxyapatite.[L4763] Bone resorption by osteoclasts causes local acidification, releasing the bisphosphonate, which is taken into the osteoclast by fluid-phase endocytosis.[A959] Endocytic vesicles become acidified, releasing bisphosphonates into the cytosol of osteoclasts where they act.[A959]

Osteoclasts mediate resorption of bone.[A6366] When osteoclasts bind to bone they form podosomes, ring structures of F-actin.[A6366] Tiludronate inhibits protein-tyrosine-phosphatase, which increases tyrosine phosphorylation, and disrupts podosome formation.[A6366,L4763] Tiludronic acid also inhibits V-ATPases in the osteoclast, though the exact subunits are unknown, preventing F-actin from forming podosomes.[A202229,A202247] Disruption of the podosomes causes osteoclasts to detach from bones, preventing bone resorption.[A6366]",,
tirofiban,vNo-DILI-Concern,CCCCS(=O)(=O)N[C@@H](CC1=CC=C(C=C1)OCCCCC2CCNCC2)C(=O)O,0,Metabolic,Tirofiban,B01AC17,B01A,Integrin alpha-IIb; Integrin beta-3,,,"For treatment, in combination with heparin, of acute coronary syndrome, including patients who are to be managed medically and those undergoing PTCA or atherectomy.",approved,"Tirofiban is a reversible antagonist of fibrinogen binding to the GP IIb/IIIa receptor, the major platelet surface receptor involved in platelet aggregation. Platelet aggregation inhibition is reversible following cessation of the infusion of tirofiban.",,
tolterodine,vNo-DILI-Concern,CC1=CC(=C(C=C1)O)[C@@H](CCN(C(C)C)C(C)C)C2=CC=CC=C2,0,Metabolic,Tolterodine,G04BD07,G04B,Muscarinic acetylcholine receptor M3; Muscarinic acetylcholine receptor M2; Muscarinic acetylcholine receptor M5; Muscarinic acetylcholine receptor M1; Muscarinic acetylcholine receptor M4,Cytochrome P450 2C9; Cytochrome P450 2C19; Cytochrome P450 2D6; Cytochrome P450 3A4,,"For the treatment of overactive bladder (with symptoms of urinary frequency, urgency, or urge incontinence).",approved; investigational,"Both tolterodine and its active metabolite, 5-hydroxymethyltolterodine, act as competitive antagonists at muscarinic receptors. This antagonism results in inhibition of bladder contraction, decrease in detrusor pressure, and an incomplete emptying of the bladder.",,
topotecan,vNo-DILI-Concern,CC[C@@]1(C2=C(COC1=O)C(=O)N3CC4=C(C3=C2)N=C5C=CC(=C(C5=C4)CN(C)C)O)O,0,Metabolic,Topotecan,L01CE01,L01C,"DNA topoisomerase 1; DNA; DNA topoisomerase I, mitochondrial",,Broad substrate specificity ATP-binding cassette transporter ABCG2; ATP-dependent translocase ABCB1; Multidrug and toxin extrusion protein 1; Multidrug and toxin extrusion protein 2,"For the treatment of advanced ovarian cancer in patients with disease that has recurred or progressed following therapy with platinum-based regimens. Also used as a second-line therapy for treatment-sensitive small cell lung cancer, as well as in combination with cisplatin for the treatment of stage IV-B, recurrent, or persistent cervical cancer not amenable to curative treatment with surgery and/or radiation therapy.",approved; investigational,"Topotecan has the same mechanism of action as irinotecan and is believed to exert its cytotoxic effects during the S-phase of DNA synthesis. Topoisomerase I relieves torsional strain in DNA by inducing reversible single strand breaks. Topotecan binds to the topoisomerase I-DNA complex and prevents religation of these single strand breaks. This ternary complex interferes with the moving replication fork, which leads to the induction of replication arrest and lethal double-stranded breaks in DNA. As mammalian cells cannot efficiently repair these double strand breaks, the formation of this ternary complex eventually leads to apoptosis (programmed cell death).

Topotecan mimics a DNA base pair and binds at the site of DNA cleavage by intercalating between the upstream (??) and downstream (+1) base pairs. Intercalation displaces the downstream DNA, thus preventing religation of the cleaved strand. By specifically binding to the enzyme?“substrate complex, Topotecan acts as an uncompetitive inhibitor.",https://www.ncbi.nlm.nih.gov/books/NBK548037/#IrinotecanTopotecan.OVERVIEW,"""Topotecan is a topoisomerase I inhibitor that is associated with mild, transient serum aminotransferase elevations in up to 50% of patients. However, no cases of clinically apparent liver injury with jaundice have been reported. The hepatic effects are typically asymptomatic and not dose-limiting.""»P Irinotecan ¬Û¤ñ¡ATopotecan ªº¨x¬r©Ê­·ÀIÅãµÛ¸û§C¡C"
tranexamic acid,vNo-DILI-Concern,C1CC(CCC1CN)C(=O)O,0,Metabolic,Tranexamic acid,B02AA02,B02A,Plasminogen,,,"Taken orally, tranexamic acid is indicated for the treatment of hereditary angioedema,[L31883] cyclic heavy menstrual bleeding in premenopausal females,[L31858] and other instances of significant bleeding in the context of hyperfibrinolysis.[L31883] Given intravenously, tranexamic acid is indicated for short-term use (2-8 days) in patients with hemophilia to prevent or reduce bleeding following tooth extraction.[L31853]",approved,"Tranexamic acid competitively and reversibly inhibits the activation of plasminogen via binding at several distinct sites, including four or five low-affinity sites and one high-affinity site, the latter of which is involved in its binding to fibrin. The binding of plasminogen to fibrin induces fibrinolysis - by occupying the necessary binding sites tranexamic acid prevents this dissolution of fibrin, thereby stabilizing the clot and preventing hemorrhage.[L31858]",,
trientine hydrochloride,vNo-DILI-Concern,C(CNCCNCCN)N.Cl.Cl,0,Metabolic,,,,,,,,,,,
trihexyphenidyl,vNo-DILI-Concern,C1CCC(CC1)C(CCN2CCCCC2)(C3=CC=CC=C3)O,0,Metabolic,Trihexyphenidyl,N04AA01,N04A,Muscarinic acetylcholine receptor M1; Beta-3 adrenergic receptor; Muscarinic acetylcholine receptor M2; Muscarinic acetylcholine receptor M3; Muscarinic acetylcholine receptor M4; Muscarinic acetylcholine receptor M5,,,"Tihexyphenidyl is indicated as an adjunct in the treatment of parkinsonism, an adjuvant in the treatment of parkinsonism with levodopa, and in the control of extrapyramidal disorders caused by central nervous system drugs.[L31773,L31778]",approved,"Trihexyphenidyl is a non-selective muscarinic acetylcholine receptor antagonist but binds with higher affinity to the M1 subtype.[A4716] In vivo studies have shown that trihexyphenidyl demonstrates higher affinity for central muscarinic receptors located in the cerebral cortex and lower affinity for those located peripherally.[A4716,A222363] Other studies suggest that trihexyphenidyl may modify nicotinic acetylcholine receptor neurotransmission, leading indirectly to enhanced dopamine release in the striatum.[A222373] Although the anticholinergic has proven to be useful in the treatment of symptoms associated with Parkinson?™s disease or other movement disorders, its mechanism of action has yet to be fully elucidated.[A222368,A222358]",,
triprolidine,vNo-DILI-Concern,CC1=CC=C(C=C1)/C(=C\CN2CCCC2)/C3=CC=CC=N3,0,Metabolic,Triprolidine,R06AX07,R06A,Histamine H1 receptor,,,"For the symptomatic relief of seasonal or perennial allergic rhinitis or nonallergic rhinitis; allergic conjunctivitis; and mild, uncomplicated allergic skin manifestations of urticaria and angioedema. Also used in combination with other agents for the symptomatic relief of symptoms associated with the common cold.",approved,"Triprolidine binds to the histamine H1 receptor. This blocks the action of endogenous histamine, which subsequently leads to temporary relief of the negative symptoms brought on by histamine.",,
trospium,vNo-DILI-Concern,C1CC[N+]2(C1)[C@H]3CCC2CC(C3)OC(=O)C(C4=CC=CC=C4)(C5=CC=CC=C5)O.[Cl-],0,Metabolic,Trospium,A03DA06,A03D,Muscarinic acetylcholine receptor M5; Muscarinic acetylcholine receptor M3; Muscarinic acetylcholine receptor M1,Cytochrome P450 2D6,,"Trospium is indicated for the treatment of overactive bladder with symptoms of urge urinary incontinence, urgency, and urinary frequency.[L36823] It is also indicated in combination with [xanomeline] for the treatment of adult patients with schizophrenia.[L51629]",approved,Trospium antagonizes the effect of acetylcholine on muscarinic receptors in cholinergically innervated organs. Its parasympatholytic action reduces the tonus of smooth muscle in the bladder.,,
tyramine,vNo-DILI-Concern,C1=CC(=CC=C1CCN)O,0,Metabolic,Tyramine,,,Trace amine-associated receptor 1,,Solute carrier family 22 member 3,,investigational; nutraceutical,,,
urofollitropin,vNo-DILI-Concern,CCC(C)C1C(=O)NC(C(=O)NC(C(=O)NC(CSSCC(C(=O)NC(C(=O)N1)CC2=CC=C(C=C2)O)N)C(=O)N3CCCC3C(=O)NC(CC(C)C)C(=O)NCC(=O)N)CC(=O)N)C(C)O,0,Metabolic,,,,,,,,,,,
vecuronium,vNo-DILI-Concern,CC(=O)O[C@H]1C[C@@H]2CC[C@@H]3[C@@H]([C@]2(C[C@@H]1N4CCCCC4)C)CC[C@]5([C@H]3C[C@@H]([C@@H]5OC(=O)C)[N+]6(CCCCC6)C)C.[Br-],0,Metabolic,Vecuronium,M03AC03,M03A,Neuronal acetylcholine receptor subunit alpha-2,,ATP-dependent translocase ABCB1,Vecuronium is a muscle relaxing agent and is used as an adjunct in general anesthesia.,approved; investigational,"Vecuronium is a bisquaternary nitrogen compound that acts by competitively binding to nicotinic cholinergic receptors. The binding of vecuronium decreases the opportunity for acetylcholine to bind to the nicotinic receptor at the postjunctional membrane of the myoneural junction. As a result, depolarization is prevented, calcium ions are not released and muscle contraction does not occur.",,
vinblastine,vNo-DILI-Concern,CC[C@@]1(C[C@H]2C[C@@](C3=C(CCN(C2)C1)C4=CC=CC=C4N3)(C5=C(C=C6C(=C5)[C@]78CCN9[C@H]7[C@@](C=CC9)([C@H]([C@@]([C@@H]8N6C)(C(=O)OC)O)OC(=O)C)CC)OC)C(=O)OC)O,0,Metabolic,Vinblastine,L01CA01,L01C,Tubulin beta-2A chain; Tubulin alpha-1A chain; Tubulin beta chain; Tubulin delta chain; Tubulin gamma-1 chain; Tubulin epsilon chain; Transcription factor Jun,Cytochrome P450 2D6; Cytochrome P450 3A4,ATP-dependent translocase ABCB1; Multidrug resistance-associated protein 1; ATP-binding cassette sub-family C member 2; ATP-binding cassette sub-family C member 6; Bile salt export pump; Solute carrier organic anion transporter family member 1B1,"For treatment of breast cancer, testicular cancer, lymphomas, neuroblastoma, Hodgkin's and non-Hodgkin's lymphomas, mycosis fungoides, histiocytosis, and Kaposi's sarcoma.",approved,"The antitumor activity of vinblastine is thought to be due primarily to inhibition of mitosis at metaphase through its interaction with tubulin. Vinblastine binds to the microtubular proteins of the mitotic spindle, leading to crystallization of the microtubule and mitotic arrest or cell death.",,
vitamin c,vNo-DILI-Concern,C([C@@H](C1C(=C(C(=O)O1)O)O)O)O,0,Metabolic,Ascorbic acid,G01AD03,G01A,"Solute carrier family 23 member 2; Solute carrier family 23 member 1; Hyaluronate lyase; DNA; Xylose isomerase; Procollagen-lysine,2-oxoglutarate 5-dioxygenase 2; Phytanoyl-CoA dioxygenase, peroxisomal; Multifunctional procollagen lysine hydroxylase and glycosyltransferase LH3; Gamma-butyrobetaine dioxygenase; Dopamine beta-hydroxylase; Peptidyl-glycine alpha-amidating monooxygenase; Prolyl 3-hydroxylase 1; Prolyl 3-hydroxylase 2; Prolyl 3-hydroxylase 3; Prolyl 4-hydroxylase subunit alpha-1; Prolyl 3-hydroxylase OGFOD1; 2-oxoglutarate and iron-dependent oxygenase domain-containing protein 2; DNA oxidative demethylase ALKBH2; Alpha-ketoglutarate-dependent dioxygenase alkB homolog 3; Lysine-specific demethylase 5D; Procollagen-lysine,2-oxoglutarate 5-dioxygenase 1; Trimethyllysine dioxygenase, mitochondrial; Transmembrane prolyl 4-hydroxylase; Egl nine homolog 1; Prolyl hydroxylase EGLN2; Prolyl hydroxylase EGLN3","Thioredoxin reductase 1, cytoplasmic","Solute carrier family 23 member 1; Solute carrier family 23 member 2; Solute carrier family 2, facilitated glucose transporter member 1; Solute carrier family 2, facilitated glucose transporter member 3; Solute carrier family 2, facilitated glucose transporter member 4","Used to treat vitamin C deficiency, scurvy, delayed wound and bone healing, urine acidification, and in general as an antioxidant. It has also been suggested to be an effective antiviral agent.",approved; nutraceutical,"In humans, an exogenous source of ascorbic acid is required for collagen formation and tissue repair by acting as a cofactor in the posttranslational formation of 4-hydroxyproline in -Xaa-Pro-Gly- sequences in collagens and other proteins. Ascorbic acid is reversibly oxidized to dehydroascorbic acid in the body. These two forms of the vitamin are believed to be important in oxidation-reduction reactions. The vitamin is involved in tyrosine metabolism, conversion of folic acid to folinic acid, carbohydrate metabolism, synthesis of lipids and proteins, iron metabolism, resistance to infections, and cellular respiration.",,
vitamin e,vNo-DILI-Concern,CC1=C(C(=C2CC[C@@](OC2=C1C)(C)CCC[C@H](C)CCC[C@H](C)CCCC(C)C)C)O,0,Metabolic,Vitamin E,,,SEC14-like protein 4; SEC14-like protein 3; SEC14-like protein 2; Nuclear receptor subfamily 1 group I member 2; Protein kinase C beta type; Polyunsaturated fatty acid 5-lipoxygenase; Protein kinase C alpha type; Diacylglycerol kinase alpha; Serine/threonine-protein phosphatase 2A catalytic subunit beta isoform; Serine/threonine-protein phosphatase 2A catalytic subunit alpha isoform,Glutathione S-transferase P; Glutathione S-transferase omega-1; Glutathione S-transferase Mu 3; Glutamate--cysteine ligase catalytic subunit; NAD(P)H dehydrogenase [quinone] 1; Heme oxygenase 1; Superoxide dismutase [Cu-Zn]; Cytochrome P450 3A4; Glutathione S-transferase A2,Scavenger receptor class B member 1; Phospholipid-transporting ATPase ABCA1; NPC1-like intracellular cholesterol transporter 1; ATP-binding cassette sub-family G member 1,"Vitamin E supplementation is indicated for treatment of vitamin E deficiency which can occur in cystic fibrosis, cholestasis and severe liver disease, abetalipoproteinemia or simply poor diet[A176104,L3063].",approved; nutraceutical; vet_approved,"The mechanism of action for most of vitamin E's effects are still unknown[A176104,A176107]. Vitamin E is an antioxidant, preventing free radical reactions with cell membranes[A176360]. Though in some cases vitamin E has been shown to have pro-oxidant activity[A176360].

One mechanism of vitamin E's antioxidant effect is in the termination of lipid peroxidation[A176363]. Vitamin E reacts with unstable lipid radicals, producing stable lipids and a relatively stable vitamin E radical[A176363]. The vitamin E radical is then reduced back to stable vitamin E by reaction with ascorbate or glutathione[A176363].",,
vorinostat,vNo-DILI-Concern,C1=CC=C(C=C1)NC(=O)CCCCCCC(=O)NO,0,Metabolic,Vorinostat,L01XH01,L01X,Histone deacetylase 1; Histone deacetylase 2; Histone deacetylase 3; Histone deacetylase 6; Histone deacetylase 8; Acetoin utilization protein; Histone deacetylase,,,"For the treatment of cutaneous manifestations in patients with cutaneous T-cell lymphoma who have progressive, persistent or recurrent disease on or following two systemic therapies.",approved; investigational,"Vorinostat inhibits the enzymatic activity of histone deacetylases HDAC1, HDAC2 and HDAC3 (Class I) and HDAC6 (Class II) at nanomolar concentrations (IC<sub>50</sub>&lt; 86 nM). These enzymes catalyze the removal of acetyl groups from the lysine residues of histones proteins. In some cancer cells, there is an overexpression of HDACs, or an aberrant recruitment of HDACs to oncogenic transcription factors causing hypoacetylation of core nucleosomal histones. By inhibiting histone deacetylase, vorinostat causes the accumulation of acetylated histones and induces cell cycle arrest and/or apoptosis of some transformed cells. The mechanism of the antineoplastic effect of vorinostat has not been fully characterized.",,
zaleplon,vNo-DILI-Concern,CCN(C1=CC=CC(=C1)C2=CC=NC3=C(C=NN23)C#N)C(=O)C,0,Metabolic,Zaleplon,N05CF03,N05C,Gamma-aminobutyric acid receptor subunit alpha-1,Cytochrome P450 3A4; Cytochrome P450 3A5; Cytochrome P450 3A7; Aldehyde oxidase,,For the treatment of short-term treatment of insomnia in adults.,approved; illicit; investigational,Zaleplon exerts its action through subunit modulation of the GABA<sub>B</sub>Z receptor chloride channel macromolecular complex. Zaleplon also binds selectively to the brain omega-1 receptor located on the alpha subunit of the GABA-A/chloride ion channel receptor complex and potentiates t-butyl-bicyclophosphorothionate (TBPS) binding.,,
4-aminosalicylic acid,vMost-DILI-Concern,C1=CC(=C(C=C1N)O)C(=O)O,1,Immune,Aminosalicylic acid,J04AA02,J04A,Prostaglandin G/H synthase 1; Dihydrofolate reductase; Prostaglandin G/H synthase 2; Inhibitor of nuclear factor kappa-B kinase subunit alpha; Polyunsaturated fatty acid 5-lipoxygenase; Group IIE secretory phospholipase A2,Myeloperoxidase,,For the treatment of tuberculosis,approved,"There are two mechanisms responsible for aminosalicylic acid's bacteriostatic action against <i>Mycobacterium tuberculosis</i>. Firstly, aminosalicylic acid inhibits folic acid synthesis (without potentiation with antifolic compounds). The binding of para-aminobenzoic acid to pteridine synthetase acts as the first step in folic acid synthesis. Aminosalicylic acid binds pteridine synthetase with greater affinity than para-aminobenzoic acid, effectively inhibiting the synthesis of folic acid. As bacteria are unable to use external sources of folic acid, cell growth and multiplication slows. Secondly, aminosalicylic acid may inhibit the synthesis of the cell wall component, mycobactin, thus reducing iron uptake by <i>M. tuberculosis</i>.",,Delayed liver injury with hypersensitivity features; possible reactive metabolite involvement¨äµ²ºc»P sulfasalazine¡B5-ASA ¤]¨ã¤@©wÃöÁp
abacavir,vMost-DILI-Concern,C1CC1NC2=NC(=NC3=C2N=CN3C4C[C@H](C=C4)CO)N,1,Immune,Abacavir,J05AR13,J05A,Reverse transcriptase/RNaseH; Gag-Pol polyprotein,Adenosine kinase; Alcohol dehydrogenase 6; UDP-glucuronosyltransferase 1A1,,Abacavir is indicated in combination with other anti-retroviral agents for the treatment of HIV-1 infection.[L30400] It is available in a combination product alongside [dolutegravir] and [lamivudine] for the treatment of adult and pediatric patients with HIV-1 who weigh ??0 kg.[L41365],approved; investigational,"Abacavir is a carbocyclic synthetic nucleoside analogue and an antiviral agent. Intracellularly, abacavir is converted by cellular enzymes to the active metabolite carbovir triphosphate, an analogue of deoxyguanosine-5'-triphosphate (dGTP). Carbovir triphosphate inhibits the activity of HIV-1 reverse transcriptase (RT) both by competing with the natural substrate dGTP and by its incorporation into viral DNA. Viral DNA growth is terminated because the incorporated nucleotide lacks a 3'-OH group, which is needed to form the 5??to 3??phosphodiester linkage essential for DNA chain elongation.",https://www.ncbi.nlm.nih.gov/books/NBK548225/,"""Hypersensitivity-mediated liver injury associated with HLA-B*57:01; hepatocellular or cholestatic pattern; rapid resolution after discontinuation; nonimmune cases possible but rare.""ÁöµMÁ{§É¤W¤Ö¨£¡A¦ý¤w¦³©ú½T­Ó®×³ø§iµo¥Í«æ©Ê¨x·l¶Ë¡FLikelihood score = C¡]probable¡^¡÷ «ØÄ³¼Ð¬° 1¡F¥D­n¨x¬r©Ê¾÷Âà»P HLA-B*57:01 µ²¦X¬ÛÃöªº§K¬Ì¹L±Ó¤ÏÀ³¡]hypersensitivity reaction¡^¡F"
acarbose,vMost-DILI-Concern,C[C@@H]1[C@H]([C@@H]([C@H]([C@H](O1)O[C@@H]2[C@H](O[C@@H]([C@@H]([C@H]2O)O)O[C@@H]3[C@H](O[C@H]([C@@H]([C@H]3O)O)O)CO)CO)O)O)N[C@H]4C=C([C@@H]([C@@H]([C@H]4O)O)O)CO,1,Metabolic,Acarbose,A10BD17,A10B,"Maltase-glucoamylase; Sucrase-isomaltase, intestinal; Pancreatic alpha-amylase; Lysosomal alpha-glucosidase",,,Acarbose is indicated as an adjunct to diet and exercise to improve glycemic control in adults with type 2 diabetes mellitus.[L31628],approved; investigational,"Alpha-glucosidase enzymes are located in the brush-border of the intestinal mucosa and serve to metabolize oligo-, tri-, and disaccharides (e.g. sucrose) into smaller monosaccharides (e.g. glucose, fructose) which are more readily absorbed.[A37868] These work in conjunction with pancreatic alpha-amylase, an enzyme found in the intestinal lumen that hydrolyzes complex starches to oligosaccharides.[L31633]

Acarbose is a complex oligosaccharide that competitively and reversibly inhibits both pancreatic alpha-amylase and membrane-bound alpha-glucosidases - of the alpha-glucosidases, inhibitory potency appears to follow a rank order of glucoamylase > sucrase > maltase > isomaltase.[L31633] By preventing the metabolism and subsequent absorption of dietary carbohydrates, acarbose reduces postprandial blood glucose and insulin levels.",https://www.ncbi.nlm.nih.gov/books/NBK548181/,"""Rare but likely idiosyncratic hepatocellular injury; latency 2¡V8 months; marked ALT elevation resembling acute viral hepatitis; immunoallergic and autoimmune features uncommon; recurrence on rechallenge reported."""
acetaminophen,vMost-DILI-Concern,CC(=O)NC1=CC=C(C=C1)O,1,Metabolic,Acetaminophen,N02BE71,N02B,Prostaglandin G/H synthase 2; Sodium-dependent serotonin transporter; Sodium-dependent noradrenaline transporter; Prostaglandin G/H synthase 1; Prostaglandin E synthase 3; Transient receptor potential cation channel subfamily V member 1,Cytochrome P450 2E1; Cytochrome P450 1A2; Cytochrome P450 3A4; Cytochrome P450 2D6; Cytochrome P450 2A6; UDP-glucuronosyltransferase 1-6; UDP-glucuronosyltransferase 1A1; UDP-glucuronosyltransferase 1A9; UDP-glucuronosyltransferase 2B15; Sulfotransferase 1A1; Sulfotransferase 1A3; Arylamine N-acetyltransferase 2; Fatty-acid amide hydrolase 1; Glutathione S-transferase P; Glutathione S-transferase Mu 1,ATP-dependent translocase ABCB1,"In general, acetaminophen is used for the treatment of mild to moderate pain and reduction of fever.[F4124] It is available over the counter in various forms, the most common being oral forms.

Acetaminophen _injection_ is indicated for the management of mild to moderate pain, the management of moderate to severe pain with adjunctive opioid analgesics, and the reduction of fever.[Label]

Because of its low risk of causing allergic reactions, this drug can be administered in patients who are intolerant to salicylates and those with allergic tendencies, including bronchial asthmatics.[F4124] Specific dosing guidelines should be followed when administering acetaminophen to children.[L5780]",approved,"According to its FDA labeling, acetaminophen's exact mechanism of action has not been fully established[Label] - despite this, it is often categorized alongside NSAIDs (nonsteroidal anti-inflammatory drugs) due to its ability to inhibit the cyclooxygenase (COX) pathways.[T518] It is thought to exert central actions which ultimately lead to the alleviation of pain symptoms.[T518]

One theory is that acetaminophen increases the pain threshold by inhibiting two isoforms of cyclooxygenase, COX-1 and COX-2, which are involved in prostaglandin (PG) synthesis. Prostaglandins are responsible for eliciting pain sensations.[A176366] Acetaminophen does not inhibit cyclooxygenase in peripheral tissues and, therefore, has no peripheral anti-inflammatory effects. Though acetylsalicylic acid (aspirin) is an irreversible inhibitor of COX and directly blocks the active site of this enzyme, studies have shown that acetaminophen (paracetamol) blocks COX indirectly.[F4133] Studies also suggest that acetaminophen selectively blocks a variant type of the COX enzyme that is unique from the known variants COX-1 and COX-2.[A468] This enzyme has been referred to as _COX-3_. The antipyretic actions of acetaminophen are likely attributed to direct action on heat-regulating centers in the brain, resulting in peripheral vasodilation, sweating, and loss of body heat.[F4133] The exact mechanism of action of this drug is not fully understood at this time, but future research may contribute to deeper knowledge.[F4133]",https://www.ncbi.nlm.nih.gov/books/NBK548162/,"""Well established dose-dependent hepatocellular injury via toxic metabolite (NAPQI); overdose leads to acute liver failure; unintentional overdose also common; therapeutic doses may cause mild transient ALT elevations."""
acetazolamide,vMost-DILI-Concern,CC(=O)NC1=NN=C(S1)S(=O)(=O)N,1,Immune,Acetazolamide,G01AE10,G01A,Carbonic anhydrase 1; Carbonic anhydrase 2; Carbonic anhydrase 4; Carbonic anhydrase 12; Carbonic anhydrase 14; Carbonic anhydrase 3; Carbonic anhydrase 7; Aquaporin-1,Cytochrome P450 3A4,Solute carrier family 22 member 6,For adjunctive treatment of: edema due to congestive heart failure; drug-induced edema; centrencephalic epilepsies; chronic simple (open-angle) glaucoma,approved; vet_approved,"The anticonvulsant activity of Acetazolamide may depend on a direct inhibition of carbonic anhydrase in the CNS, which decreases carbon dioxide tension in the pulmonary alveoli, thus increasing arterial oxygen tension. The diuretic effect depends on the inhibition of carbonic anhydrase, causing a reduction in the availability of hydrogen ions for active transport in the renal tubule lumen. This leads to alkaline urine and an increase in the excretion of bicarbonate, sodium, potassium, and water.",https://www.ncbi.nlm.nih.gov/books/NBK548664/?utm_source=chatgpt.com,"""Idiosyncratic hypersensitivity-mediated liver injury; hepatocellular or mixed enzyme pattern; rash, fever, eosinophilia common; rare severe DILI; genetic HLA-B*59:01 association""¾÷Âà¬°§K¬Ì«¬ DILI¡GLiverTox µû¦ô«ü¥X acetazolamide ªº¨x¬r©Ê¡ubelieved to be due to hypersensitivity with shared pathogenesis with the sulfonamides.¡v"
acitretin,vMost-DILI-Concern,CC1=CC(=C(C(=C1/C=C/C(=C/C=C/C(=C\C(=O)O)/C)/C)C)C)OC,1,Metabolic,Acitretin,D05BB02,D05B,Retinoic acid receptor RXR-alpha; Signal transducer and activator of transcription 3; Retinoic acid receptor alpha; Retinoic acid receptor beta; Retinoic acid receptor gamma; Retinoic acid receptor RXR-gamma; Retinoic acid receptor RXR-beta; Retinol-binding protein 1; Retinoic acid receptor RXR,,,For the treatment of severe psoriasis in adults.,approved,"The mechanism of action of acitretin is unknown, however it is believed to work by targeting specific receptors (retinoid receptors such as RXR and RAR) in the skin which help normalize the growth cycle of skin cells.",https://www.ncbi.nlm.nih.gov/books/NBK548784/,"""Likely idiosyncratic hepatocellular and occasionally cholestatic liver injury; may involve hypersensitivity reaction; mechanism unclear but distinct from hypervitaminosis A."""
alaproclate,vMost-DILI-Concern,CC(C(=O)OC(C)(C)CC1=CC=C(C=C1)Cl)N,1,Metabolic,Alaproclate,N06AB07,N06A,,,,,experimental,,,No evidence of liver injury or DILI risk¿ï¾Ü©Ê¦å²M¯À¦AÄá¨ú§í¨î¾¯¡]SSRI¡^¡A©ó 1970-80 ¦~¥N¬ã¨s¥Î©óªvÀø¼~Æ{¯g¡A»P¨ä¥L SSRI ¦PÃþ¡A²z½×¤W¥i¯à¦³¨x¬r©Ê­·ÀI¡A¦ý¨ãÅé®×¨Ò¸û¤Ö¡C
alatrofloxacin mesylate,vMost-DILI-Concern,C[C@@H](C(=O)N[C@@H](C)C(=O)NC1[C@H]2[C@@H]1CN(C2)C3=C(C=C4C(=O)C(=CN(C4=N3)C5=C(C=C(C=C5)F)F)C(=O)O)F)N,1,Metabolic + Immune,,,,,,,,,,https://tapermd.com/bbw/Trovafloxacin.pdf?utm_source=chatgpt.com,"""Prodrug of trovafloxacin; idiosyncratic hepatocellular/immune-mediated liver injury; associated with acute liver failure cases and transplantation; short usage leads high risk""Alatrofloxacin ¬O trovafloxacin ªº prodrug¡AÁ{§É¾É­P¦h°_ÄY­«¨x·l®`®×¨Ò¡A¥]¬A«æ©Ê¨x°IºÜ¡B»Ý¨x²¾´Ó¬Æ¦Ü¦º¤` Trovafloxacin ¸g¥Ñ¨xÅ¦¥NÁÂ«á·|²£¥Í ¬r©Ê¤¤¶¡Åé¡A¤Þµo¨x²Ó­M·l¶Ë¡A¬O¨å«¬ªº¥NÁÂ¬r©ÊÃöÁä¡C"
albendazole,vMost-DILI-Concern,CCCSC1=CC2=C(C=C1)N=C(N2)NC(=O)OC,1,Immune,Albendazole,P02CA03,P02C,Tubulin beta-2 chain; Tubulin alpha-1A chain; Tubulin beta-4B chain; Fumarate reductase flavoprotein subunit,Cytochrome P450 1A1; Cytochrome P450 1A2; Cytochrome P450 3A4; Cytochrome P450 2C19,ATP-dependent translocase ABCB1,"For the treatment of parenchymal neurocysticercosis due to active lesions caused by larval forms of the pork tapeworm, <i>Taenia solium</i> and for the treatment of cystic hydatid disease of the liver, lung, and peritoneum, caused by the larval form of the dog tapeworm, <i>Echinococcus granulosus</i>.",approved; vet_approved,"Albendazole causes degenerative alterations in the tegument and intestinal cells of the worm by diminishing its energy production, ultimately leading to immobilization and death of the parasite. It works by binding to the colchicine-sensitive site of tubulin, thus inhibiting its polymerization or assembly into microtubules. As cytoplasmic microtubules are critical in promoting glucose uptake in larval and adult stages of the susceptible parasites, the glycogen stores of the parasites are depleted. Degenerative changes in the endoplasmic reticulum, the mitochondria of the germinal layer, and the subsequent release of lysosomes result in decreased production of adenosine triphosphate (ATP), which is the energy required for the survival of the helminth.",https://www.ncbi.nlm.nih.gov/books/NBK548360/,"Idiosyncratic hypersensitivity reaction; rapid recurrence on re-exposure, sometimes with mild eosinophilia and rash."
alclofenac,vMost-DILI-Concern,C=CCOC1=C(C=C(C=C1)CC(=O)O)Cl,1,Metabolic,Alclofenac,M01AB06,M01A,Prostaglandin G/H synthase 2,,,"Alclofenac is indicated in rheumatology, in particular for the treatment of rheumatoid arthritis, ankylosing spondylitis and, as an analgesic, in painful arthritic pathologies.",approved; withdrawn,"Alclofenac is an inhibitor of prostaglandin H2 synthase. The inhibition of the enzyme occurs through the reversible block of cyclooxygenase enzyme. Therefore, it prevents the production of inflammatory mediators (and pain) as prostacyclins and prostaglandins.  Aclofenac has the ability to inhibit the biosynthesis  of prostaglandins  which may be an  important  factor in  the action of these drugs, but  in addition,   the  effect  of  these  agents  in  displacing  endogenous anti-inflammatory substances from plasma protein  binding sites is thought  to  be an equally important effect in their mechanism of action",,No reported DILI; limited data available
allopurinol,vMost-DILI-Concern,C1=C2C(=NC=NC2=O)NN1,1,Immune,Allopurinol,M04AA01,M04A,Xanthine dehydrogenase/oxidase,Aldehyde oxidase; Xanthine dehydrogenase/oxidase,Organic anion transporter 3; Solute carrier family 22 member 7; Broad substrate specificity ATP-binding cassette transporter ABCG2; Solute carrier family 22 member 2,"Allopurinol is indicated in [FDA label]:

1) the management of patients with signs and symptoms of primary or secondary gout (acute attacks, tophi, joint destruction, uric acid lithiasis, and/or nephropathy).

2) the management of patients with leukemia, lymphoma and malignancies who are receiving cancer therapy which causes elevations of serum and urinary uric acid levels. Treatment with allopurinol should be discontinued when the potential for overproduction of uric acid is no longer present.

3) the management of patients with recurrent calcium oxalate calculi whose daily uric acid excretion exceeds 800 mg/day in male patients and 750 mg/day in female patients. Therapy in such patients should be carefully assessed initially and reassessed periodically to determine in each case that treatment is beneficial and that the benefits outweigh the risks.",approved,"Allopurinol is a structural analog of the natural purine base, hypoxanthine.  After ingestion, allopurinol is metabolized to its active metabolite, oxypurinol (_alloxanthine_) in the liver [T508], which acts as an inhibitor of xanthine oxidase enzyme [FDA label]. 

Allopurinol and its active metabolite inhibit xanthine oxidase, the enzyme that converts hypoxanthine to xanthine and xanthine to uric acid. Inhibition of this enzyme is responsible for the effects of allopurinol. This drug increases the reutilization of hypoxanthine and xanthine for nucleotide and nucleic acid synthesis by a process that involves the enzyme hypoxanthine-guanine phosphoribosyltransferase (HGPRTase).  This process results in an increased nucleotide concentration, which causes feedback inhibition of de novo purine synthesis. The end result is decreased urine and serum uric acid concentrations [F3988], which decreases the incidence of gout symptoms. 

Accompanying the reduction of serum uric acid by allopurinol is an increase in the serum and urine concentrations of hypoxanthine and xanthine (due to inhibition of xanthine oxidase).  In the absence of allopurinol, regular urinary excretion of oxypurines almost entirely occurs in the form of uric acid. After the ingestion of allopurinol, the contents of excreted urine are hypoxanthine, xanthine, and uric acid. Because each substance has its own individual solubility, the concentration of uric acid in plasma is decreased without exposing the renal tissues to a high load of uric acid, thereby decreasing the risk of crystalluria. By lowering the uric acid concentration in the plasma below its limits of solubility, allopurinol encourages the dissolution of gout tophi. Although the levels of hypoxanthine and xanthine are found to be increased after allopurinol ingestion, the risk of deposition in renal tissues is less than that of uric acid, as they become more soluble and are rapidly excreted by the kidney [F3988].",https://www.ncbi.nlm.nih.gov/books/NBK548098/,"""Immune-mediated hypersensitivity reaction; associated with DRESS syndrome, SJS/TEN, granulomatous hepatitis, and vanishing bile duct syndrome; strongly linked to HLA-B*58:01""¨å«¬¯gª¬¡Gµo¿N¡B¥Ö¯l¡B¶Ý»Ä©Ê²y¼W¦h¡B¥þ¨­¤ô¸~¡B²O¤Úµ²¸~¤j;DRESS¡BSJS/TEN ©ú½T´£¥Ü¬°§K¬Ì¬ÛÃö¾÷Âà¡A¦Ó«D³æ¯Â¥NÁÂ©ÎÃÄª«²Ö¿n©Ò­P¡C»P HLA-B*58:01 ±j¬ÛÃö¡A¤×¨ä¦b¨È¬w¤H¸s¡]¦p¥xÆW¡BÁú°ê¡B®õ°ê¡^­·ÀI¯S§O°ª¡A«ØÄ³¿zÀË¡C"
alpidem,vMost-DILI-Concern,CCCN(CCC)C(=O)CC1=C(N=C2N1C=C(C=C2)Cl)C3=CC=C(C=C3)Cl,1,Immune,,,,,,,,,,withdrawn,"Delayed onset, hypersensitivity features (rash, eosinophilia); CYP3A4 metabolism suspected"
amineptine,vMost-DILI-Concern,C1CC2=CC=CC=C2C(C3=CC=CC=C31)[NH2+]CCCCCCC(=O)O.[Cl-],1,Metabolic,Amineptine,N06AA19,N06A,Sodium-dependent dopamine transporter; Sodium-dependent noradrenaline transporter; Sodium-dependent serotonin transporter,,,For the treatment of depression.,illicit; withdrawn,"Amineptine selectively inhibits the reuptake of dopamine and to a lesser extent norepinephrine, thus exerting a powerful and fast-acting antidepressant effect.",,
amiodarone,vMost-DILI-Concern,CCCCC1=C(C2=CC=CC=C2O1)C(=O)C3=CC(=C(C(=C3)I)OCCN(CC)CC)I,1,Metabolic,Amiodarone,C01BD01,C01B,HERG human cardiac K+ channel; Beta adrenergic receptor; Voltage-dependent T-type calcium channel subunit alpha-1I; Voltage gated L-type calcium channel; Thyroid hormone receptor; Peroxisome proliferator-activated receptor gamma; Peroxisome proliferator-activated receptor alpha; Peroxisome proliferator-activated receptor gamma coactivator 1-beta,Cytochrome P450 3A4; Cytochrome P450 2C8; Cytochrome P450 2D6; Cytochrome P450 2C9; Cytochrome P450 1A2; Cytochrome P450 2C19; Cytochrome P450 1A1; Cytochrome P450 2A6; Cytochrome P450 2J2,ATP-dependent translocase ABCB1; Bile salt export pump; Solute carrier family 22 member 2,"The FDA approved indications for amiodarone are recurrent ventricular fibrillation (VF) and recurrent hemodynamically unstable ventricular tachycardia (VT). The FDA emphasizes that this drug should only be given in these conditions when they are clinically documented and have not responded to normal therapeutic doses of other antiarrhythmic agents, or when other drugs are not tolerated by the patient.[L3561]

Off-label indications include atrial fibrillation and supraventricular tachycardia.[A189666,A189720,A189723,L11286]",approved; investigational,"Amiodarone is considered a class III anti-arrhythmic drug. It blocks potassium currents that cause repolarization of the heart muscle during the third phase of the cardiac action potential. As a result amiodarone increases the duration of the action potential as well as the effective refractory period for cardiac cells (myocytes). Therefore, cardiac muscle cell excitability is reduced, preventing and treating abnormal heart rhythms.[A183137,A189747]

Unique from other members of the class III anti-arrhythmic drug class, amiodarone also interferes with the functioning of beta-adrenergic receptors, sodium channels, and calcium channels channels. These actions, at times, can lead to undesirable effects, such as hypotension, bradycardia, and Torsades de pointes (TdP).[L11265] In addition to the above, amiodarone may increase activity of peroxisome proliferator-activated receptors, leading to steatogenic changes in the liver or other organs.[A20227,A20650] Finally, amiodarone has been found to bind to the thyroid receptor due to its iodine content, potentially leading to amiodarone induced hypothyroidism or thyrotoxicosis.[A182168]",https://www.ncbi.nlm.nih.gov/books/NBK548109/,"Direct mitochondrial toxicity, phospholipidosis, inhibition of phospholipase A, and lipid bilayer/membrane dysfunction; dose- and duration-related."
aplaviroc ,vMost-DILI-Concern,CCCCN1C(=O)[C@H](NC(=O)C12CCN(CC2)CC3=CC=C(C=C3)OC4=CC=C(C=C4)C(=O)O)[C@@H](C5CCCCC5)O,1,Metabolic,Aplaviroc,,,C-C chemokine receptor type 5,,,Investigated for use/treatment in HIV infection.,investigational,"GW873140 is a novel CCR5 receptor antagonist that binds specifically to human CCR5. It binds to human CCR5 with a unique profile as evidenced by the selective inhibition of monoclonal antibody binding. One of the many ways in which CCR5 inhibitors differ from the currently available classes of HIV drugs is that they bind to the host (CCR5 receptor), the cell, target rather than to the viral enzymes in cells like the CD4 cell.",https://pmc.ncbi.nlm.nih.gov/articles/PMC2258506/?utm_source=chatgpt.com,"""Idiosyncratic liver injury; severe hepatocellular cytolysis ¡Ó bilirubin elevation; no viral or autoimmune cause; intrinsic to molecule.""ÁöµM¨S¦³©ú½Tªº§K¬Ì¹L±Ó¼x¶H¡]¦p rash¡B¶Ý»Ä©Ê²yµ¥¡^¡A¦ý¨ã¦³°ª«× idiosyncratic ¯S©Ê¡A¨x·l¶Ë»P APL ¤À¤l¥»¨­¬ÛÃö¡AÄÝ«D¾¯¶q¨Ì¿à©Ê¡B¤£¥i¹w´ú«¬ºA¡FAPL ¦b¤HÅé¥D­n¸g CYP3A¡]³¡¤À CYP2C19¡^¥NÁÂ¡A¥B¨ã time?dependent CYP3A §í¨î¬¡©Ê¡F¦ý¨ä¬r©Ê¾÷Âà¤£¦]§K¬Ì¤ÏÀ³¡A¦Ó§ó¥i¯à¬O¤º¦b¬r©Ê¥NÁÂª«©Î transporter ²Ö¿n »P¨xÅ¦°ªÃnÅS³y¦¨ªº intrinsic injury"
atomoxetine,vMost-DILI-Concern,CC1=CC=CC=C1O[C@H](CCNC)C2=CC=CC=C2,1,Metabolic,Atomoxetine,N06BA09,N06B,Sodium-dependent noradrenaline transporter; Sodium-dependent serotonin transporter; NMDA receptor; G protein-activated inward rectifier potassium channel 1; Kappa-type opioid receptor,Cytochrome P450 2C19; Cytochrome P450 2D6,,Atomoxetine is indicated for the treatment of attention deficit hyperactivity disorder (ADHD) in children and adults.,approved,"Atomoxetine is known to be a potent and selective inhibitor of the norepinephrine transporter (NET),[A175723] which prevents cellular reuptake of norepinephrine throughout the brain, which is thought to improve the symptoms of ADHD. More recently, positron emission tomography (PET) imaging studies in rhesus monkeys have shown that atomoxetine also binds to the serotonin transporter (SERT),[A178111] and blocks the N-methyl-d-aspartate (NMDA) receptor,[A18263] indicating a role for the glutamatergic system in the pathophysiology of ADHD.",https://www.ncbi.nlm.nih.gov/books/NBK548671/,Extensive metabolism via CYP2D6 ¡÷ formation of reactive or immunogenic intermediates; toxicity may be dose-related or due to poor metabolizer phenotype.
atorvastatin,vMost-DILI-Concern,CC(C)C1=C(C(=C(N1CC[C@H](C[C@H](CC(=O)O)O)O)C2=CC=C(C=C2)F)C3=CC=CC=C3)C(=O)NC4=CC=CC=C4,1,Cholestatic,Atorvastatin,C10BA05,C10B,3-hydroxy-3-methylglutaryl-coenzyme A reductase; Dipeptidyl peptidase 4; Aryl hydrocarbon receptor; Histone deacetylase 2; Nuclear receptor subfamily 1 group I member 3,Cytochrome P450 3A4; Cytochrome P450 3A5; Cytochrome P450 3A7; Cytochrome P450 2C8; Cytochrome P450 2D6; Cytochrome P450 2C9; Cytochrome P450 2C19; Cytochrome P450 2B6; UDP-glucuronosyltransferase 1A1; UDP-glucuronosyltransferase 1A3,ATP-dependent translocase ABCB1; Solute carrier organic anion transporter family member 1A2; Solute carrier organic anion transporter family member 1B1; ATP-binding cassette sub-family C member 4; ATP-binding cassette sub-family C member 5; Multidrug resistance-associated protein 1; Solute carrier organic anion transporter family member 2B1; Solute carrier organic anion transporter family member 1B3; ATP-binding cassette sub-family C member 2; Bile salt export pump,"Atorvastatin is indicated for the treatment of several types of dyslipidemias, including primary hyperlipidemia and mixed dyslipidemia in adults, hypertriglyceridemia, primary dysbetalipoproteinemia, homozygous familial hypercholesterolemia, and heterozygous familial hypercholesterolemia in adolescent patients with failed dietary modifications.[A177397]

Dyslipidemia describes an elevation of plasma cholesterol, triglycerides or both as well as to the presence of low levels of high-density lipoprotein. This condition represents an increased risk for the development of atherosclerosis.[L6025] 

Atorvastatin is indicated, in combination with dietary modifications, to prevent cardiovascular events in patients with cardiac risk factors and/or abnormal lipid profiles.[A177397]

Atorvastatin can be used as a preventive agent for myocardial infarction, stroke, revascularization, and angina, in patients without coronary heart disease but with multiple risk factors and in patients with type 2 diabetes without coronary heart disease but multiple risk factors.[A177397]

Atorvastatin may be used as a preventive agent for non-fatal myocardial infarction, fatal and non-fatal stroke, revascularization procedures, hospitalization for congestive heart failure and angina in patients with coronary heart disease.[A177397]

Prescribing of statin medications is considered standard practice following any cardiovascular events and for people with a moderate to high risk of development of CVD. Statin-indicated conditions include diabetes mellitus, clinical atherosclerosis (including myocardial infarction, acute coronary syndromes, stable angina, documented coronary artery disease, stroke, trans ischemic attack (TIA), documented carotid disease, peripheral artery disease, and claudication), abdominal aortic aneurysm, chronic kidney disease, and severely elevated LDL-C levels.[A181087, A181406]",approved,"Atorvastatin is a statin medication and a competitive inhibitor of the enzyme HMG-CoA (3-hydroxy-3-methylglutaryl coenzyme A) reductase, which catalyzes the conversion of HMG-CoA to mevalonate, an early rate-limiting step in cholesterol biosynthesis.[A177388,A181421] Atorvastatin acts primarily in the liver, where decreased hepatic cholesterol concentrations stimulate the upregulation of hepatic low-density lipoprotein (LDL) receptors, which increases hepatic uptake of LDL. Atorvastatin also reduces Very-Low-Density Lipoprotein-Cholesterol (VLDL-C), serum triglycerides (TG) and Intermediate Density Lipoproteins (IDL), as well as the number of apolipoprotein B (apo B) containing particles, but increases High-Density Lipoprotein Cholesterol (HDL-C). 

_In vitro_ and _in vivo_ animal studies also demonstrate that atorvastatin exerts vasculoprotective effects independent of its lipid-lowering properties, also known as the pleiotropic effects of statins.[A181424] These effects include improvement in endothelial function, enhanced stability of atherosclerotic plaques, reduced oxidative stress and inflammation, and inhibition of the thrombogenic response. Statins were also found to bind allosterically to Î²2 integrin function-associated antigen-1 (LFA-1), which plays an essential role in leukocyte trafficking and T cell activation.[A181559]",https://www.ncbi.nlm.nih.gov/books/NBK548236/,"The clinical presentation of atorvastatin hepatotoxicity varies greatly from simple cholestatic hepatitis to mixed forms, to frankly hepatocellular injury.However, most cases arise within 6 months of starting atorvastatin or several months after a dose escalation. The most common presentation is a cholestatic hepatitis that tends to be mild-to-moderate in severity and self-limiting in course (Cases 1 and 2)."
azathioprine,vMost-DILI-Concern,CN1C=NC(=C1SC2=NC=NC3=C2NC=N3)[N+](=O)[O-],1,Immune + Metabolic,Azathioprine,L04AX01,L04A,Amidophosphoribosyltransferase; Ras-related C3 botulinum toxin substrate 1,Hypoxanthine-guanine phosphoribosyltransferase; Nucleotide triphosphate diphosphatase NUDT15; Xanthine dehydrogenase/oxidase; Thiopurine S-methyltransferase; Glutathione S-transferase A1; Glutathione S-transferase A2; Glutathione S-transferase Mu 1; Inosine-5'-monophosphate dehydrogenase 1; Inosine-5'-monophosphate dehydrogenase 2; GMP synthase [glutamine-hydrolyzing]; Inosine triphosphate pyrophosphatase; Cytochrome P450 1A2,Equilibrative nucleoside transporter 2; Solute carrier family 28 member 3; ATP-dependent translocase ABCB1; Equilibrative nucleobase transporter 1,Azathioprine is indicated to treat rheumatoid arthritis and prevent renal transplant rejection.[L11214],approved,"Azathioprine's mechanism of action is not entirely understood but it may be related to inhibition of purine synthesis, along with inhibition of B and T cells.[A19872]

6-thioguanine triphosphate, a metabolite of azathioprine, modulates activation of rac1 when costimulated with CD28, inducing T cell apoptosis.[A19872] This may be mediated through rac1's action on mitogen-activated protein kinase, NF-kappaB.[A19872]",https://www.ncbi.nlm.nih.gov/books/NBK548332/,"""Mixed: Acute cholestatic liver injury likely idiosyncratic; chronic injury via vascular endothelial damage (nodular regenerative hyperplasia, sinusoidal obstruction); immunologic component suspected in some cases""³o¨ÇÄÝ©ó ¦åºÞ©Ê¡B¥NÁÂ¬ÛÃöªº¬r©Ê¡]metabolic-endothelial injury¡^¡A¾÷Âà¥¼©ú¡A»P¨xÅ¦¤º¥Ö²Ó­M·l¶Ë¦³Ãö¡CAzathioprine Áöªí²{¬° Áx¥ÄÆ{¿n«¬¨xª¢¡A¦ý¥¦¡G¨S¦³§í¨î BSEP transporter¡]¤£¹³ bosentan¡Btroglitazone¡Bnefazodone¡^"
bendazac,vMost-DILI-Concern,C1=CC=C(C=C1)CN2C3=CC=CC=C3C(=N2)OCC(=O)O,1,Metabolic,Bendazac,M02AA11,M02A,Free radicals; Prostaglandin G/H synthase 1; Prostaglandin G/H synthase 2,,,"Prior to the withdrawal of bendazac from various international regions of use due to concerns for hepatotoxicity [A39891, A39892, A39893, L4778] the chemical had demonstrated potential usefulness predominantly as the prescription medication bendazac lysine for the indication of managing the level of vision in patients with mild to moderate cataracts to facilitate delaying the need for surgical intervention [A39863, A39869, A39890].

Elsewhere bendazac may still be available in a limited capacity as a non-prescription topical cream product for treating conditions like local pain, inflammation, dermatitis, eczema, pruritis, hives, insect bites, burns, erythema, and others [L4780] - although such products may also be facing general discontinuation [L4781].",approved; withdrawn,"Bendazac seems to elicit an anticataract action by inhibiting the denaturation of ocular lens proteins, although the precise mechanisms by which this action occurs has not yet been formally elucidated - despite there being many proposed mechanisms [A39863, A39869]. In particular, the denaturation of lens proteins may in part be prevented by inhibiting the binding of certain chemicals like cyanates or sugars and 5-hydroxybendazac - the major metabolite of bendazac - has been shown to be capable of inhibiting the glycosylation of lens proteins by sugars like galactose or glucose-6-phosphate in a dose-dependent manner [A39869]. Moreover, the apparent ability for administered bendazac to elicit free radical scavenger activities due to interactions with protein molecules suggests that the medication may also be able to prevent the oxidation of lens proteins by free radicals in the development of cataracts [A39863, A39869]. Furthermore, bendazac may also be capable of reducing the sulfhydryl group oxidation of lens proteins by the saliva, serum, or urine from patients with cataracts following single dose administration and reduce biological liquid oxidant activity (BLOA) in doing so [A39869].

Otherwise, it is believed that bendazac also possesses non-steroidal anti-inflammatory actions, as well as analgesic, antipyretic, and platelet-inhibitory effects [L4782, T332] These effects may be accounted for in part by the substance's capability to inhibit prostaglandin synthesis by inhibiting cyclooxygenase activity in converting arachidonic acid to cyclic endoperoxides - the precursors of prostaglandins [L4782, T332].",,Reversible ALT/AST elevation; case reports of hepatotoxicity; no strong immune or cholestatic features ¥i¯à¦s¦b§K¬Ì»²§U¦]¯À
benoxaprofen,vMost-DILI-Concern,CC(C1=CC2=C(C=C1)OC(=N2)C3=CC=C(C=C3)Cl)C(=O)O,1,Metabolic,Benoxaprofen,M01AE06,M01A,"Acetyl-CoA acetyltransferase, mitochondrial",,,,approved; withdrawn,,withdrawn,Reactive metabolite formation; severe DILI led to market withdrawal
benzarone,vMost-DILI-Concern,CCC1=C(C2=CC=CC=C2O1)C(=O)C3=CC=C(C=C3)O,1,Metabolic,,,,,,,,,,withdrawn,Reactive metabolite formation; possible mitochondrial dysfunction; drug withdrawn
benzbromarone,vMost-DILI-Concern,CCC1=C(C2=CC=CC=C2O1)C(=O)C3=CC(=C(C(=C3)Br)O)Br,1,Metabolic,Benzbromarone,M04AB03,M04A,Anoctamin-1; Solute carrier family 22 member 12; Multidrug resistance-associated protein 1; Cytochrome P450 2C9; Cytochrome P450 2C19,Cytochrome P450 2C19,Solute carrier organic anion transporter family member 1B1; Solute carrier organic anion transporter family member 2B1; Bile salt export pump,,investigational; withdrawn,,https://www.ncbi.nlm.nih.gov/books/NBK548732/,"Metabolized via CYP2C9; toxic parent drug or metabolites impair mitochondrial function. Shares benzofuran structure with amiodarone, benzarone."
benziodarone,vMost-DILI-Concern,CCC1=C(C2=CC=CC=C2O1)C(=O)C3=CC(=C(C(=C3)I)O)I,1,Metabolic,Benziodarone,C01DX54,C01D,,,,,approved; withdrawn,,withdrawn,Reactive metabolite formation; possible mitochondrial dysfunction; usage limited or withdrawn
bexarotene,vMost-DILI-Concern,CC1=CC2=C(C=C1C(=C)C3=CC=C(C=C3)C(=O)O)C(CCC2(C)C)(C)C,1,Metabolic/Immune,Bexarotene,L01XF03,L01X,Retinoic acid receptor RXR-alpha; Retinoic acid receptor RXR-beta; Retinoic acid receptor RXR-gamma,Cytochrome P450 2C8; Cytochrome P450 3A4,,Used orally for the treatment of skin manifestations of cutaneous T-cell lymphoma (CTCL) in patients who are refractory to at least one prior systemic therapy. Also used topically for the treatment of skin lesions in early (stage IA and IB) CTCL in patients who experience refractory or persistent disease with the use of other therapies or are intolerant of other therapies.,approved; investigational,"Bexarotene selectively binds with and activates retinoid X receptor subtypes. There are three subtypes in total: RXR<sub>Î±</sub>, RXR<sub>Î²</sub>, RXR<sub>Î³</sub>. The exact mechanism of action of bexarotene in the treatment of CTCL is unknown but the drug has activity in all clinical stages of CTCL.",https://www.ncbi.nlm.nih.gov/books/NBK548336/,¥D­n¸g CYP3A4 ¥NÁÂ¡A»PÃÄª«¥æ¤¬§@¥Î·|´£°ª¦å¤¤¿@«×¡A³y¦¨¬r©Ê¡FÃhºÃ¾÷Âà»P»¤¾É ²Ó­M­ä¤`¡]apoptosis¡^¦³Ãö¡A¥B¦b¬Y¨Ç±¡§Î¤U¥i¯à¦³¹L±Ó¤ÏÀ³ªí²{¡C
bicalutamide,vMost-DILI-Concern,C[C@](CS(=O)(=O)C1=CC=C(C=C1)F)(C(=O)NC2=CC(=C(C=C2)C#N)C(F)(F)F)O,1,Metabolic,Bicalutamide,L02BB03,L02B,Androgen receptor,Cytochrome P450 2C19; Cytochrome P450 2C9; Cytochrome P450 2D6; Cytochrome P450 3A4,ATP-dependent translocase ABCB1,Bicalutamide is indicated in combination with a luteinizing hormone-releasing hormone (LHRH) agonist for the treatment of Stage D2 metastatic carcinoma of the prostate.[L40478],approved,"Bicalutamide competes with androgen for the binding of androgen receptors, consequently blocking the action of androgens of adrenal and testicular origin which stimulate the growth of normal and malignant prostatic tissue.",https://www.ncbi.nlm.nih.gov/books/NBK547970/,"""Hepatocellular injury likely due to toxic metabolites via CYP3A4-mediated biotransformation; lacks hypersensitivity features""¥D­n¸g¥Ñ CYP3A4 ¥NÁÂ¡A¨Ã¦³¼ç¦b³y¦¨ toxic intermediates ªº­·ÀI"
bortezomib,vMost-DILI-Concern,B([C@@H](CC(C)C)NC(=O)[C@@H](CC1=CC=CC=C1)NC(=O)C2=NC=CN=C2)(O)O,1,Metabolic,Bortezomib,L01XG01,L01X,Proteasome subunit beta type-5; Serine protease 1; Proteasome subunit beta type-1,Cytochrome P450 3A4; Cytochrome P450 2C19; Cytochrome P450 2D6; Cytochrome P450 1A2; Cytochrome P450 2C9,ATP-dependent translocase ABCB1; Solute carrier organic anion transporter family member 1B3,Bortezomib is indicated for the treatment of adults with multiple myeloma or mantle cell lymphoma.[L44341],approved; investigational,"The ubiquitin-proteasome pathway is a homeostatic proteolytic pathway for intracellular protein degradation: proteins marked with a poly-ubiquitin chain are degraded to small peptides and free ubiquitin by the proteasome, which is a large multimeric protease.[A18508] Aberrant proteasome-dependent proteolysis, as seen in some malignancies, can lead to uncontrolled cell division, leading to tumorigenesis, cancer growth, and spread.[A18508, A204083] 

Bortezomib is a reversible inhibitor of the 26S proteasome, which is made up of a 20S core complexed with a 19S regulatory complex. Individual Î²-subunits allow specific catalytic action of the 20S core.[A18509, A204083] In mammalian cells, bortezomib is a potent inhibitor of the proteasome?™s chymotryptic-like activity, which is attributed to the Î²5-subunit of the 20S core particle.[A18509] Bortezomib binds to the active site of the threonine hydroxyl group in the Î²5-subunit.[A204083] A probing study showed bortezomib also binding to and inhibiting the Î²1-subunit, which mediates the caspase-like activity of the proteasome, and Î²1i-subunit, which is an altered subunit that is expressed to form immunoproteasomes in response to cell stress or inflammation.[A18509] By inhibiting the proteasome-mediated degradation of key proteins that promote cell apoptosis,[A18508] bortezomib induces a cell cycle arrest during the G2-M phase.[L14180] It is believed that multiple mechanisms, other than proteasome inhibition, may be involved in the anticancer activity of bortezomib.[A204083] The anticancer activity of bortezomib was largely associated with suppression of the NF-ÎºB signalling pathway, resulting in the downregulation of anti-apoptotic target genes and expression of anti-apoptic proteins. This may be explained by bortezomib preventing uncontrolled degradation of IÎºB, which is an inhibitory protein of NF-ÎºB. NOXA, which is a pro-apoptotic factor, induced by bortezomib selectively in cancer cells; thus, it is suggested to be another key mechanism of bortezomib.[A204083]",https://www.ncbi.nlm.nih.gov/books/NBK548027/,"""Likely metabolic injury via CYP3A4-mediated biotransformation; idiosyncratic acute hepatocellular or cholestatic injury, possibly from toxic intermediates""¥D­n¥Ñ CYP3A4 ¥NÁÂ¡A±À´ú¥i¯à²£¥Í¬r©Ê¤¤¶¡Åé¾É­P¨x·l¦]¦¹ÂkÃþ¬°¥NÁÂ©Ê¨x¬r©Ê¡]Metabolic DILI¡^¡A¥BÄÝ©ó idiosyncratic Ãþ«¬¡C"
bosentan,vMost-DILI-Concern,CC(C)(C)C1=CC=C(C=C1)S(=O)(=O)NC2=C(C(=NC(=N2)C3=NC=CC=N3)OCCO)OC4=CC=CC=C4OC,1,Metabolic,Bosentan,G01AE10,G01A,Endothelin receptor type B; Endothelin-1 receptor,Cytochrome P450 3A4; Cytochrome P450 2C9,Bile salt export pump,"Used in the treatment of pulmonary arterial hypertension (PAH), to improve exercise ability and to decrease the rate of clinical worsening (in patients with WHO Class III or IV symptoms).",approved; investigational,"Endothelin-1 (ET-1) is a neurohormone, the effects of which are mediated by binding to ET<sub>A</sub> and ET<sub>B</sub> receptors in the endothelium and vascular smooth muscle. It displays a slightly higher affinity towards ET<sub>A</sub> receptors than ET<sub>B</sub> receptors. ET-1 concentrations are elevated in plasma and lung tissue of patients with pulmonary arterial hypertension, suggesting a pathogenic role for ET-1 in this disease. Bosentan is a specific and competitive antagonist at endothelin receptor types ET<sub>A</sub> and ET<sub>B</sub>.",https://www.ncbi.nlm.nih.gov/books/NBK547999/,Bosentan?(boe sen' tan) is an inhibitor of both the type A and B (ETA and ETB) endothelin receptors. Inhibition of the ET receptors disrupts the intracellular pathways that lead to vasoconstriction thereby causing vasodilation.CYP2C9/3A4 metabolism; hepatocellular or mixed injury; no immune features
bromfenac,vMost-DILI-Concern,C1=CC(=C(C(=C1)CC(=O)O)N)C(=O)C2=CC=C(C=C2)Br,1,Metabolic,Bromfenac,S01BC11,S01B,Prostaglandin G/H synthase 2; Prostaglandin G/H synthase 1,Prostaglandin G/H synthase 2,,For the treatment of postoperative inflammation in patients who have undergone cataract extraction.,approved; withdrawn,"The mechanism of its action is thought to be due to its ability to block prostaglandin synthesis by inhibiting cyclooxygenase 1 and 2. Prostaglandins have been shown in many animal models to be mediators of certain kinds of intraocular inflammation. In studies performed in animal eyes, prostaglandins have been shown to produce disruption of the blood-aqueous humor barrier, vasodilation, increased vascular permeability, leukocytosis, and increased intraocular pressure.",,"""Severe idiosyncratic hepatocellular injury; likely metabolic via reactive intermediate accumulation from NSAID metabolism""ÄÝ©ó idiosyncratic metabolic DILI¡A¥i¯à·½©ó ¬¡©Ê¥NÁÂ²£ª«¤ÏÀ³¡]reactive metabolite¡^ ¹ï¨x²Ó­M³y¦¨·l¶Ë»P flurbiprofen µ²ºc¬Ûªñ¡]arylpropionic acid Ãþ NSAID¡^¡A¦¹Ãþ±`¸g CYP »Ã¯À¥NÁÂ¨Ã²£¥Í reactive quinone-imine ¥NÁÂª«¡A¨ã¨x¬r©Ê¼ç¤O"
busulfan,vMost-DILI-Concern,CS(=O)(=O)OCCCCOS(=O)(=O)C,1,Metabolic+ Vascular(Sinusoidal Injury),Busulfan,L01AB01,L01A,DNA,Glutathione S-transferase Mu 1; Glutathione S-transferase P; Microsomal glutathione S-transferase 2; Cytochrome P450 3A4; Glutathione S-transferase A2; Glutathione S-transferase A1,,"For use in combination with cyclophosphamide as a conditioning regimen prior to allogeneic hematopoietic progenitor cell transplantation for chronic myelogenous  (myeloid, myelocytic, granulocytic) leukemia (FDA has designated busulfan as an orphan drug for this use). It is also used as a component of pretransplant conditioning regimens in patients undergoing bone marrow transplantation for acute myeloid leukemia and nonmalignant diseases.",approved; investigational,"Busulfan is an alkylating agent that contains 2 labile methanesulfonate groups attached to opposite ends of a 4-carbon alkyl chain. Once busulfan is hydrolyzed, the methanesulfonate groups are released and carbonium ions are produced. These carbonium ions alkylate DNA, which results in the interference of DNA replication and RNA transcription, ultimately leading to the disruption of nucleic acid function. Specifically, its mechanism of action through alkylation produces guanine-adenine intrastrand crosslinks. These crosslinks occur through a SN2 reaction guanine N7 nucleophilically attacks the carbon adjacent to the mesylate leaving group. This kind of damage cannot be repaired by cellular machinery and thus the cell undergoes apoptosis.",https://www.ncbi.nlm.nih.gov/books/NBK548886/,"³z¹L ¨xÅ¦¥NÁÂ¡A³¡¤À­Ó®×¬° idiosyncratic liver injury
- ªø´Á¨Ï¥Î¥i¾É­P ¤p¦åºÞ·l¶Ë»Pµ²¸`©Ê¦A¥Í©Ê¼W¥Í¡]NRH¡^
- °ª¾¯¶qÀR¯ßª`®g¦X¨Ö²¾´Ó«e³B²z®É¡A±`¨£ Sinusoidal Obstruction Syndrome¡]SOS¡^¡A°_¦]©ó¹ï¨xÄuª¬¤º¥Ö²Ó­Mªºª½±µ¬r©Ê³y¦¨ªºªý¶ë¡BÆ{¦å»PÃa¦º"
carbamazepine,vMost-DILI-Concern,C1=CC=C2C(=C1)C=CC3=CC=CC=C3N2C(=O)N,1,Immune + Metabolic,Carbamazepine,N03AF01,N03A,Voltage-gated sodium channel alpha subunit; Neuronal acetylcholine receptor subunit alpha-4; Nuclear receptor subfamily 1 group I member 2,Cytochrome P450 3A4; Cytochrome P450 2C8; Cytochrome P450 1A2; Cytochrome P450 2C9; Cytochrome P450 2C19; Cytochrome P450 2B6; Cytochrome P450 3A5; UDP-glucuronosyltransferase 2B7; UDP-glucuronosyltransferase 1A1; UDP-glucuronosyltransferase 1-6; UDP-glucuronosyltransferase 1A7,ATP-dependent translocase ABCB1; RalA-binding protein 1; ATP-binding cassette sub-family C member 2,"Carbamazepine is indicated for the treatment of epilepsy and pain associated with true trigeminal neuralgia.[L1335] In particular, carbamazepine has shown efficacy in treating mixed seizures, partial seizures with complex symptoms, and generalized tonic-clonic seizures.[A180301,L1335] Carbamazepine is also indicated for the treatment of manic episodes and mixed manic-depressive episodes caused by bipolar I disorder.[L1335] Some off-label, unapproved uses of carbamazepine include the treatment of alcohol withdrawal syndrome and restless leg syndrome.[A180415,A180421]",approved; investigational,"Carbamazepine's mechanism of action is not fully elucidated and is widely debated.[A180310,L9713] One major hypothesis is that carbamazepine inhibits sodium channel firing, treating seizure activity. Animal research studies have demonstrated that carbamazepine exerts its effects by lowering polysynaptic nerve response and inhibiting post-tetanic potentiation. In both cats and rats, carbamazepine was shown to decrease pain caused by infraorbital nerve stimulation. A decrease in the action potential in the nucleus ventralis of the thalamus in the brain and inhibition of the lingual mandibular reflex were observed in other studies after carbamazepine use. Carbamazepine causes the above effects by binding to voltage-dependent sodium channels and preventing action potentials, which normally lead to stimulatory effects on nerves.[A180403,T634] In bipolar disorder, carbamazepine is thought to increase dopamine turnover and increase GABA transmission, treating manic and depressive symptoms.[L7216]

A common issue that has arisen is resistance to this drug in up to 30% of epileptic patients, which may occur to altered metabolism in patients with variant genotypes.[A180436] A potential therapeutic target to combat carbamazepine resistance has recently been identified as the EPHX1 gene promoter, potentially conferring resistance to carbamazepine through methylation.[A180439]",https://www.ncbi.nlm.nih.gov/books/NBK548097/,"""Immune-mediated hypersensitivity DILI (DRESS syndrome, eosinophilia, SJS/TEN); possible metabolic contribution via reactive intermediates""Carbamazepine ¾É­Pªº¨x·l³Ì±`¨£©ó DRESS syndrome¦³©ú½Tªº HLA °ò¦]¬ÛÃö©Ê¡]¦p HLA-B1502¡BHLA-A3101¡^¡A¤ä«ù¨ä §K¬Ì¾÷Âà ¬° ªÚ­»Ãþ§ÜÅöíwÃÄª«¡]aromatic anticonvulsants¡^¡A¥NÁÂ¹Lµ{¥i¯à²£¥Í ¬r©Ê¥NÁÂ²£ª«¡A»P¨x²Ó­MÃa¦º¤Î delayed hepatocellular injury ¦³Ãö"
chlormezanone,vMost-DILI-Concern,CN1C(S(=O)(=O)CCC1=O)C2=CC=C(C=C2)Cl,1,Immune,Chlormezanone,M03BB02,M03B,Translocator protein,,,Used in the management of anxiety and in the treatment of muscle spasm.,approved; investigational; withdrawn,"Chlormezanone binds to central benzodiazepine receptors which interact allosterically with GABA receptors. This potentiates the effects of the inhibitory neurotransmitter GABA, increasing the inhibition of the ascending reticular activating system and blocking the cortical and limbic arousal that occurs following stimulation of the reticular pathways.",https://pubmed.ncbi.nlm.nih.gov/1611024/?utm_source=chatgpt.com,"""Idiosyncratic immune-mediated DILI, often presenting with hypersensitivity features; associated with acute liver failure and high mortality""¦³³ø¾É«ü¥X chlormezanone ¨Ï¥Î«á¼Æ¶g¤º¥X²{«æ©Ê fulminant hepatitis¡A¦ñµo¦º¤`¡A±À¦ô»P§K¬Ì¤¶¾É¤§ idiosyncratic ¤ÏÀ³¦³Ãö"
chlorzoxazone,vMost-DILI-Concern,C1=CC2=C(C=C1Cl)NC(=O)O2,1,Immune,Chlorzoxazone,M03BB03,M03B,Calcium-activated potassium channel subunit alpha-1,Cytochrome P450 2E1; Cytochrome P450 1A1; Cytochrome P450 1A2; Cytochrome P450 2A6; Cytochrome P450 3A4; Cytochrome P450 2D6,,For the relief of discomfort associated with acute painful musculoskeletal conditions.,approved,"Chlorzoxazone inhibits degranulation of mast cells, subsequently preventing the release of histamine and slow-reacting substance of anaphylaxis (SRS-A), mediators of type I allergic reactions. Chlorzoxazone also may reduce the release of inflammatory leukotrienes. Chlorzoxazone may act by inhibiting calcium and potassium influx which would lead to neuronal inhibition and muscle relaxation. Data available from animal experiments as well as human study indicate that chlorzoxazone acts primarily at the level of the spinal cord and subcortical areas of the brain where it inhibits multisynaptic reflex arcs involved in producing and maintaining skeletal muscle spasm",https://www.ncbi.nlm.nih.gov/books/NBK548137/,"ÄÝ©ó idiosyncratic hypersensitivity Ãþ«¬¤ÏÀ³¡A°_¦]¤£©ú¡A¦ýºÃ»P§K¬Ì¬ÛÃö
- ¦ñÀH ¥Ö¯l¡Bµo¿N µ¥¹L±Ó¯gª¬
- ­«·s¼ÉÅS¥i¨³³t¤Þµo¨x¬r©Ê¤ÏÀ³¡A¬Æ¦Ü¦ñ¦³µo¿Nµ¥¨t²Î©Êªí²{"
cinchophen,vMost-DILI-Concern,C1=CC=C(C=C1)C2=NC3=CC=CC=C3C(=C2)C(=O)O,1,Metabolic,Cinchophen,M04AC02,M04A,,,,,experimental,,withdrawn,Reactive metabolite formation; severe hepatotoxicity led to withdrawal
ciprofloxacin,vMost-DILI-Concern,C1CC1N2C=C(C(=O)C3=CC(=C(C=C32)N4CCNCC4)F)C(=O)O,1,Immune,Ciprofloxacin,J01RA11,J01R,DNA topoisomerase 4 subunit A; DNA gyrase subunit B; Thymidylate synthase; DNA gyrase subunit A; DNA gyrase subunit A; DNA topoisomerase 2-alpha; Voltage-gated inwardly rectifying potassium channel KCNH2; DNA gyrase subunit A; DNA topoisomerase 4 subunit A; DNA topoisomerase 4 subunit B; DNA gyrase subunit A; Multidrug resistance protein MdtK; Gyrase A,Cytochrome P450 1A2; Cytochrome P450 3A4; Cytochrome P450 3A5; Cytochrome P450 3A7,ATP-dependent translocase ABCB1; Multidrug and toxin extrusion protein 1; Multidrug and toxin extrusion protein 2,"Ciprofloxacin is only indicated in infections caused by susceptible bacteria.[L6469,L6472,L6475,L6478,L6481,L6484,L6487,L6490,L6493]

Ciprofloxacin immediate release tablets, oral suspensions, and intravenous injections are indicated for the treatment of skin and skin structure infections, bone and joint infections, complicated intra-abdominal infections, nosocomial pneumonia, febrile neutropenia, adults who have inhaled anthrax, plague, chronic bacterial prostatitis, lower respiratory tract infections including acute exacerbations of chronic bronchitis, urinary tract infections, complicated urinary tract infections in pediatrics, complicated pyelonephritis in pediatrics, and acute sinusitis.[L6481,L6478]

A ciprofloxacin otic solution and otic suspension with hydrocortisone are indicated for acute otitis externa.[L6469,L6484] Ciprofloxacin suspension with dexamethasone is indicated for acute otitis media in pediatric patients with tympanostomy tubes or acute otitis externa.[L6490] A ciprofloxacin intratympanic injection is indicated for pediatric patients with bilateral otitis media with effusion who are having tympanostomy tubes placed or pediatric patients 6 months or older with acute otitis externa.[L6493]

A ciprofloxacin eye drop is indicated for bacterial corneal ulcers and conjunctivitis.[L6472] A ciprofloxacin eye ointment is indicated for bacterial conjunctivitis.[L6475]

A ciprofloxacin extended release tablet is indicated for uncomplicated urinary tract infections, complicated urinary tract infections, and acute uncomplicated pyelonephritis.[L6487]",approved; investigational,"Ciprofloxacin acts on bacterial topoisomerase II (DNA gyrase) and topoisomerase IV.[A178885] Ciprofloxacin's targeting of the alpha subunits of DNA gyrase prevents it from supercoiling the bacterial DNA which prevents DNA replication.[A178876,A178882]",https://www.ncbi.nlm.nih.gov/books/NBK548066/,"""Idiosyncratic immune-mediated DILI: early hepatocellular or mixed injury, sometimes with rash/eosinophilia; potential progression to vanishing bile duct syndrome""¯S¼x¤@¡G¼ç¥ñ´Áµu¡]2¡V14 ¤Ñ¡^¡A§e²{ hepatocellular ¬°¥Dªº¨xª¢¼Ë«¬ºA¡A¥i¯à§Ö³t¶i®i¦Ü¨x°IºÜ¡C¯S¼x¤G¡G³¡¤À¯f¤H¦ñÀH¹L±Ó¤ÏÀ³¡]µo¿N¡B¥Ö¯l¡B¶Ý»Ä©Ê²y¼W¦h¡^¡C¯S¼x¤T¡G©µ¿ð©Ê°_©l¡]¬Æ¦Ü¦b°±ÃÄ«á¼Æ¤éµo§@¡^¡A²Å¦X¨å«¬ idiosyncratic ¾÷¨î¡C¯S¼x¥|¡G´¿³ø¾ÉºtÅÜ¬°ºC©ÊÁx¥ÄÆ{¿n»P VBDS¡A±À´úÄÝ©ó §K¬Ì¤¶¾É«¬¬r©Ê¤ÏÀ³³y¦¨¤pÁxºÞ¯}Ãa¡C"
clarithromycin,vMost-DILI-Concern,CC[C@@H]1[C@@]([C@@H]([C@H](C(=O)[C@@H](C[C@@]([C@@H]([C@H]([C@@H]([C@H](C(=O)O1)C)O[C@H]2C[C@@]([C@H]([C@@H](O2)C)O)(C)OC)C)O[C@H]3[C@@H]([C@H](C[C@H](O3)C)N(C)C)O)(C)OC)C)C)O)(C)O,1,Immune,Clarithromycin,A02BD12,A02B,50S ribosomal protein L10; Voltage-gated inwardly rectifying potassium channel KCNH2; Solute carrier organic anion transporter family member 1B1; Solute carrier organic anion transporter family member 1B3,Cytochrome P450 3A4; Cytochrome P450 3A5,Solute carrier family 22 member 7; ATP-dependent translocase ABCB1; Bile salt export pump; Solute carrier organic anion transporter family member 1B1; Solute carrier organic anion transporter family member 1B3,"An alternative medication for the treatment of acute otitis media caused by <i>H. influenzae, M. catarrhalis, or S. pneumoniae</i> in patients with a history of type I penicillin hypersensitivity. Also for the treatment of pharyngitis and tonsillitis caused by susceptible <i>Streptococcus pyogenes</i>, as well as respiratory tract infections including acute maxillary sinusitis, acute bacterial exacerbations of chronic bronchitis, mild to moderate community-acquired pneuomia, Legionnaires' disease, and pertussis. Other indications include treatment of uncomplicated skin or skin structure infections, helicobacter pylori infection, duodenal ulcer disease, bartonella infections, early Lyme disease, and encephalitis caused by <i>Toxoplasma gondii</i> (in HIV infected patients in conjunction with pyrimethamine). Clarithromycin may also decrease the incidence of cryptosporidiosis, prevent the occurence of Î±-hemolytic (viridans group) streptococcal endocarditis, as well as serve as a primary prevention for <i>Mycobacterium avium</i> complex (MAC) bacteremia or disseminated infections (in adults, adolescents, and children with advanced HIV infection).

Clarithromycin is indicated in combination with [vonoprazan] and [amoxicillin] as co-packaged triple therapy to treat _Helicobacter pylori_ (_H. pylori_) infection in adults.[L41695]",approved,"Clarithromycin is first metabolized to 14-OH clarithromycin, which is active and works synergistically with its parent compound. Like other macrolides, it then penetrates bacteria cell wall and reversibly binds to domain V of the 23S ribosomal RNA of the 50S subunit of the bacterial ribosome, blocking translocation of aminoacyl transfer-RNA and polypeptide synthesis. Clarithromycin also inhibits the hepatic microsomal CYP3A4 isoenzyme and P-glycoprotein, an energy-dependent drug efflux pump.",https://www.ncbi.nlm.nih.gov/books/NBK547886/,"""Idiosyncratic immune-mediated DILI: typically cholestatic, sometimes hepatocellular; latency 1¡V3 weeks; possible progression to vanishing bile duct syndrome; CYP3A4 interactions may exacerbate""¼ç¥ñ´Áµu¡]1¡V3 ¶g¡^¡A¬°¨å«¬ªº §K¬Ì¬ÛÃö¬r©Ê°_©l¯S¼x¡CÁ{§Éªí²{¦h¬° cholestatic ©Î mixed injury¡A¦ý¤]¥i¨£ hepatocellular injury¡A¥B¨x°IºÜ­·ÀI¸û°ª¡C³¡¤À®×¨Ò¦b°±ÃÄ«á¤~¥X²{¯gª¬¡A»P§K¬Ì¤ÏÀ³©µ¿ðµo§@¬Û²Å¡C»P CYP3A4 ¬ÛÃöÃÄª«¥æ¤¬§@¥Î¥i¯à´c¤Æ¨x¬r©Ê¡A¦ý¥»¨­¨x·l¤´¥H idiosyncratic ¬°¥D¡C"
clomacran,vMost-DILI-Concern,CN(C)CCCC1C2=CC=CC=C2NC3=C1C=C(C=C3)Cl,1,Metabolic,,,,,,,,,,withdrawn,Withdrawn due to liver toxicity; structural alert predicted by QSAR; no clear immune features
clometacin,vMost-DILI-Concern,CC1=C(C2=C(N1CC(=O)O)C=C(C=C2)OC)C(=O)C3=CC=C(C=C3)Cl,1,Metabolic,,,,,,,,,,,Limited reports of mild liver enzyme elevation; no severe DILI evidence
clomipramine,vMost-DILI-Concern,CN(C)CCCN1C2=CC=CC=C2CCC3=C1C=C(C=C3)Cl,1,Metabolic,Clomipramine,N06AA04,N06A,Sodium-dependent serotonin transporter; 5-hydroxytryptamine receptor 2A; 5-hydroxytryptamine receptor 2B; 5-hydroxytryptamine receptor 2C; Sodium-dependent noradrenaline transporter; Glutathione S-transferase P,Cytochrome P450 2D6; Cytochrome P450 2C19; Cytochrome P450 1A2; Cytochrome P450 3A4,ATP-dependent translocase ABCB1,"May be used to treat obsessive-compulsive disorder and disorders with an obsessive-compulsive component (e.g. depression, schizophrenia, Tourette?™s disorder).
Unlabeled indications include: depression, panic disorder, chronic pain (e.g. central pain, idiopathic pain disorder, tension headache, diabetic peripheral neuropathy, neuropathic pain), cataplexy and associated narcolepsy (limited evidence), autistic disorder (limited evidence), trichotillomania (limited evidence), onchophagia (limited evidence), stuttering (limited evidence), premature ejaculation, and premenstrual syndrome.",approved; investigational; vet_approved,"Clomipramine is a strong, but not completely selective serotonin reuptake inhibitor (SRI), as the active main metabolite desmethyclomipramine acts preferably as an inhibitor of noradrenaline reuptake. &alpha;<sub>1</sub>-receptor blockage and &beta;-down-regulation have been noted and most likely play a role in the short term effects of clomipramine. A blockade of sodium-channels and NDMA-receptors might, as with other tricyclics, account for its effect in chronic pain, in particular the neuropathic type.",https://www.ncbi.nlm.nih.gov/books/NBK548878/,"ÃhºÃ»P¨ä ¨xÅ¦¥NÁÂ²£¥Íªº¦³¬r¤¤¶¡¥NÁÂª« ¦³Ãö¡A¥i¯à¬°ª½±µ¬r©Ê©Î»¤µo§K¬Ì¤ÏÀ³
- Áö¦³§K¬Ì«¬¤ÏÀ³¥i¯à©Ê¡A¦ý¦h¼Æ¯f¨ÒµL¹L±Óªí²{¡A¦]¦¹ÂkÃþ¬°¥NÁÂ«¬"
clozapine,vMost-DILI-Concern,CN1CCN(CC1)C2=C3C=CC=CC3=NC4=C(N2)C=C(C=C4)Cl,1,Immune,Clozapine,N05AH02,N05A,D(2) dopamine receptor; 5-hydroxytryptamine receptor 2A; D(1A) dopamine receptor; D(3) dopamine receptor; D(4) dopamine receptor; D(1B) dopamine receptor; 5-hydroxytryptamine receptor 1A; 5-hydroxytryptamine receptor 1B; 5-hydroxytryptamine receptor 1D; 5-hydroxytryptamine receptor 1E; 5-hydroxytryptamine receptor 3A; 5-hydroxytryptamine receptor 2C; 5-hydroxytryptamine receptor 6; 5-hydroxytryptamine receptor 7; Alpha-2C adrenergic receptor; Histamine H1 receptor; Histamine H4 receptor; Alpha-1A adrenergic receptor; Alpha-1B adrenergic receptor; Alpha-2A adrenergic receptor; Alpha-2B adrenergic receptor; Muscarinic acetylcholine receptor M1; Muscarinic acetylcholine receptor M2; Muscarinic acetylcholine receptor M3; Muscarinic acetylcholine receptor M4; Muscarinic acetylcholine receptor M5; Neuron-specific vesicular protein calcyon; Glutathione S-transferase P; Gamma-aminobutyric acid type B receptor subunit 1; Gamma-aminobutyric acid type B receptor subunit 2; Gamma-aminobutyric acid receptor subunit alpha-1; Gamma-aminobutyric acid receptor subunit beta-1; Gamma-aminobutyric acid receptor subunit gamma-1,Cytochrome P450 1A2; Cytochrome P450 2D6; Cytochrome P450 2C9; Cytochrome P450 3A4; Cytochrome P450 2C19; Cytochrome P450 2A6; Cytochrome P450 2C8; Flavin-containing monooxygenase 3; UDP-glucuronosyltransferase 1A4; Cytochrome P450 1A1,ATP-dependent translocase ABCB1; Solute carrier family 22 member 1; Solute carrier family 22 member 2; Solute carrier family 22 member 3,"Clozapine is indicated for the treatment of severely ill patients with schizophrenia who fail to respond adequately to standard antipsychotic treatment. Because of the risks of severe neutropenia and of seizure associated with its use, Clozapine should be used only in patients who have failed to respond adequately to standard antipsychotic treatment.[L905]

Clozapine is also indicated for reducing the risk of recurrent suicidal behavior in patients with schizophrenia or schizoaffective disorder who are judged to be at chronic risk for re-experiencing suicidal behavior, based on history and recent clinical state. Suicidal behavior refers to actions by a patient that put him/herself at risk for death.[L905]",approved,"The mechanism of action of clozapine is unknown. However, it has been proposed that the therapeutic efficacy of clozapine in schizophrenia is mediated through antagonism of the dopamine type 2 (D<sub>2</sub>) and the serotonin type 2A (5-HT<sub>2A</sub>) receptors. Clozapine also acts as an antagonist at adrenergic, cholinergic, histaminergic, and other dopaminergic and serotonergic receptors.[L905] 

Clozapine demonstrated binding affinity to the following receptors: histamine H1 (Ki 1.1 nM), adrenergic Î±1A (Ki 1.6 nM), serotonin 5-HT6 (Ki 4 nM), serotonin 5-HT2A (Ki 5.4 nM), muscarinic M1 (Ki 6.2 nM), serotonin 5-HT7 (Ki 6.3 nM), serotonin 5-HT2C (Ki 9.4 nM), dopamine D4 (Ki 24 nM), adrenergic Î±2A (Ki 90 nM), serotonin 5-HT3 (Ki 95 nM), serotonin 5-HT1A (Ki 120 nM), dopamine D2 (Ki 160 nM), dopamine D1 (Ki 270 nM), dopamine D5 (Ki 454 nM), and dopamine D3 (Ki 555 nM).[L905] 

Clozapine acts as an antagonist at other receptors, but with lower potency. Antagonism at receptors other than dopamine and 5HT<sub>2</sub> with similar receptor affinities may explain some of the other therapeutic and side effects of clozapine. Clozapine's antagonism of muscarinic M1-5 receptors may explain its anticholinergic effects.[A256553] Clozapine's antagonism of histamine H1 receptors may explain the somnolence observed with this drug.[A256558] Clozapine's antagonism of adrenergic Î±1 receptors may explain the orthostatic hypotension observed with this drug.[A256563]",https://www.ncbi.nlm.nih.gov/books/NBK548412/,"""Idiosyncratic immune-mediated DILI; mixed hepatocellular-cholestatic injury with DRESS-like symptoms; CYP1A2 metabolism may produce toxic intermediates; eosinophilia and leukocytosis sometimes present""¼ç¥ñ´Á¬°¼Æ¤é¦Ü¼Æ¶g¡A»P §K¬Ì«¬ idiosyncratic DILI ®É¶¡µ¡¤@­P¡C¦h¬° mixed ©Î cholestatic «¬¨x·l¡A¤]¦³ hepatocellular injury¡C³¡¤À±wªÌ¥X²{ µo¿N¡B¥Ö¯l¡B¶Ý»Ä©Ê²y¼W¥[¡B¥Õ¦å²y¤W¤É¡AºÃ¦üÄÝ©ó DRESS spectrum¡CÃÄª«¸g¥Ñ CYP1A2 ¥NÁÂ²£¥Í¥i¯àªº¬r©Ê¤¤¶¡Åé¡A¥i¯àÄ²µo§K¬Ì¬ÛÃö¨x¬r©Ê¡Cµ´¤j¦h¼Æ±wªÌ©ó°±ÃÄ«á«ì´_¡A·¥¤ÖÂà¬°ºC©Ê¨x¯f¡C"
cyclofenil,vMost-DILI-Concern,CC(=O)OC1=CC=C(C=C1)C(=C2CCCCC2)C3=CC=C(C=C3)OC(=O)C,1,Metabolic,Cyclofenil,G03GB01,G03G,Estrogen receptor,,,,experimental,,https://pmc.ncbi.nlm.nih.gov/articles/PMC1419948/?utm_source=chatgpt.com,"""Idiosyncratic metabolic liver injury; reversible in all reported cases; possible mild cholestatic pattern in some; no immune or hypersensitivity features."" ¦­´Á¥X??®ò?¤É°ª¡AÉO?Ê^¥N?®tÉÝ¬Û?¡F¥i°f¡A°±?¦Z«ìÎ`¡A?¦³?¯d¨x?¡F"
cyclosporine,vMost-DILI-Concern,CCC1C(=O)N(CC(=O)N(C(C(=O)NC(C(=O)N(C(C(=O)NC(C(=O)NC(C(=O)N(C(C(=O)N(C(C(=O)N(C(C(=O)N(C(C(=O)N1)[C@@H]([C@H](C)C/C=C/C)O)C)C(C)C)C)CC(C)C)C)CC(C)C)C)C)C)CC(C)C)C)C(C)C)CC(C)C)C)C,1,Cholestatic,Cyclosporine,L04AD01,L04A,"Guided entry of tail-anchored proteins factor CAMLG; Protein phosphatase 3 catalytic subunit alpha; Calcineurin subunit B type 2; Peptidyl-prolyl cis-trans isomerase A; Peptidyl-prolyl cis-trans isomerase F, mitochondrial",Cytochrome P450 2C19; Cytochrome P450 2D6; Cytochrome P450 3A5; Cytochrome P450 3A4,ATP-dependent translocase ABCB1; Bile salt export pump; Ileal sodium/bile acid cotransporter; Hepatic sodium/bile acid cotransporter; Solute carrier family 22 member 6; ATP-binding cassette sub-family C member 10; ATP-binding cassette sub-family C member 2; Broad substrate specificity ATP-binding cassette transporter ABCG2; Solute carrier organic anion transporter family member 1B1; Solute carrier organic anion transporter family member 1B3,"Cyclosporine is approved for a variety of conditions. Firstly, it is approved for the prophylaxis of organ rejection in allogeneic kidney, liver, and heart transplants. It is also used to prevent bone marrow transplant rejection. For the above indications, cyclosporine can be used in conjunction with azathioprine and corticosteroids. Finally, cyclosporine can be used in patients who have chronic transplant rejection and have received previous immunosuppressive therapy[L3002] and to prevent or treat graft-versus-host disease (GVHD).[L11097]

Secondly, cyclosporine is used for the treatment of patients with severe active rheumatoid arthritis (RA) when they no longer respond to methotrexate alone.[L3734] It can be used for the treatment of adult non-immunocompromised patients with severe, recalcitrant, plaque psoriasis that have failed to respond to at least one systemic therapy or when systemic therapies are not tolerated or contraindicated.[L3734] The ophthalmic solution of cyclosporine is indicated to increase tear production in patients suffering from keratoconjunctivitis sicca.[L11097] In addition, cyclosporine is approved for the treatment of steroid dependent and steroid-resistant nephrotic syndrome due to glomerular diseases which may include minimal change nephropathy, focal and segmental glomerulosclerosis or membranous glomerulonephritis.[L11097]

A cyclosporine ophthalmic emulsion is indicated in the treatment of vernal keratoconjunctivitis in adults and children.[L34694]

Off-label, cyclosporine is commonly used for the treatment of various autoimmune and inflammatory conditions such as atopic dermatitis, blistering disorders, ulcerative colitis, juvenile rheumatoid arthritis, uveitis, connective tissue diseases, as well as idiopathic thrombocytopenic purpura.[A139,A174085,A189393,A189396,A189399]",approved; investigational; vet_approved,"Cyclosporine is a calcineurin inhibitor that inhibits T cell activation.[A174049,A174088,A189411] Its binding to the receptor cyclophilin-1 inside cells produces a complex known as cyclosporine-cyclophilin. This complex subsequently inhibits calcineurin, which in turn stops the dephosphorylation as well as the activation of the nuclear factor of activated T cells (NF-AT) that normally cause inflammatory reactions.  NF-AT is a transcription factor that promotes the production of cytokines such as IL-2, IL-4, interferon-gamma and TNF-alpha, all of which are involved in the inflammatory process. Specifically, the inhibition of IL-2, which is necessary for T cell activation or proliferation, is believed to be responsible for cyclosporine's  immunosuppressive actions.[A174049,A189408] In addition to the above, the inhibition of NF-AT leads to lower levels of other factors associated with T helper cell function and thymocyte development.[A174049]",https://www.ncbi.nlm.nih.gov/books/NBK548753/,"""Cholestatic enzyme pattern; decreased bile flow; mild hyperbilirubinemia; rare clinical injury"" ¸g CYP3A4 ¼sªx¥NÁÂ¡G¦³¥NÁÂ¦¨¤À¡A¦ýµLALT¡ô ¯S¼x¡A¤£ÄÝ©ó metabolic DILI/¥i¾É­P bile flow ´î¤Ö¡]¤w©ó°Êª«¹êÅç¤¤ÃÒ¹ê¡^¡G®Ö¤ßÁx¥ÄÆ{¿n¾÷Âà/Hyperbilirubinemia ·½¦ÛÁx¥Äº¢¯d¡G«Dª½±µ¨x²Ó­M·l¶Ë"
cytarabine,vMost-DILI-Concern,C1=CN(C(=O)N=C1N)[C@H]2[C@H]([C@@H]([C@H](O2)CO)O)O,1,Metabolic,Cytarabine,L01BC01,L01B,DNA polymerase beta; DNA polymerase catalytic subunit; DNA,Cytochrome P450 3A4; Deoxycytidine kinase; 5'-nucleotidase; Deoxycytidylate deaminase; Cytidine deaminase,Solute carrier family 22 member 4; ATP-binding cassette sub-family C member 10; Equilibrative nucleoside transporter 1,"For the treatment of acute non-lymphocytic leukemia, acute lymphocytic leukemia and blast phase of chronic myelocytic leukemia.

Cytarabine is indicated in combination with [daunorubicin] for the treatment of newly-diagnosed therapy-related acute myeloid leukemia (t-AML) or AML with myelodysplasia-related changes (AML-MRC) in adults and pediatric patients 1 year and older.[L32843]",approved; investigational,"Cytarabine acts through direct DNA damage and incorporation into DNA. Cytarabine is cytotoxic to a wide variety of proliferating mammalian cells in culture. It exhibits cell phase specificity, primarily killing cells undergoing DNA synthesis (S-phase) and under certain conditions blocking the progression of cells from the G1 phase to the S-phase. Although the mechanism of action is not completely understood, it appears that cytarabine acts through the inhibition of DNA polymerase. A limited, but significant, incorporation of cytarabine into both DNA and RNA has also been reported.",https://www.ncbi.nlm.nih.gov/books/NBK548291/,"""Dose-dependent metabolic hepatotoxicity; rare but possible direct hepatocyte injury at high doses; associated with sinusoidal obstruction syndrome (SOS) and peliosis in combination therapies""¾÷ÂàÄÝ©ó¾¯¶q¬ÛÃö¥NÁÂ¬r©Ê¡]dose-dependent direct hepatotoxicity¡^¡G°ª¾¯¶q cytarabine ·|ÅãµÛ´£°ª ALT/AST »P bilirubin¡C¯Ê¥F§K¬Ì¹L±Ó¯S¼x¡]µLµo¿N¡BµL eosinophilia¡BµL autoantibody¡^¡C¥NÁÂ©ó¨xÅ¦¡A¸g CYP ¸ô®|¡A¥i¯à²£¥Í¬r©Ê¤¤¶¡²£ª«¡C»P sinusoidal obstruction syndrome¡]SOS¡^ ¦³ÃöÁp¡A¦ý¤£¤@©w¬O³æ¤@ÃÄª«¤Þ°_¡C"
dacarbazine,vMost-DILI-Concern,CN(C)N/N=C\1/C(=NC=N1)C(=O)N,1,Metabolic,Dacarbazine,L01AX04,L01A,"DNA; DNA polymerase alpha subunit B; 6-phosphogluconate dehydrogenase, decarboxylating",Cytochrome P450 1A1; Cytochrome P450 1A2; Cytochrome P450 2E1,,"For the treatment of metastatic malignant melanoma. In addition, dacarbazine is also indicated for Hodgkin's disease as a secondary-line therapy when used in combination with other antineoplastic agents.",approved; investigational,"The mechanism of action is not known, but appears to exert cytotoxic effects via its action as an alkylating agent. Other theories include DNA synthesis inhibition by its action as a purine analog, and interaction with SH groups. Dacarbazine is not cell cycle-phase specific.",https://www.ncbi.nlm.nih.gov/books/NBK548913/,"ºÃ¦ü¥Ñ ¥NÁÂ²£ª«¹ï¨xÄuª¬²Ó­M¡]sinusoidal endothelial cells¡^ª½±µ¬r±þ
- ªí²{¬° «æ©Ê¨xÄuªý¶ë¯g¡]SOS¡^¡A¾É­P¤¤¤ß¸­Ãa¦º»P¨xÀR¯ßªý¶ë¡C
- ±`¦ñ¦³¶Ý»Ä©Ê²y¼W¦h¡A¥i¯à¦³ ³¡¤À§K¬Ì¦¨¤À¡]¦ý¤£¬°¥D¦]¡^¡C"
dactinomycin,vMost-DILI-Concern,CC1C(C(=O)NC(C(=O)N2CCCC2C(=O)N(CC(=O)N(C(C(=O)O1)C(C)C)C)C)C(C)C)NC(=O)C3=C4C(=C(C=C3)C)OC5=C(C(=O)C(=C(C5=N4)C(=O)NC6C(OC(=O)C(N(C(=O)CN(C(=O)C7CCCN7C(=O)C(NC6=O)C(C)C)C)C)C(C)C)C)N)C,1,Metabolic,Dactinomycin,L01DA01,L01D,DNA; DNA topoisomerase 2; DNA topoisomerase 1,,Organic cation/carnitine transporter 2; ATP-dependent translocase ABCB1; ATP-binding cassette sub-family C member 6; Multidrug resistance-associated protein 1; Broad substrate specificity ATP-binding cassette transporter ABCG2,"For the treatment of Wilms' tumor, childhood rhabdomyosarcoma, Ewing's sarcoma and metastatic, nonseminomatous testicular cancer as part of a combination chemotherapy and/or multi-modality treatment regimen",approved; investigational,"Good evidence exists that this drug bind strongly, but reversibly, to DNA, interfering with synthesis of RNA (prevention of RNA polymerase elongation) and, consequently, with protein synthesis.",https://www.ncbi.nlm.nih.gov/books/NBK548778/,"ª½±µ¬r±þ¨xÅ¦ sinusoidal endothelial cells¡A¾É­P acute sinusoidal obstruction syndrome (SOS) ©Îhepatopathy-thrombocytopenia syndrome (HTS)¡C
- ¥i¦X¨Ö¨x²Ó­MÃa¦º»P¾®¦å»ÙÃª¡C"
danazol,vMost-DILI-Concern,C[C@]12CC[C@H]3[C@H]([C@@H]1CC[C@]2(C#C)O)CCC4=CC5=C(C[C@]34C)C=NO5,1,Metabolic,Danazol,G03XA01,G03X,Estrogen receptor; Androgen receptor; Progesterone receptor; Gonadotropin-releasing hormone receptor; Putative gonadotropin-releasing hormone II receptor; C-C motif chemokine 2,Cytochrome P450 3A4; Aromatase,,For the treatment of endometriosis and fibrocystic breast disease (in patients unresponsive to simple measures). Also used for the prophylactic treatment of all types of hereditary angioedema in males and females.,approved,"As a gonadotropin inhibitor, danazol suppresses the pituitary-ovarian axis possibly by inhibiting the output of pituitary gonadotropins. Danazol also depresses the preovulatory surge in output of follicle-stimulating hormone (FSH) and luteinizing hormone (LH), thereby reducing ovarian estrogen production. Danazol may also directly inhibits ovarian steroidogenesis; bind to androgen, progesterone, and glucocorticoid receptors; bind to sex-hormone-binding globulin and corticosteroid-binding globulin; and increases the metabolic clearance rate of progesterone. Another mechanism of action by which danazol may use to facilitate regression of endometriosis is by decreasing IgG, IgM, and IgA concentrations, as well as phospholipid and IgG isotope autoantibodies. In the treatment of endometriosis, as a consequence of suppression of ovarian function,  danazol causes both normal and ectopic endometrial tissues to become inactive and atrophic. This leads to anovulation and associated amenorrhea. In fibrocystic breast disease, the exact mechanism of action of danazol is unknown, but may be related to suppressed estrogenic stimulation as a result of decreased ovarian production of estrogen. A direct effect on steroid receptor sites in breast tissue is also possible. This leads to a disappearance of nodularity, relief of pain and tenderness, and possibly changes in the menstrual pattern. In terms of hereditary angioedema, danazol corrects the underlying biochemical deficiency by increasing serum concentrations of the deficient C1 esterase inhibitor, resulting in increased serum concentrations of the C4 component of the complement system. (Source: PharmGKB)",,Mild to moderate ALT/AST elevation; rare cholestasis reported
dantrolene,vMost-DILI-Concern,C1C(=O)NC(=O)N1N=CC2=CC=C(O2)C3=CC=C(C=C3)[N+](=O)[O-],1,Metabolic,Dantrolene,M03CA01,M03C,Ryanodine receptor 1,,,"For use, along with appropriate supportive measures, for the management of the fulminant hypermetabolism of skeletal muscle characteristic of malignant hyperthermia crises in patients of all ages. Also used preoperatively, and sometimes postoperatively, to prevent or attenuate the development of clinical and laboratory signs of malignant hyperthermia in individuals judged to be malignant hyperthermia susceptible.",approved; investigational,"Dantrolene depresses excitation-contraction coupling in skeletal muscle by binding to the ryanodine receptor 1, and decreasing intracellular calcium concentration. Ryanodine receptors mediate the release of calcium from the sarcoplasmic reticulum, an essential step in muscle contraction.",https://www.ncbi.nlm.nih.gov/books/NBK548144/,Ãþ¦ü phenytoin ªºµ²ºc»P¥NÁÂ³~®|¡A¥i¯à§Î¦¨ ¨x¬r©Ê¥NÁÂª«¡]toxic intermediate¡^¡A¾É­P idiosyncratic hepatocellular injury¡C
darunavir,vMost-DILI-Concern,CC(C)CN(C[C@H]([C@H](CC1=CC=CC=C1)NC(=O)O[C@H]2CO[C@@H]3[C@H]2CCO3)O)S(=O)(=O)C4=CC=C(C=C4)N,1,Metabolic,Darunavir,J05AR14,J05A,Pol polyprotein; Gag-Pol polyprotein,Cytochrome P450 2D6; Cytochrome P450 3A4,Solute carrier organic anion transporter family member 1B1; ATP-dependent translocase ABCB1,"Darunavir, co-administered with ritonavir, and with other antiretroviral agents, is indicated for the treatment of human immunodeficiency virus (HIV) in children age 3 or above and adults with HIV-1 infection.[L9227]",approved,"The HIV-1 protease enzyme is necessary for viral precursor protein processing and viral maturation in preparation for infection, and is therefore a target for antiretroviral therapy for HIV.  Protease inhibitors are used as a part of highly active antiretroviral therapy (HAART) in patients diagnosed with HIV infection. It has been shown to effectively suppress the virus, leading to significantly decreased morbidity and mortality rates.[A2281]

Darunavir, a HIV protease inhibitor, prevents HIV replication through binding to the enzyme, stopping the dimerization and the catalytic activity of HIV-1 protease. In particular, it inhibits the cleavage of HIV encoded Gag-Pol proteins[A191556] in cells that have been infected with the virus, halting the formation of mature virus particles, which spread the infection. The close contact that darunavir makes with the primary chains of the active site amino acids (Asp-29 and Asp-30) on the protease likely contributes to its potency and efficacy against resistant variants of HIV-1.[A2281] 

Darunavir is known to bind to different sites on the enzyme: the active site cavity and the surface of one of the flexible flaps in the protease dimer. Darunavir can adapt to changes in the shape of a protease enzyme due to its molecular flexibility.[A2281,A191526]",https://www.ncbi.nlm.nih.gov/books/NBK547994/,"""Extensive CYP3A4 metabolism; ALT elevations; rare hepatocellular injury; exacerbation of HBV/HCV in coinfected patients""¸g CYP3A4 ¼sªx¥NÁÂ	¬r©Ê¤¤¶¡²£ª«¡]toxic intermediate¡^¬°¥i¯à­P¬r¦]¤l ©M protease inhibitor µ²ºc¡B¥NÁÂ¯S©Ê±K¤Á¬ÛÃö	"
deferasirox,vMost-DILI-Concern,C1=C/C(=C/2\N/C(=C\3/C=CC=CC3=O)/N(N2)C4=CC=C(C=C4)C(=O)O)/C(=O)C=C1,1,Metabolic,Deferasirox,V03AC03,V03A,Iron,Cytochrome P450 3A4; UDP-glucuronosyltransferase 1A1; UDP-glucuronosyltransferase 1A3; UDP-glucuronosyltransferase 1A9; Cytochrome P450 2C8; Cytochrome P450 1A2,,For the treatment of chronic iron overload due to blood transfusions (transfusional hemosiderosis) in patients 2 years of age and older.,approved; investigational,"Two molecules of deferasirox are capable of binding to 1 atom of iron. Deferasirox works in treating iron toxicity by binding trivalent (ferric) iron (for which it has a strong affinity), forming a stable complex which is eliminated via the kidneys.",https://www.ncbi.nlm.nih.gov/books/NBK548039/,¨xÅ¦¥NÁÂ¥D­n¸g¥Ñ glucuronidation »PÁx¥Ä±Æ°£¡A¤åÄm´£¤Î¦³¯f¨Ò»P ¥NÁÂ»PÂà¹B¬ÛÃö°ò¦]¦h«¬©Ê¡]¦p UGT/ABCC2¡^ ¦³Ãö¡A¥i¯à³y¦¨ direct intrinsic toxicity¡C
dermatan,vMost-DILI-Concern,CC(=O)N[C@@H]1[C@H]([C@H]([C@H](O[C@H]1O)CO)OS(=O)(=O)[O-])O[C@H]2[C@@H]([C@H]([C@@H]([C@@H](O2)C(=O)[O-])O)O)O,1,Immune?,,,,,,,,,,,No evidence of DILI; not a small molecule drug
diclofenac,vMost-DILI-Concern,C1=CC=C(C(=C1)CC(=O)O)NC2=C(C=CC=C2Cl)Cl,1,Immune/Metabolic,Diclofenac,S01CC01,S01C,Prostaglandin G/H synthase 2; Prostaglandin G/H synthase 1,"Cytochrome P450 2C9; Cytochrome P450 2C19; Cytochrome P450 1A2; Cytochrome P450 2C8; UDP-glucuronosyltransferase 2B7; Cytochrome P450 3A4; Cytochrome P450 2B6; Cytochrome P450 2C18; Cytochrome P450 2E1; UDP-glucuronosyltransferase 1A3; UDP-glucuronosyltransferase 1A9; UDP-glucuronosyltransferase 2B4; Polyunsaturated fatty acid 5-lipoxygenase; Phospholipase A2, membrane associated",Solute carrier family 22 member 6; ATP-binding cassette sub-family C member 4; Multidrug resistance-associated protein 1; Organic anion transporter 3; Solute carrier family 22 member 11; Solute carrier organic anion transporter family member 1C1; Solute carrier organic anion transporter family member 1B1; Bile salt export pump; Sodium channel protein type 4 subunit alpha; Acid-sensing ion channel 1; Potassium voltage-gated channel subfamily KQT member 2; Potassium voltage-gated channel subfamily KQT member 3; ATP-dependent translocase ABCB1,"Diclofenac is indicated for use in the treatment of pain and inflammation from varying sources including inflammatory conditions such as osteoarthritis, rheumatoid arthritis, and ankylosing spondylitis, as well as injury-related inflammation due to surgery and physical trauma. It is often used in combination with [misoprostol] as a gastro-protective agent in patients with high risk of developing NSAID-induced ulcers.",approved; vet_approved,"Diclofenac inhibits cyclooxygenase-1 and -2, the enzymes responsible for production of prostaglandin (PG) G<sub>2</sub> which is the precursor to other PGs.[label,T116] These molecules have broad activity in pain and inflammation and the inhibition of their production is the common mechanism linking each effect of diclofenac.

PGE<sub>2</sub> is the primary PG involved in modulation of nociception.[A179023] It mediates peripheral sensitization through a variety of effects.[T116,A179023] PGE<sub>2</sub> activates the G<sub>q</sub>-coupled EP<sub>1</sub> receptor leading to increased activity of the inositol trisphosphate/phospholipase C pathway. Activation of this pathway releases intracellular stores of calcium which directly reduces action potential threshold and activates protein kinase C (PKC) which contributes to several indirect mechanisms. PGE<sub>2</sub> also activates the EP<sub>4</sub> receptor, coupled to G<sub>s</sub>, which activates the adenylyl cyclase/protein kinase A (AC/PKA) signaling pathway. PKA and PKC both contribute to the potentiation of transient receptor potential cation channel subfamily V member 1 (TRPV1) potentiation, which increases sensitivity to heat stimuli. They also activate tetrodotoxin-resistant sodium channels and inhibit inward potassium currents. PKA further contributes to the activation of the P2X3 purine receptor and sensitization of T-type calcium channels. The activation and sensitization of depolarizing ion channels and inhibition of inward potassium currents serve to reduce the intensity of stimulus necessary to generate action potentials in nociceptive sensory afferents. PGE<sub>2</sub> act via EP<sub>3</sub> to increase sensitivity to bradykinin and via EP<sub>2</sub> to further increase heat sensitivity. Central sensitization occurs in the dorsal horn of the spinal cord and is mediated by the EP<sub>2</sub> receptor which couples to G<sub>s</sub>. Pre-synaptically, this receptor increases the release of pro-nociceptive neurotransmitters glutamate, CGRP, and substance P. Post-synaptically it increases the activity of AMPA and NMDA receptors and produces inhibition of inhibitory glycinergic neurons. Together these lead to a reduced threshold of activating, allowing low intensity stimuli to generate pain signals. PGI<sub>2</sub> is known to play a role via its G<sub>s</sub>-coupled IP receptor although the magnitude of its contribution varies. It has been proposed to be of greater importance in painful inflammatory conditions such as arthritis. By limiting sensitization, both peripheral and central, via these pathways NSAIDs can effectively reduce inflammatory pain.

PGI<sub>2</sub> and PGE<sub>2</sub> contribute to acute inflammation via their IP and EP<sub>2</sub> receptors.[T116,A179044] Similarly to Î² adrenergic receptors these are G<sub>s</sub>-coupled and mediate vasodilation through the AC/PKA pathway. PGE<sub>2</sub> also contributes by increasing leukocyte adhesion to the endothelium and attracts the cells to the site of injury.[T116] PGD<sub>2</sub> plays a role in the activation of endothelial cell release of cytokines through its DP<sub>1</sub> receptor.[A179044] PGI<sub>2</sub> and PGE<sub>2</sub> modulate T-helper cell activation and differentiation through IP, EP<sub>2</sub>, and EP<sub>4</sub> receptors which is believed to be an important activity in the pathology of arthritic conditions. By limiting the production of these PGs at the site of injury, NSAIDs can reduce inflammation.

PGE<sub>2</sub> can cross the blood-brain barrier and act on excitatory G<sub>q</sub> EP<sub>3</sub> receptors on thermoregulatory neurons in the hypothalamus.[T116] This activation triggers an increase in heat-generation and a reduction in heat-loss to produce a fever. NSAIDs prevent the generation of PGE<sub>2</sub> thereby reducing the activity of these neurons.",https://www.ncbi.nlm.nih.gov/books/NBK547953/,"""Immune-mediated hepatotoxicity with possible metabolic involvement; hepatocellular injury is predominant, sometimes mixed with autoimmune features and interface hepatitis""¦³¨Ç®×¨Ò¨ã interface hepatitis + portal inflammation + plasma cell infiltration ¡÷ ±µªñ autoimmune hepatitis¡CÃÄª«¸g CYP2C8¡BUGT2B7¡BABCC2 µ¥¥NÁÂ»PÂà¹B¡A»P genetic polymorphism ¬ÛÃö¡C
"
didanosine,vMost-DILI-Concern,C1C[C@@H](O[C@@H]1CO)N2C=NC3=C2NC=NC3=O,1,Metabolic/Immune,Didanosine,J05AF02,J05A,Reverse transcriptase/RNaseH; Gag-Pol polyprotein; Purine nucleoside phosphorylase,,Solute carrier family 22 member 6; Equilibrative nucleoside transporter 1; Equilibrative nucleoside transporter 2,"For use, in combination with other antiretroviral agents, in the treatment of HIV-1 infection in adults.",approved,"Didanosine (ddI) is metabolized intracellularly by a series of cellular enzymes to its active moiety, dideoxyadenosine triphosphate (ddATP), which inhibits the HIV reverse transcriptase enzyme competitively by competing with natural dATP. It also acts as a chain terminator by its incorporation into viral DNA as the lack of a 3'-OH group in the incorporated nucleoside analogue prevents the formation of the 5' to 3' phosphodiester linkage essential for DNA chain elongation, and therefore, the viral DNA growth is terminated.",https://www.ncbi.nlm.nih.gov/books/NBK548326/,Metabolic-related¡G¥D­n¦]¬°§í¨î½u²ÉÅéDNA»E¦X?£^¡A¾É­P¨x²Ó­M½u²ÉÅé¥\¯à³à¥¢¡A¤Þµo¨xÅ¦¨Å»Ä¤¤¬r»P¯×ªÕ¨x¡]LASH¡^¡A¤Î«D¨xµw¤Æªù¯ß°ªÀ£¯g- Immune-related¡G¤Ö¼Æ®×¨Ò§e²{§K¬Ì¹L±Ó¼Ëªí²{¡]¥Ö¯l¡Bµo¿N¡B¶Ý»Ä©Ê²y¡^¡AºÃ¦ü§K¬Ì¤¶¾É«¬¨xª¢- ªø´Á¨Ï¥Î¥i¾É­Pªù¯ß¤p¦åºÞ¯fÅÜ¡A¦p¸`µ²¦A¥Í©Ê¼W¥Í»P¨xªùÀR¯ßµw¤Æ- ¦³¤£¦P¨x¬r«¬ºA¨Ã¦s¡G«æ©Ê¨xª¢«¬¡BLASH «¬¡BºC©Êªù¯ß°ªÀ£«¬
diflunisal,vMost-DILI-Concern,C1=CC(=C(C=C1C2=C(C=C(C=C2)F)F)C(=O)O)O,1,Immune+Cholestatic,Diflunisal,N02BA11,N02B,Prostaglandin G/H synthase 2; Prostaglandin G/H synthase 1,UDP-glucuronosyltransferase 1A8; UDP-glucuronosyltransferase 1A9,Solute carrier family 22 member 6,"For symptomatic treatment of mild to moderate pain accompanied by inflammation (e.g. musculoskeletal trauma, post-dental extraction, post-episiotomy), osteoarthritis, and rheumatoid arthritis.",approved; investigational,"The precise mechanism of the analgesic and anti-inflammatory actions of diflunisal is not known. Diflunisal is a prostaglandin synthetase inhibitor. In animals, prostaglandins sensitize afferent nerves and potentiate the action of bradykinin in inducing pain. Since prostaglandins are known to be among the mediators of pain and inflammation, the mode of action of diflunisal may be due to a decrease of prostaglandins in peripheral tissues.",https://www.ncbi.nlm.nih.gov/books/NBK548132/,ÄÝ©ó idiosyncratic hypersensitivity reaction- ¦³µo¯l¡Bµo¿N¡BÃö¸`µh¡B¶Ý»Ä©Ê²y¡B²§±`²O¤Ú²yµ¥§K¬Ì¹L±Óªí²{- ¨x·l¶ËÃþ«¬¥HÁx¥ÄÆ{¿n«¬©Î²V¦X«¬¬°¥D
diltiazem,vMost-DILI-Concern,CC(=O)O[C@@H]1[C@@H](SC2=CC=CC=C2N(C1=O)CCN(C)C)C3=CC=C(C=C3)OC,1,Immune,Diltiazem,C08DB01,C08D,Voltage-dependent L-type calcium channel subunit alpha-1C; Voltage-dependent calcium channel subunit alpha-2/delta-1; Voltage-dependent calcium channel gamma-1 subunit,Cytochrome P450 3A4; Cytochrome P450 3A5; Cytochrome P450 3A7; Cytochrome P450 2C19; Cytochrome P450 2D6; Cytochrome P450 2C8,ATP-dependent translocase ABCB1,"**Oral**

Indicated for the management of hypertension, to lower blood pressure, alone or in combination with other antihypertensive agents.[L10556]

Indicated for use to improve exercise tolerance in patients with chronic stable angina.[L10556]

Indicated for the management of variant angina (Prinzmetal's angina).[L6298]

**Intravenous**

Indicated for the short-term management of atrial fibrillation or atrial flutter for temporary control of rapid ventricular rate.[L6292]

Indicated for the rapid conversion of paroxysmal supraventricular tachycardias (PSVT) to sinus rhythm. This includes AV nodal reentrant tachycardias and reciprocating tachycardias associated with an extranodal accessory pathway such as the WPW syndrome or short PR syndrome.[L6292]

**Off-label**

Indicated for off-label uses in anal fissures (as topical formulation), migraine prophylaxis, cramps in lower leg related to rest, pulmonary hypertension,[L6289] idiopathic dilated cardiomyopathy, and proteinuria associated with diabetic nephropathy.[L6298]",approved; investigational,"Excitation of cardiac muscle involves the activation of a slow calcium inward current that is induced by L-type slow calcium channels, which are voltage-sensitive, ion-selective channels[A178444] associated with a high activation threshold and slow inactivation profile.[T28] L-type calcium channels are the main current responsible for the late phase of the pacemaker potential.[A178492] Acting as the main Ca2+ source for contraction in smooth and cardiac muscle, activation of L-type calcium channels allows the influx of calcium ions into the muscles upon depolarization and excitation of the channel.[A178444] It is proposed that this cation influx may also trigger the release of additional calcium ions from intracellular storage sites.[A178444] Diltiazem is a slow calcium channel blocker that binds to the extracellular site of the alpha-1C subunit of the channel, which is thought to be the S5-6 linker region of the transmembrane domain IV and/or S6 segment of domain III.[A178492]  Diltiazem can get access to this binding site from either the intracellular or extracellular side, but it requires a voltage-induced conformational changes in the membrane.[A178492] Diltiazem inhibits the influx of extracellular calcium across the myocardial and vascular smooth muscle cell membranes.[L10556] In isolated human atrial and ventricular myocardium, diltiazem suppressed tension over the range of membrane potentials associated with calcium channel activity but had little effect on the tension-voltage relations at more positive potentials.[A178453] This effect is thought to be mediated by the voltage-dependent block of the L-type calcium channels and inhibition of calcium ion release from the ER stores, without altering the sodium-calcium coupled transport or calcium sensitivity of myofilaments.[A178453] Through inhibition of inward calcium current, diltiazem exerts a direct ionotropic and energy sparing effect on the myocardium.[A178444] Diltiazem fslows atrioventricular nodal conduction, which is due to its ability to impede slow channel function.[A178444]

Reduced intracellular calcium concentrations equate to increased smooth muscle relaxation resulting in arterial vasodilation and therefore, decreased blood pressure.[L6289] The decrease in intracellular calcium inhibits the contractile processes of the myocardial smooth muscle cells, causing dilation of the coronary and systemic arteries, increased oxygen delivery to the myocardial tissue, decreased total peripheral resistance, decreased systemic blood pressure, and decreased afterload.[L6289,L10556] Through its actions on reducing calcium levels in cardiac and vascular smooth muscles, diltiazem causes a reduction in the contractile processes of the myocardial smooth muscle cells and vasodilation of the coronary and systemic arteries, including epicardial and subendocardial. This subsequently leads to increased oxygen delivery to the myocardial tissue, improved cardiac output due to increased stroke volume, decreased total peripheral resistance, decreased systemic blood pressure and heart rate, and decreased afterload.[L6289,L10556] Diltiazem lowers myocardial oxygen demand through a reduction in heart rate, blood pressure, and cardiac contractility; this leads to a therapeutic effect in improving exercise tolerance in chronic stable angina.[A178432,L6289]",https://www.ncbi.nlm.nih.gov/books/NBK547898/,"""Idiosyncratic hypersensitivity; short latency; rash, fever, eosinophilia; CYP3A4 interaction""¦ñÀHµo¿N¡B¥Ö¯l¡B¶Ý»Ä©Ê¥Õ¦å²y¡ô¾÷Âà¥i¯à¬°¹L±Ó¤ÏÀ³¡]hypersensitivity¡^¸g¥Ñ CYP3A4 ¥NÁÂ¡A¤]¥i§í¨î CYP3A4	Hypersensitivity CYP3A4 inhibitor"
disulfiram,vMost-DILI-Concern,CCN(CC)C(=S)SSC(=S)N(CC)CC,1,Immune,Disulfiram,P03AA04,P03A,"Dopamine beta-hydroxylase; Aldehyde dehydrogenase family 3 member A2; Aldehyde dehydrogenase, mitochondrial",Cytochrome P450 3A4; Cytochrome P450 3A5; Cytochrome P450 2E1,Bile salt export pump,For the treatment and management of chronic alcoholism,approved,"Disulfiram blocks the oxidation of alcohol at the acetaldehyde stage during alcohol metabolism following disulfiram intake causing an accumulation of acetaldehyde in the blood producing highly unpleasant symptoms. Disulfiram blocks the oxidation of alcohol through its irreversible inactivation of aldehyde dehydrogenase, which acts in the second step of ethanol utilization. In addition, disulfiram competitively binds and inhibits the peripheral benzodiazepine receptor, which may indicate some value in the treatment of the symptoms of alcohol withdrawal, however this activity has not been extensively studied.",https://www.ncbi.nlm.nih.gov/books/NBK548103/,¬° idiosyncratic hypersensitivity «¬¤ÏÀ³- ±`¦ñÀH µo¯l¡Bµo¿N¡B¶Ý»Ä©Ê²y¼W¥Í- ¥ÍÀË¥i¨£¶Ý»Ä©Ê²Ó­M®û¼í¡A»P¯f¬r©Ê¨xª¢Ãþ¦ü
divalproex sodium,vMost-DILI-Concern,CCCC(CCC)C(=O)O.CCCC(CCC)C(=O)[O-].[Na+],1,Metabolic,,,,,,,,,,,Toxic metabolites (4-ene-VPA); mitochondrial £]-oxidation inhibition
dronedarone,vMost-DILI-Concern,CCCCC1=C(C2=C(O1)C=CC(=C2)NS(=O)(=O)C)C(=O)C3=CC=C(C=C3)OCCCN(CCCC)CCCC,1,Metabolic,Dronedarone,C01BD07,C01B,Alpha-1A adrenergic receptor; Potassium voltage-gated channel subfamily A member 5; Alpha-1B adrenergic receptor; Alpha-1D adrenergic receptor; Alpha-2A adrenergic receptor; Alpha-2B adrenergic receptor; Alpha-2C adrenergic receptor; Voltage-gated inwardly rectifying potassium channel KCNH2; Voltage-dependent L-type calcium channel subunit alpha-1C; Voltage-dependent L-type calcium channel subunit alpha-1D; Voltage-dependent L-type calcium channel subunit alpha-1F; Voltage-dependent L-type calcium channel subunit alpha-1S; Voltage-dependent L-type calcium channel subunit beta-1; Voltage-dependent L-type calcium channel subunit beta-2; Voltage-dependent L-type calcium channel subunit beta-3; Voltage-dependent L-type calcium channel subunit beta-4; Potassium channel subfamily K member 2; Sodium channel protein type 5 subunit alpha; G protein-activated inward rectifier potassium channel 1; Potassium voltage-gated channel subfamily KQT member 1; Inward rectifier potassium channel; Sodium/calcium exchanger 1; A-type voltage-gated potassium channel KCND3; Beta-1 adrenergic receptor; Thyroid hormone receptor alpha,Cytochrome P450 3A5; Cytochrome P450 2J2; Cytochrome P450 2D6; Cytochrome P450 3A4,ATP-dependent translocase ABCB1; Solute carrier family 22 member 2; Solute carrier family 22 member 1; Solute carrier organic anion transporter family member 1B1; Solute carrier organic anion transporter family member 1B3; Organic anion transporter 3,Dronedarone is indicated for the management of atrial fibrillation (AF) in patients in sinus rhythm with a history of paroxysmal or persistent AF to reduce the risk of hospitalization.[L8699],approved,"Atrial fibrillation is the most common type of arrhythmia that is caused by abnormal electrical activity in the atria. In atrial fibrillation, tachyarrhythmia, or fast heart rate, can either be paroxysmal (less than 7 days) or persistent (more than 7 days). Atrial fibrillation causes turbulent and abnormal blood flow through the heart chambers, leading to decreased the effectiveness of the heart to pump blood and an increased likelihood of thrombus formation within the atria which can ultimately dislodge and cause a stroke.[L8980] 

Dronedarone achieves heart rate and rhythm control in atrial fibrillation. _In vitro_, dronedarone decreased the maximum rate of the rise of an action potential in a concentration- and frequency-dependent manner.[A186071] Cardiac action potentials are generated by ionic currents of multiple voltage-gated ion channels, including potassium, sodium, and calcium channels.[A187129] Dronedarone is a multichannel blocker that meets the criteria of all four Vaughan Williams antiarrhythmic drug classes[A34604] but the contribution of each of these activities to the drug's antiarrhythmic effect is unknown.[L8699] Dronedarone inhibits rapid Na+ currents rate-dependently (class Ib), non-competitively antagonizes Î±??and Î²-adrenergic receptors (class II), blocks K+ outward currents (class III) and blocks slow Ca2+ inward currents (class IV).[A34604] More specifically, it decreases delayed-rectifier K+ current (IKr), slowly activating delayed-rectifier K+ current (IKs), inward rectifier potassium current (IK1), peak Na+ current (INa) and L-type Ca2+ current (ICa (L)).[A186071,A186077] Dronedarone ultimately increases refractory periods, decelerates cardiac conduction, and prolongs cardiac action potential and refractory periods.[A34604,L8684]",https://www.ncbi.nlm.nih.gov/books/NBK548208/,¥D­n³z¹L CYP3A ¥NÁÂ¡AÃhºÃ¦³ ¦³¬r¥NÁÂª« ¾É­P¨x²Ó­M¬r©Ê- ©M amiodarone ¤£¦P¡A¸û°¾¦V¨x¬r©Ê¤ÏÀ³¦Ó«D¯×ªÕÅÜ©Ê
droxicam,vMost-DILI-Concern,CN1C2=C(C3=CC=CC=C3S1(=O)=O)OC(=O)N(C2=O)C4=CC=CC=N4,1,Metabolic,Droxicam,M01AC04,M01A,Prostaglandin G/H synthase 1; Prostaglandin G/H synthase 2,,,Droxicam is an NSAID previously used for the treatment of inflammation and rheumatoid arthritis [L1119].,withdrawn,Droxicam is converted to [DB00554] via hydrolysis of the ester group in the intestine [A7026]. Droxicam administration inhibits the synthesis of prostaglandins by cyclooxygenase enzymes [A31527].,,Rare idiosyncratic liver enzyme elevation reported; insufficient evidence for DILI
duloxetine,vMost-DILI-Concern,CNCC[C@@H](C1=CC=CS1)OC2=CC=CC3=CC=CC=C32,1,Metabolic,Duloxetine,N06AX21,N06A,Sodium-dependent serotonin transporter; Sodium-dependent noradrenaline transporter; Sodium-dependent dopamine transporter,Cytochrome P450 2D6; Cytochrome P450 2C9; Cytochrome P450 3A4; Cytochrome P450 1A2; Cytochrome P450 2B6; Cytochrome P450 2C19,ATP-dependent translocase ABCB1,"**Indicated** for:

1) Management of Major Depressive Disorder.[label]

2) Management of Generalized Anxiety Disorder.[label]

3) Management of diabetic peripheral neuropathy.[label]

4) Management of fibromyalgia.[label]

5) Management of chronic musculoskeletal pain.[label]

6) Management of osteoarthritis of the knee in adults.[L6364]

7) Management of chronic lower back pain in adults.[L6364]

8) Management of stress urinary incontinence in adult women.[L6367]

**Off-label** uses include:

1) Management of chemotherapy-induced peripheral neuropathy.[A178603]

2) Management of stress urinary incontinence in adult men after prostatectomy until recovery is complete.[L6370]",approved,"Duloxetine is a potent inhibitor of neuronal serotonin and norepinephrine reuptake and a less potent inhibitor of dopamine reuptake.[A178714] Duloxetine has no significant affinity for dopaminergic, adrenergic, cholinergic, histaminergic, opioid, glutamate, and GABA receptors.

Action on the external urinary sphincter is mediated via duloxetine's CNS effects. Increased serotonin and norepinephrine concentrations in Onuf's nucleus leads to increased activation of 5-HT<sub>2</sub>, 5-HT<sub>3</sub>, and Î±<sub>1</sub> adrenergic receptors.[A178663,A178666] 5-HT<sub>2</sub> and Î±<sub>1</sub> are both G<sub>q</sub> coupled and their activation increases the activity of the inositol trisphosphate/phospholipase C (IP<sub>3</sub>/PLC) pathway.[T116] This pathway leads to release of intracellular calcium stores, increasing intracellular calcium concentrations, and facilitating neuronal excitability. 5-HT<sub>3</sub> functions as a ligand-gated sodium channel which allows sodium to flow into the neuron when activated. Increased flow of sodium into the neuron contributes to depolarization and activation of voltage gated channels involved in action potential generation. The combined action of these three receptors contributes to increased excitability of the pudendal motor nerve in response to glutamate.

Also related to duloxetine's action at the spinal cord is its modulation of pain. Increasing the concentration of serotonin and norepinephrine in the dorsal horn of the spinal cord increases descending inhibition of pain through activation of 5-HT<sub>1A</sub>, 5-HT<sub>1B</sub>, 5-HT<sub>1D</sub>, 5-HT<sub>2</sub>, 5-HT<sub>3</sub>, Î±<sub>1</sub>-adrenergic, and Î±<sub>2</sub>-adrenergic receptors.[A178705] 5-HT<sub>2</sub>, 5-HT<sub>3</sub>, and Î±<sub>1</sub>-adrenergic mediate neuronal activation as described above. The activated neuron in this case is the GABAergic inhibitory interneuron which synapses onto the nociceptive projection neuron to inhibit the transmission of painful stimuli to the brain. The 5-HT<sub>1</sub> and Î±<sub>2</sub> receptors are G<sub>i</sub>/G<sub>o</sub> coupled and their activation leads to increased potassium current through inward rectifier channels and decreased adenylyl cyclase/protein kinase A signaling which contributes to neuronal inhibition.[A178705,T116] These inhibitory receptors are present on the projection neuron itself as well as the dorsal root ganglion which precedes it and serves to directly suppress the transmission of painful stimuli.

The mechanisms involved in duloxetine's benefits in depression and anxiety have not been fully elucidated. Dysfunctional serotonin and norepinephrine signaling are thought to be involved and increases in the availability of these neurotransmitters at the synaptic cleft thought to mediate a therapeutic effect.[A178666] It is postulated that the involvement of serotonin and norepinephrine in area responsible for emotional modulation such as the limbic system contributes to the effects in mood disorders specifically but this has yet to be confirmed.

Duloxetine's hypertensive effect is related to its intended pharmacological effect. Increased availability of norepinephrine leads to activation of adrenergic receptors on the vascular endothelium. Since the action of Î±<sub>1</sub> receptors predominates, vasoconstriction results as the G<sub>q</sub> coupled receptor mediates calcium release from the sarcoplasmic reticulum to facilitate smooth muscle contraction.[T116]",https://www.ncbi.nlm.nih.gov/books/NBK548820/,¥D­n³z¹L CYP1A2 ©M CYP2D6 ¥NÁÂ¡AÃhºÃ¬° ¥NÁÂ²£ª«¤Þ°_¨x¬r©Ê- ¯Ê¥F§K¬Ì¹L±Ó©Î¦ÛÅé§K¬Ì¯S¼x
ebrotidine,vMost-DILI-Concern,C1=CC(=CC=C1S(=O)(=O)NC=NCCSCC2=CSC(=N2)N=C(N)N)Br,1,Metabolic,,,,,,,,,,https://pubmed.ncbi.nlm.nih.gov/10551387/?utm_source=chatgpt.com,"¡§Idiosyncratic metabolic hepatotoxicity: severe acute hepatocellular injury (central necrosis/massive necrosis), no hypersensitivity features, rare progression to cirrhosis¡¨¼ç¥ñ´Áµu¡AALT ´£¤É°ª¹F ULN ªº 15¡V91 ­¿¡Abilirubin ÅãµÛ¤É°ª¡A¦Ó ¥¼¨£¹L±Ó¤ÏÀ³¸ñ¶H¡]µLµo¿N¡BµL¥Ö¯l¡BµL¶Ý»Ä©Ê²y¡^µL¾¯¶qÃö«Y¡A¨å«¬¬° idiosyncratic metabolic «¬ DILI¡C"
efavirenz,vMost-DILI-Concern,C1CC1C#C[C@]2(C3=C(C=CC(=C3)Cl)NC(=O)O2)C(F)(F)F,1,Immune,Efavirenz,J05AR06,J05A,Gag-Pol polyprotein; Reverse transcriptase/RNaseH,Cytochrome P450 2C19; Cytochrome P450 2C9; Cytochrome P450 2B6; Cytochrome P450 3A4; Cytochrome P450 3A5; Cytochrome P450 3A7; Cytochrome P450 1A2; Cytochrome P450 2D6; Cytochrome P450 2C8; UDP-glucuronosyltransferase 1A1,Bile salt export pump; Solute carrier family 22 member 1,For use in combination treatment of HIV infection (AIDS),approved; investigational,"Similar to zidovudine, efavirenz inhibits the activity of viral RNA-directed DNA polymerase (i.e., reverse transcriptase). Antiviral activity of efavirenz is dependent on intracellular conversion to the active triphosphorylated form. The rate of efavirenz phosphorylation varies, depending on cell type. It is believed that inhibition of reverse transcriptase interferes with the generation of DNA copies of viral RNA, which, in turn, are necessary for synthesis of new virions. Intracellular enzymes subsequently eliminate the HIV particle that previously had been uncoated, and left unprotected, during entry into the host cell. Thus, reverse transcriptase inhibitors are virustatic and do not eliminate HIV from the body. Even though human DNA polymerase is less susceptible to the pharmacologic effects of triphosphorylated efavirenz, this action may nevertheless account for some of the drug's toxicity.",https://www.ncbi.nlm.nih.gov/books/NBK548521/,"""Hypersensitivity-related immune-mediated liver injury: rapid onset (1¡V8 weeks), with rash, fever, eosinophilia, facial edema, and mixed/cholestatic or hepatocellular injury; biopsy may show submassive necrosis; fatal cases reported.""Á{§É¯S¼x©úÅã¶É¦V©ó §K¬Ì¹L±Ó«¬ DILI¡]Immunoallergic DILI¡^¡G1¡V8 ¶g¤º§Ö³tµo¯f¡F¦X¨Öµo¿N¡B¥Ö¯l¡B¶Ý»Ä©Ê²y¼W¦h¡BÁy³¡¤ô¸~¡B²O¤Úµ²¸~¤jµ¥¨å«¬§K¬Ì¹L±Ó¤ÏÀ³¡F¨xÅ¦¬¡ÀË¥i¨£ submassive necrosis"
eltrombopag olamine,vMost-DILI-Concern,CC1=C(C=C(C=C1)N2C(=O)C(=C(N2)C)N/N=C/3\C=CC=C(C3=O)C4=CC(=CC=C4)C(=O)O)C.C(CO)N.C(CO)N,1,Metabolic,,,,,,,,,,https://ec.europa.eu/health/documents/community-register/2017/20170216137166/anx_137166_en.pdf,"¡§Extensive hepatic metabolism (CYP2C8, UGT1A1, ABCG2); may impair elimination leading to hepatotoxicity; mostly mild ALT/Bilirubin elevation; rare acute liver failure.¡¨"
erlotinib,vMost-DILI-Concern,COCCOC1=C(C=C2C(=C1)C(=NC=N2)NC3=CC=CC(=C3)C#C)OCCOC,1,Immune,Erlotinib,L01EB02,L01E,Nuclear receptor subfamily 1 group I member 2; Epidermal growth factor receptor,Cytochrome P450 3A4; Cytochrome P450 3A5; Cytochrome P450 1A2; Cytochrome P450 1A1; Cytochrome P450 2D6; Cytochrome P450 2C8; Cytochrome P450 1B1; UDP-glucuronosyltransferase 1A1; Epidermal growth factor receptor,Broad substrate specificity ATP-binding cassette transporter ABCG2; ATP-dependent translocase ABCB1; Solute carrier organic anion transporter family member 2B1,"Erlotinib is indicated for:

- The treatment of metastatic non-small cell lung cancer (NSCLC) with tumors showing epidermal growth factor receptor (EGFR) exon 19 deletions or exon 21 (L858R) substitution mutations [FDA label]. 

- In combination with first-line treatment for patients diagnosed with locally advanced, unresectable or metastatic pancreatic cancer [FDA label].

The safety and efficacy of erlotinib have not been established for patients with NSCLC whose tumors show other EGFR mutations. Additionally it is not recommended for use in combination with platinum-based chemotherapy. [FDA label]",approved; investigational,The mechanism of clinical antitumor action of erlotinib is not fully characterized. Erlotinib inhibits the intracellular phosphorylation of tyrosine kinase associated with the epidermal growth factor receptor (EGFR). Specificity of inhibition with regard to other tyrosine kinase receptors has not been fully characterized. EGFR is expressed on the cell surface of normal cells and cancer cells.,https://www.ncbi.nlm.nih.gov/books/NBK548407/,Á{§É©Ê¨x·l³q±`¬°«æ©Ê¥BÄY­«¡A¥i¯à¬°§K¬Ì©Ê©Ò­P- ¥NÁÂ³~®|¬° CYP3A4¡A¦ý»´·LÂà®ò?¤É°ª¥i¯àÄÝª½±µ¬r©Ê
erythromycin,vMost-DILI-Concern,CC[C@@H]1[C@@]([C@@H]([C@H](C(=O)[C@@H](C[C@@]([C@@H]([C@H]([C@@H]([C@H](C(=O)O1)C)O[C@H]2C[C@@]([C@H]([C@@H](O2)C)O)(C)OC)C)O[C@H]3[C@@H]([C@H](C[C@H](O3)C)N(C)C)O)(C)O)C)C)O)(C)O,1,Immune,Erythromycin,J01FA01,J01F,23S ribosomal RNA; Motilin receptor; Voltage-gated inwardly rectifying potassium channel KCNH2,Cytochrome P450 3A5; Cytochrome P450 3A4; Cytochrome P450 3A7,Solute carrier organic anion transporter family member 1B3; Bile salt export pump; ATP-dependent translocase ABCB1; Solute carrier organic anion transporter family member 1B1; ATP-binding cassette sub-family C member 2; Solute carrier organic anion transporter family member 1A2,"Erythromycin is indicated in the treatment of infections caused by susceptible strains of various bacteria.[L7261] The indications for erythromycin have been summarized by body system below:

**Respiratory infections**

Mild to moderate upper respiratory tract infections caused by Streptococcus pyogenes, Streptococcus pneumoniae, or Haemophilus influenzae (when used concomitantly with appropriate doses of sulfonamides) can be treated with erythromycin.[L7261] Mild to moderate lower-respiratory tract infections due to susceptible strains of Streptococcus pneumoniae or Streptococcus pyogenes may also be treated. Erythromycin treats listeriosis caused by Listeria monocytogenes may also be treated with erythromycin.[L7261]
Erythromycin is indicated to treat pertussis (whooping cough) caused by Bordetella pertussis. It is effective in eliminating the causative organism from the nasopharynx of infected individuals, rendering them noninfectious. Clinical studies suggest that erythromycin may aid in the prevention of pertussis infection for individuals who have been exposed to the bacteria.[L7261] Respiratory tract infections due to Mycoplasma pneumoniae may also be treated with erythromycin.[L7261]  Despite the fact that no controlled clinical efficacy studies have been conducted to this date, in vitro and certain preliminary clinical study results indicate that erythromycin may be an effective treatment in  Legionnaires??Disease.[L7261] Finally, erythromycin is indicated to treat diphtheria and other infections due to Corynebacterium diphtheriae, as an adjunct to antitoxin, to prevent carrier status and to eradicate the organism in existing carriers.[L7261] In addition to the prevention of diphtheria, erythromycin can be used to prevent rheumatic fever in penicillin intolerant patients.[L7261]
 

**Skin infections**

Mild to moderate skin or skin structure infections caused by Streptococcus pyogenes or Staphylococcus aureus may be treated with erythromycin, however, resistant staphylococcal organisms may emerge.[L7261] Erythromycin can also be used to treat erythrasma, an infectious condition caused by Corynebacterium minutissimum.[L7261]


**Gastrointestinal infections**

Intestinal amebiasis caused by Entamoeba histolytica can be treated with oral erythromycin. Extraenteric amebiasis warrants treatment with other antimicrobial drugs.[L7261]


**Genital infections/STIs**

Erythromycin can be used as an alternative drug in treating acute pelvic inflammatory disease caused by N. gonorrheae in female patients who have demonstrated hypersensitivity or intolerance to penicillin.[L7261] Syphilis, caused by Treponema pallidum, can be treated with erythromycin.  It serves as an alternative treatment for primary syphilis in patients who have demonstrated penicillin hypersensitivity. Erythromycin can also be used in the primary stage of primary syphilis.[L7261] Another approved indication of erythromycin is to treat chlamydial infections that cause conjunctivitis of the newborn, pneumonia of infancy, and urogenital infections occurring in pregnancy. It is indicated as an alternative option to tetracyclines for the treatment of uncomplicated rectal, urethral and endocervical infections in adults caused by Chlamydia trachomatis.[L7261] Erythromycin can be used in nongonococcal urethritis can be used when tetracyclines cannot be administered. Finally, erythromycin is indicated to treat nongonococcal urethritis due to Ureaplasma urealyticum.[L7261]",approved; investigational; vet_approved,"In order to replicate, bacteria require a specific process of protein synthesis, enabled by ribosomal proteins.[A6505] Erythromycin acts by inhibition of protein synthesis by binding to the 23S ribosomal RNA molecule in the 50S subunit of ribosomes in susceptible bacterial organisms.  It stops bacterial protein synthesis by inhibiting the transpeptidation/translocation step of protein synthesis and by inhibiting the assembly of the 50S ribosomal subunit.[L7261,A14179] This results in the control of various bacterial infections.[A174193,L7261] The strong affinity of macrolides, including erythromycin, for bacterial ribosomes, supports their broad?spectrum antibacterial activities.[A174193]",https://www.ncbi.nlm.nih.gov/books/NBK547881/,"""Likely hypersensitivity-mediated cholestatic or mixed-type liver injury; rapid onset (1¡V3 weeks or <1 week upon re-exposure), with fever, eosinophilia, and rapid recurrence upon rechallenge; rare hepatocellular pattern can lead to acute liver failure.""¯S¼xÅã¥Ü±j¯P§K¬Ì¤ÏÀ³¯S©Ê¡Gµo¯f§Ö³t¡]ªì¦¸ 1¡V3 ¶g¤º¡A­«Ãn 24 ¤p®É¤º¡^¡F¨å«¬§K¬Ì¹L±Ó¯gª¬¡Gµo¿N¡B¶Ý»Ä©Ê²y¼W¦h¡B¥k¤W¸¡µh¡FÄY­«®É¥X²{ hepatocellular pattern ¥B¥i¾É­P «æ©Ê¨x°IºÜ©Î»Ý¨xÅ¦²¾´Ó"
estramustine,vMost-DILI-Concern,CC12CCC3C(C1CCC2O)CCC4=C3C=CC(=C4)OC(=O)N(CCCl)CCCl,1,Metabolic,Estramustine,L01XX11,L01X,Estrogen receptor beta; Estrogen receptor; Microtubule-associated protein 2; Microtubule-associated protein 1A,Cytochrome P450 3A4,ATP-dependent translocase ABCB1,For the palliative treatment of patients with metastatic and/or progressive carcinoma of the prostate,approved; investigational,"Estramustine is a derivative of estradiol with a nitrogen mustard moiety. This gives it alkylating properties. In vivo, the nitrogen mustard component is active and can alklyate DNA and other cellular components (such as tubulin components) of rapidly dividing cells. This causes DNA strandbreaks or misscoding events. This leads to apoptosis and cell death. Also, due to the drugs estrogen component, it can bind more selectively to active estrogen receptors.",,ALT/AST elevation commonly observed; no strong immune or cholestatic evidence; mainly metabolic and direct hepatocyte stress from antineoplastic agent
ethambutol,vMost-DILI-Concern,CCC(CO)NCCNC(CC)CO,1,Immune,Ethambutol,J04AK02,J04A,Probable arabinosyltransferase C; Probable arabinosyltransferase B; Probable arabinosyltransferase A,Cytochrome P450 1A2; Cytochrome P450 2E1; Cytochrome P450 2C19; Cytochrome P450 2D6; Cytochrome P450 2A6; Cytochrome P450 2C9; Cytochrome P450 3A4,,"Ethambutol is indicated in combination with other anti-tuberculosis drugs in the treatment of pulmonary tuberculosis.[L31663] Ethambutol is commonly used in combination with [isoniazid], [rifampin], and [pyrazinamide].[L31743]",approved,"Ethambutol diffuses into _Mycobacterium_ cells.[L31663] Once inside the cell, ethambutol inhibits the arabinosyltransferases (embA, embB, and embC), preventing formation of the cell wall components arabinogalactan and lipoarabinomannan, and preventing cell division.[A228973,A4616,A229043,A228968] Decreased concentrations of arabinogalactan in the cell wall reduces the number of binding sites for mycolic acid, leading to the accumulation of mycolic acid, trehalose monomycolate, and trehalose dimycolate.[A229028,A4616] Lipoarabinomannan is a component of a cell surface molecule involved in the interaction with host cells.[A4616] Reduced levels of lipoarabinomannan may interfere with mycobacterial interaction with host cells.[A4616]",https://www.ncbi.nlm.nih.gov/books/NBK548745/,"""Ethambutol is a rare cause of clinically apparent liver injury, usually presenting with a cholestatic pattern. In rare cases, it has been associated with drug reaction with eosinophilia and systemic symptoms (DRESS), occurring 2¡V6 weeks after initiation. The exact mechanism is unclear but believed to be hypersensitivity-related. Despite decades of use, very few well-documented cases exist. Ethambutol is considered generally safe in patients with liver disease and does not demonstrate cross-reactivity with other antituberculosis agents."""
etodolac,vMost-DILI-Concern,CCC1=CC=CC2=C1NC3=C2CCOC3(CC)CC(=O)O,1,Metabolic,Etodolac,M01AB08,M01A,Prostaglandin G/H synthase 2; Prostaglandin G/H synthase 1; Retinoic acid receptor RXR-alpha,UDP-glucuronosyltransferase 1A3; UDP-glucuronosyltransferase 1A10; UDP-glucuronosyltransferase 2B7; Cytochrome P450 2C9; UDP-glucuronosyltransferase 1A9,Solute carrier family 22 member 6,"For acute and long-term management of signs and symptoms of osteoarthritis and rheumatoid arthritis, as well as for the management of pain.",approved; investigational; vet_approved,"Similar to other NSAIDs, the anti-inflammatory effects of etodolac result from inhibition of the enzyme cycooxygenase (COX). This decreases the synthesis of peripheral prostaglandins involved in mediating inflammation. Etodolac binds to the upper portion of the COX enzyme active site and prevents its substrate, arachidonic acid, from entering the active site. Etodolac was previously thought to be a non-selective COX inhibitor, but it is now known to be 5 ??50 times more selective for COX-2 than COX-1. Antipyresis may occur by central action on the hypothalamus, resulting in peripheral dilation, increased cutaneous blood flow, and subsequent heat loss.",https://www.ncbi.nlm.nih.gov/books/NBK548686/,¥i¯à»P¥NÁÂ¤¤¶¡²£ª«²£¥Íªº idiosyncratic ¬r©Ê¤ÏÀ³ ¦³Ãö- »P¨ä¥L NSAIDs¡]¦p diclofenac¡^¬r©Ê«¬ºA¬Û¦ü
etravirine,vMost-DILI-Concern,CC1=CC(=CC(=C1OC2=NC(=NC(=C2Br)N)NC3=CC=C(C=C3)C#N)C)C#N,1,Immune,Etravirine,J05AG04,J05A,Gag-Pol polyprotein; Gag-Pol polyprotein; Reverse transcriptase/RNaseH,Cytochrome P450 3A4; Cytochrome P450 2C9; Cytochrome P450 2C19,ATP-dependent translocase ABCB1; Phosphatidylcholine translocator ABCB4,"Etravirine is indicated, in combination with other antiretroviral agents, for the treatment of HIV-1 infection in treatment-experienced patients ?? years of age.[L9320]",approved,"Etravirine exerts its effects via direct inhibition of the reverse transcriptase enzyme of human immunodeficiency virus type 1 (HIV-1).  It directly binds reverse transcriptase and consequently blocks DNA-dependent and RNA-dependent polymerase activity. Etravirine does not inhibit human DNA polymerase alpha, beta or gamma.",https://www.ncbi.nlm.nih.gov/books/NBK548290/,¥Ñ©ó»P¥Ö½§¯l¡Bµo¿N¡B¶Ý»Ä©Ê²y¼W¦hµ¥§K¬Ì¹L±Ó¤ÏÀ³¨Ãµo¥X²{- ±À´ú¬O¥NÁÂ²£ª«¤Þ°_ªº hypersensitivity hepatitis
exemestane,vMost-DILI-Concern,C[C@]12CC[C@H]3[C@H]([C@@H]1CCC2=O)CC(=C)C4=CC(=O)C=C[C@]34C,1,Metabolic,Exemestane,L02BG06,L02B,Aromatase,Aromatase; Cytochrome P450 3A4,,For the treatment of advanced breast cancer in postmenopausal women whose disease has progressed following tamoxifen therapy.,approved; investigational,"Breast cancer cell growth may be estrogen-dependent. Aromatase (exemestane) is the principal enzyme that converts androgens to estrogens both in pre- and postmenopausal women. While the main source of estrogen (primarily estradiol) is the ovary in premenopausal women, the principal source of circulating estrogens in postmenopausal women is from conversion of adrenal and ovarian androgens (androstenedione and testosterone) to estrogens (estrone and estradiol) by the aromatase enzyme in peripheral tissues. Estrogen deprivation through aromatase inhibition is an effective and selective treatment for some postmenopausal patients with hormone-dependent breast cancer. Exemestane is an irreversible, steroidal aromatase inactivator, structurally related to the natural substrate androstenedione. It irreversibly binds to the active site causing permanent inhibition necessitating de novo synthesis to restore enzymatic function. Exemestane significantly lowers circulating estrogen concentrations in postmenopausal women, but has no detectable effect on the adrenal biosynthesis of corticosteroids or aldosterone. This reduction in serum and tumor concentrations of estrogen delays tumor growth and disease progression. Exemestane has no effect on other enzymes involved in the steroidogenic pathway up to a concentration at least 600 times higher than that inhibiting the aromatase enzyme.",https://www.ncbi.nlm.nih.gov/books/NBK548926/,¥i¯à¬°ÃÄª«¥NÁÂª«¤Þ°_ªº¯S²§Åé½è¤ÏÀ³¡]idiosyncratic¡^¡A«D¨ä§Ü»Û¿E¯À§@¥Î¤Þ°_¡C¸g CYP3A4 ¥NÁÂ¡A»P¥NÁÂ¬ÛÃö¡C
exifone,vMost-DILI-Concern,C1=CC(=C(C(=C1C(=O)C2=CC(=C(C(=C2)O)O)O)O)O)O,1,Immune,,,,,,,,,,withdrawn,Delayed onset liver injury; possible reactive metabolites involvement; withdrawn due to hepatotoxicity
falnidamol ,vMost-DILI-Concern,CN1CCC(CC1)NC2=NC=C3C(=N2)C(=NC=N3)NC4=CC(=C(C=C4)F)Cl,1,No Data,Falnidamol,,,Epidermal growth factor receptor,,,,investigational,,,Lack of detailed clinical data; structurally predicted metabolic liability; potential for mitochondrial dysfunction
febuxostat,vMost-DILI-Concern,CC1=C(SC(=N1)C2=CC(=C(C=C2)OCC(C)C)C#N)C(=O)O,1,Metabolic,Febuxostat,M04AA03,M04A,Xanthine dehydrogenase/oxidase,UDP-glucuronosyltransferase 1A1; UDP-glucuronosyltransferase 1A3; UDP-glucuronosyltransferase 1A9; UDP-glucuronosyltransferase 2B7; Cytochrome P450 1A2; Cytochrome P450 2C8; Cytochrome P450 2C9,Broad substrate specificity ATP-binding cassette transporter ABCG2,"Febuxostat is indicated for the chronic management of hyperuricemia in adult patients with gout who have an inadequate response to a maximally titrated dose of [allopurinol], who are intolerant to allopurinol, or for whom treatment with allopurinol is not advisable.[L46073] It is not recommended for the treatment of asymptomatic hyperuricemia [L32238] or secondary hyperuricemia.[A230583]",approved,"Gout is a form of acute arthritis that is characterized by the accumulation of crystals of monosodium urate and urate crystals in or around a joint, leading to inflammation and persistent urate crystal deposition in bones, joints, tissues, and other organs that may exacerbate over time. Hyperuricemia is closely related to gout, whereby it may exist for many years before the first clinical attack of gout; thus, aberrated serum uric acid levels and hyperuricemia are believed to be the biochemical aberration involved in the pathogenesis of gout.[A230548] Xanthine oxidoreductase (XOR) can act as a xanthine oxidase or xanthine dehydrogenase. In humans, it is a critical enzyme for uric acid production as it catalyzes the oxidation reaction steps from hypoxanthine to xanthine and from xanthine to uric acid in the pathway of purine metabolism.[A19658] Febuxostat potently inhibits XOR, blocking both its oxidase and dehydrogenase activities. With high affinity, febuxostat binds to XOR in a molecular channel leading to the molybdenum-pterin active site, where [allopurinol] demonstrates relatively weak competitive inhibition.[A230548] 

XOR is mainly found in the dehydrogenase form under normal physiological conditions; however, in inflammatory conditions, XOR can be converted into the xanthine oxidase form, which catalyzes reactions that produce reactive oxygen species (ROS), such as peroxynitrite. ROS contribute to vascular inflammation and alterations in vascular function. As febuxostat can inhibit both forms of XOR, it can inhibit ROS formation, oxidative stress, and inflammation.[A2743] In a rat model, febuxostat suppressed renal ischemia-reperfusion injury by attenuating oxidative stress.[A2744]",https://www.ncbi.nlm.nih.gov/books/NBK548645/,(¥D­n¬°¨xÅ¦¸²µå¿}îÇ»Ä¤Æ¥NÁÂ¤Î¤Ö¶q CYP 450 ¥NÁÂ)¨x¬r©Ê¥i¯à»P¥NÁÂ¹Lµ{¤¤²£¥Íªº¥NÁÂª«¦³Ãö¡A¸²µå¿}îÇ»Ä¤Æ¬°¥D­n³~®|¡ACYP450 ¨t²Î¦¸­n°Ñ»P¡C
felbamate,vMost-DILI-Concern,C1=CC=C(C=C1)C(COC(=O)N)COC(=O)N,1,Metabolic,Felbamate,N03AX10,N03A,"Glutamate receptor ionotropic, NMDA 2B; Glutamate receptor ionotropic, NMDA 2A",Cytochrome P450 2E1; Cytochrome P450 2C9; Cytochrome P450 2C19; Cytochrome P450 3A4,,For use only in those patients who respond inadequately to alternative treatments and whose epilepsy is so severe that a substantial risk of aplastic anemia and/or liver failure is deemed acceptable in light of the benefits conferred by its use.,approved,"The mechanism by which felbamate exerts its anticonvulsant activity is unknown, but in animal test systems designed to detect anticonvulsant activity, felbamate has properties in common with other marketed anticonvulsants. <i>In vitro</i> receptor binding studies suggest that felbamate may be an antagonist at the strychnine-insensitive glycine-recognition site of the N-methyl-D-aspartate (NMDA) receptor-ionophore complex. Antagonism of the NMDA receptor glycine binding site may block the effects of the excitatory amino acids and suppress seizure activity. Animal studies indicate that felbamate may increase the seizure threshold and may decrease seizure spread. It is also indicated that felbamate has weak inhibitory effects on GABA-receptor binding, benzodiazepine receptor binding.",https://www.ncbi.nlm.nih.gov/books/NBK548256/,¨x¬r©Ê¥i¯à¨Ó¦Û©ó Felbamate ¥NÁÂ¦¨°ª¤ÏÀ³©Ê¹q¿Ë¥NÁÂª«¡A³y¦¨¨x²Ó­M·l¶Ë¡C¥NÁÂ¬¡¤Æ§Î¦¨¨ã¤ÏÀ³©Ê¬r©Ê¥NÁÂª«¡C¦¹¹Lµ{ÄÝ©ó«D¾¯¶q¨Ì¿àªº¯S²§Åé½è©Ê¡]idiosyncratic¡^¤ÏÀ³¡A¨Ã«Dª½±µ¬r©Ê¡A¦Ó¬O¦]­ÓÅé¥NÁÂ®t²§¤Î§K¬Ì¤ÏÀ³»¤µoªº¨x²Ó­M·l®`¡CFelbamate ¨x¬r©Êªºµo¥Í»P¸ÓÃÄª«¯S©w¥NÁÂ¤¤¶¡Åéªº¥Íª«¬¡¤Æ±K¤Á¬ÛÃö¡A¥Ø«e©|¥¼§¹¥þ©ú½T¬ÛÃö»Ã¯À¤Î¥NÁÂ³~®|¡A¦ý°ª¤ÏÀ³©Ê¥NÁÂª«ªº§Î¦¨³Qµø¬°¥D­n»¤¦]¡C
fenclozic acid,vMost-DILI-Concern,C1=CC(=CC=C1C2=NC(=CS2)CC(=O)O)Cl,1,Metabolic,,,,,,,,,,withdrawn,Reactive metabolite formation; severe hepatotoxicity caused market withdrawal
fenoprofen,vMost-DILI-Concern,CC(C1=CC(=CC=C1)OC2=CC=CC=C2)C(=O)O,1,Metabolic,Fenoprofen,M01AE04,M01A,Prostaglandin G/H synthase 2; Prostaglandin G/H synthase 1; Peroxisome proliferator-activated receptor alpha; Peroxisome proliferator-activated receptor gamma,,,For relief of the signs and symptoms of rheumatoid arthritis and osteoarthritis. Also for the relief of mild to moderate pain.,approved,"Fenoprofen's exact mode of action is unknown, but it is thought that prostaglandin synthetase inhibition is involved. Fenoprofen has been shown to inhibit prostaglandin synthetase isolated from bovine seminal vesicles.",https://www.ncbi.nlm.nih.gov/books/NBK547969/,"""Rare idiosyncratic hepatotoxicity, possibly due to reactive metabolites formed during hepatic metabolism; injury pattern can be hepatocellular or cholestatic with occasional mild hypersensitivity features such as rash and low-grade fever; autoimmunity uncommon; cross-reactivity with other propionic acid NSAIDs possible."""
fialuridine,vMost-DILI-Concern,C1=C(C(=O)NC(=O)N1[C@H]2[C@H]([C@@H]([C@H](O2)CO)O)F)I,1,Metabolic,Fialuridine,,,DNA polymerase catalytic subunit,,,,investigational,,https://www.ncbi.nlm.nih.gov/books/NBK547917/,Acute Fatty Liver with Lactic Acidosis and Hepatic Dysfunction«D§¿? [FIAU] ¬O²Ä¤@­Ó¥Î©óªvÀøºC©Ê¤A«¬¨xª¢ªº¤fªA®Ö?Ãþ¦üª«¡A¦ý¦b¬ü°ê°ê¥ß½Ã¥Í¬ã¨s°|¶i¦æªº¤@¶µ 2 ´Á¸ÕÅç¤¤µo²{¥¦·|¾É­P­P©Rªº¨x·l¶Ë¦Ó³Q©ñ±ó¡C
fiduxosin ,vMost-DILI-Concern,COC1=CC=CC2=C1[C@@H]3CN(C[C@@H]3CO2)CCCCN4C(=O)C5=C(C6=NC(=CN=C6S5)C7=CC=CC=C7)NC4=O,1,No Data,,,,,,,,,,,Limited data; no evidence of liver injury
fipexide,vMost-DILI-Concern,C1CN(CCN1CC2=CC3=C(C=C2)OCO3)C(=O)COC4=CC=C(C=C4)Cl,1,Metabolic,Fipexide,N06BX05,N06B,,,,,experimental,,withdrawn,Massive liver cell necrosis; fulminant liver failure; emergency liver transplantation
fluconazole,vMost-DILI-Concern,C1=CC(=C(C=C1F)F)C(CN2C=NC=N2)(CN3C=NC=N3)O,1,Immune,Fluconazole,J01RA07,J01R,Lanosterol 14-alpha demethylase,Cytochrome P450 3A5; Cytochrome P450 3A4; Cytochrome P450 2C9; Cytochrome P450 2C19,ATP-dependent translocase ABCB1,"Fluconazole can be administered in the treatment of the following fungal infections[L11043]:

 1) Vaginal yeast infections caused by Candida
 2) Systemic Candida infections
 3) Both esophageal and oropharyngeal candidiasis 
 4) Cryptococcal meningitis
 5) UTI (urinary tract infection) by Candida
 6) Peritonitis (inflammation of the peritoneum) caused by Candida

**A note on fungal infection prophylaxis**

Patients receiving bone marrow transplantation who are treated with cytotoxic chemotherapy and/or radiation therapy may be predisposed to candida infections, and may receive fluconazole as prophylactic therapy.[L11043]

**A note on laboratory testing**

Obtaining specimens for fungal culture and other important laboratory studies such as serology or pathology is advised before starting fluconazole therapy in order to isolate the organisms to be eliminated through treatment. It is permissible to start therapy before the results are available, however, adjusting the therapy once laboratory results confirm the causative organism may be necessary.[L11043]",approved; investigational,"Fluconazole is a very selective inhibitor of fungal cytochrome P450 dependent enzyme _lanosterol 14-Î±-demethylase_. This enzyme normally works to convert _lanosterol_ to _ergosterol_, which is necessary for fungal cell wall synthesis.  The free nitrogen atom located on the azole ring of fluconazole binds with a single iron atom located in the heme group of lanosterol 14-Î±-demethylase.[A178774] This prevents oxygen activation and, as a result, inhibits the demethylation of lanosterol, halting the process of ergosterol biosynthesis.[A178777]  Methylated sterols are then found to accumulate in the fungal cellular membrane, leading to an arrest of fungal growth.[A178774] These accumulated sterols negatively affect the structure and function of the fungal cell plasma membrane.[A16632]

Fluconazole resistance may arise from an alteration in the amount or function of the target enzyme (lanosterol 14-Î±-demethylase), altered access to this enzyme, or a combination of the above.[A16632] Other mechanisms may also be implicated, and studies are ongoing.[A178783]",https://www.ncbi.nlm.nih.gov/books/NBK548300/,"¡§Idiosyncratic immune-mediated DILI; often hepatocellular pattern; associated with rash, fever, eosinophilia; fatal cases rare but reported¡¨¦h¬° hepatocellular pattern¡A¦ñÀHµo¿N¡B¥Ö¯l¡B¶Ý»Ä©Ê²y¼W¥[ ¬° CYP3A4 ±j§í¨î¾¯¡A¦ý¨x·l¶Ë¨Ã«D¥D­n³z¹LÃÄª«¥æ¤¬§@¥Î¶¡±µ¤Þ°_¡C"
flutamide,vMost-DILI-Concern,CC(C)C(=O)NC1=CC(=C(C=C1)[N+](=O)[O-])C(F)(F)F,1,Metabolic,Flutamide,L02BB01,L02B,Androgen receptor; Aryl hydrocarbon receptor; Nuclear receptor subfamily 1 group I member 2,Cytochrome P450 1A1; Cytochrome P450 1B1; Cytochrome P450 3A5; Cytochrome P450 1A2; Cytochrome P450 3A4,Multidrug resistance-associated protein 1,For the management of locally confined Stage B2-C and Stage D2 metastatic carcinoma of the prostate,approved; investigational,"Flutamide is a nonsteroidal antiandrogen that blocks the action of both endogenous and exogenous testosterone by binding to the androgen receptor. In addition Flutamide is a potent inhibitor of testosterone-stimulated prostatic DNA synthesis. Moreover, it is capable of inhibiting prostatic nuclear uptake of androgen.",https://www.ncbi.nlm.nih.gov/books/NBK548908/,"""Extensive hepatic metabolism via CYP3A4 generates a toxic intermediate; idiosyncratic hepatocellular injury is typical; injury can be severe and sometimes fatal; allergic features and autoantibodies are rare."""
fosphenytoin,vMost-DILI-Concern,C1=CC=C(C=C1)C2(C(=O)N(C(=O)N2)COP(=O)(O)O)C3=CC=CC=C3,1,Immune,Fosphenytoin,N03AB05,N03A,Sodium channel protein type 5 subunit alpha,Cytochrome P450 1A2; UDP-glucuronosyltransferase 1-6; UDP-glucuronosyltransferase 1A9; Cytochrome P450 2C19; Cytochrome P450 2B6; Cytochrome P450 2C9; Cytochrome P450 3A4,,"Fosphenytoin is indicated for the treatment of generalized tonic-clonic status epilepticus and for the prevention and treatment of seizures occurring during neurosurgery in adult patients. It can also be substituted, short-term, for oral phenytoin in patients aged two years and older when oral phenytoin administration is not possible.[L20619]",approved; investigational,"Fosphenytoin is a prodrug of phenytoin and accordingly, its anticonvulsant effects are attributable to phenytoin. Phenytoin acts on sodium channels on the neuronal cell membrane, limiting the spread of seizure activity and reducing seizure propagation. By promoting sodium efflux from neurons, phenytoin tends to stabilize the threshold against hyperexcitability caused by excessive stimulation or environmental changes capable of reducing membrane sodium gradient. This includes the reduction of post-tetanic potentiation at synapses. Loss of post-tetanic potentiation prevents cortical seizure foci from detonating adjacent cortical areas.",https://www.ncbi.nlm.nih.gov/books/NBK547879/,"""Converted to phenytoin, a well-known cause of immune-mediated liver injury including immunoallergic hepatitis and DRESS syndrome. Hepatotoxicity is typically idiosyncratic and immunoallergic in mechanism.""­ì¤å©ú¥Ü»P phenytoin ¦@³qªº¾÷¨î¬° immunoallergic¡A¥i»¤µo¡GDRESS syndrome¡]ÃÄª«¤ÏÀ³¦ñ¶Ý»Ä©Ê²y¼W¦h»P¥þ¨­¯gª¬¡^¡FStevens-Johnson syndrome§K¬Ì©Ê¨xª¢¡]eosinophilia¡B¥Ö¯l¡B¶ÝºÎ¡^"
gefitinib,vMost-DILI-Concern,COC1=C(C=C2C(=C1)N=CN=C2NC3=CC(=C(C=C3)F)Cl)OCCCN4CCOCC4,1,Metabolic,Gefitinib,L01EB01,L01E,Epidermal growth factor receptor,Cytochrome P450 3A5; Cytochrome P450 1A1; Cytochrome P450 2C9; Cytochrome P450 2C19; Cytochrome P450 3A4; Cytochrome P450 2D6,ATP-dependent translocase ABCB1; Broad substrate specificity ATP-binding cassette transporter ABCG2,For the continued treatment of patients with locally advanced or metastatic non-small cell lung cancer after failure of either platinum-based or docetaxel chemotherapies.,approved; investigational,"Gefitinib is an inhibitor of the epidermal growth factor receptor (EGFR) tyrosine kinase that binds to the adenosine triphosphate (ATP)-binding site of the enzyme. EGFR is often shown to be overexpressed in certain human carcinoma cells, such as lung and breast cancer cells. Overexpression leads to enhanced activation of the anti-apoptotic Ras signal transduction cascades, subsequently resulting in increased survival of cancer cells and uncontrolled cell proliferation. Gefitinib is the first selective inhibitor of the EGFR tyrosine kinase which is also referred to as Her1 or ErbB-1. By inhibiting EGFR tyrosine kinase, the downstream signaling cascades are also inhibited, resulting in inhibited malignant cell proliferation.",https://www.ncbi.nlm.nih.gov/books/NBK548839/,"""Likely idiosyncratic hepatocellular injury; associated with CYP3A4 metabolism and possible formation of toxic or immunogenic intermediates; serum aminotransferase elevations common, rare severe or fatal cases reported."""
gemcitabine,vMost-DILI-Concern,C1=CN(C(=O)N=C1N)[C@H]2C([C@@H]([C@H](O2)CO)O)(F)F,1,Metabolic,Gemcitabine,L01BC05,L01B,DNA; Ribonucleoside-diphosphate reductase subunit M2; Ribonucleoside-diphosphate reductase large subunit; Thymidylate synthase; UMP-CMP kinase,"Thymidine kinase 2, mitochondrial; UMP-CMP kinase; Nucleoside diphosphate kinase A; Cytidine deaminase; Deoxycytidine kinase",ATP-dependent translocase ABCB1; ATP-binding cassette sub-family C member 10; Equilibrative nucleoside transporter 1; Sodium/nucleoside cotransporter 1; Equilibrative nucleoside transporter 2; Solute carrier family 28 member 3,"Gemcitabine is a chemotherapeutic agent used as monotherapy or in combination with other anticancer agents. 

In combination with [carboplatin], it is indicated for the treatment of advanced ovarian cancer that has relapsed at least 6 months after completion of platinum-based therapy.[L32950]

Gemcitabine in combination with [paclitaxel] is indicated for the first-line treatment of patients with metastatic breast cancer after failure of prior anthracycline-containing adjuvant chemotherapy, unless anthracyclines were clinically contraindicated.[L32950]

In combination with [cisplatin], gemcitabine is indicated for the first-line treatment of patients with inoperable, locally advanced (Stage IIIA or IIIB) or metastatic (Stage IV) non-small cell lung cancer (NSCLC).[L32950] Dual therapy with cisplatin is also used to treat patients with Stage IV (locally advanced or metastatic) transitional cell carcinoma (TCC) of the bladder.[L32955]

Gemcitabine is indicated as first-line treatment for patients with locally advanced (nonresectable Stage II or Stage III) or metastatic (Stage IV) adenocarcinoma of the pancreas. Gemcitabine is indicated for patients previously treated with [fluorouracil].[L32950]",approved,"Gemcitabine is a potent and specific deoxycytidine analog. After uptake into malignant cells, gemcitabine is phosphorylated by deoxycytidine kinase to form gemcitabine monophosphate, which is then converted to the active compounds, gemcitabine diphosphate (dFdCDP) and gemcitabine triphosphate (dFdCTP). These active metabolites are nucleosides that mediate antitumour effects. dFdCTP competes with deoxycytidine triphosphate (dCTP) for incorporation into DNA, thereby competitively inhibiting DNA chain elongation. The non-terminal position of dFdCTP in the DNA chain prevents detection of dFdCTP in the chain and repair by proof-reading 3????exonuclease: this process is referred to as ""masked DNA chain termination."" Incorporation of dFdCTP into the DNA chain ultimately leads to chain termination, DNA fragmentation, and apoptotic cell death of malignant cells.[A233140,A233145,L32950]

Gemcitabine has self-potentiating pharmacological actions that can increase the probability of successful incorporation of gemcitabine triphosphate into the DNA chain: dFdCDP inhibits ribonucleotide reductase, an enzyme responsible for catalyzing the reactions that generate dCTP for DNA synthesis. Since dFdCDP reduces the levels of dCTP, there is less competition for gemcitabine triphosphate for incorporation into DNA.[A233140,L32950] Gemcitabine can also reduce metabolism and elimination of active metabolites from the target ce1l, prolonging high intracellular concentrations of the active metabolites. Such self-potentiating effects are not present with [cytarabine].[A233140]",https://www.ncbi.nlm.nih.gov/books/NBK548575/,"""Mild direct hepatotoxicity likely causes frequent ALT/AST elevations; rare severe cholestatic injury or sinusoidal obstruction syndrome may occur, especially in patients with preexisting liver disease or metastases; HBV reactivation also reported."""
gemfibrozil,vMost-DILI-Concern,CC1=CC(=C(C=C1)C)OCCCC(C)(C)C(=O)O,1,Metabolic,Gemfibrozil,C10AB04,C10A,Peroxisome proliferator-activated receptor alpha; Lipoprotein lipase; Solute carrier organic anion transporter family member 1B1; Organic anion transporter 3; Solute carrier organic anion transporter family member 2B1; Solute carrier organic anion transporter family member 1B3,Cytochrome P450 2C8; Cytochrome P450 2C19; Cytochrome P450 2C9; Cytochrome P450 1A2; Cytochrome P450 3A4; UDP-glucuronosyltransferase 2B7; UDP-glucuronosyltransferase 1A1; UDP-glucuronosyltransferase 1A3; UDP-glucuronosyltransferase 1A9; UDP-glucuronosyltransferase 2B4; UDP-glucuronosyltransferase 2B17,,"Gemfibrozil is indicated to treat patients with Types IV and V hyperlipidemia who have elevated serum triglycerides (usually above 2000mg/dL), elevated VLDL cholesterol, fasting chylomicrons, are at risk of developing pancreatitis, and do not adequately respond to dietary restrictions.[L8525] Gemfibrozil is also indicated to reduce the risk of developing coronary heart disease in patients with Type IIb hyperlipidemia without history or symptoms of coronary heart disease; who do not adequately respond to weight loss, diet, exercise, and other medications; and have low HDL, raised LDL, and raised triglycerides.[L8525]",approved,"Gemfibrozil activates peroxisome proliferator-activated receptor-Î± (PPARÎ±), which alters lipid metabolism.[A185777] This activation leads to increased HDL, apo AI, apo AII, lipoprotein lipase (LPL), inhibition of apo B synthesis, peripheral lipolysis, decreased removal of free fatty acids by the liver, and increased clearance of apoB.[A185390,A185777,L8525]

Upregulated LPL reduces plasma triglyceride levels.[A185390,A185777,L8525] Decreased hepatic removal of fatty acids decreases the production of triglycerides.[A185390,A185777,L8525] The effects on apoB synthesis and clearance decrease VLDL production which also reduce plasma triglyceride levels.[A185390,A185777,L8525]

Gemfibrozil's glucuronide metabolite is also an inhibitor of CYP2C8.[A185783]",https://www.ncbi.nlm.nih.gov/books/NBK547926/,"""Rare idiosyncratic hepatotoxicity; usually mild and self-limited; variable latency and enzyme pattern; no clear immunoallergic or autoimmune features observed."""
glafenine,vMost-DILI-Concern,C1=CC=C(C(=C1)C(=O)OCC(CO)O)NC2=C3C=CC(=CC3=NC=C2)Cl,1,Metabolic/Immune,Glafenine,N02BG03,N02B,,,,,withdrawn,,withdrawn,Reactive metabolite formation; immune activation; withdrawn due to hepatotoxicity and hypersensitivity
griseofulvin,vMost-DILI-Concern,C[C@@H]1CC(=O)C=C([C@]12C(=O)C3=C(O2)C(=C(C=C3OC)OC)Cl)OC,1,Immune,Griseofulvin,D01BA01,D01B,"Tubulin beta chain; Keratin, type I cytoskeletal 12",Cytochrome P450 1A2; Cytochrome P450 3A4,,"For the treatment of ringworm infections of the skin, hair, and nails, namely: tinea corporis, tinea pedis, tinea cruris, tinea barbae, cradle cap or other conditions caused by <i>Trichophyton</i> or <i>Microsporum</i> fungi.",approved; investigational; vet_approved,"Griseofulvin is fungistatic, however the exact mechanism by which it inhibits the growth of dermatophytes is not clear. It is thought to inhibit fungal cell mitosis and nuclear acid synthesis. It also binds to and interferes with the function of spindle and cytoplasmic microtubules by binding to alpha and beta tubulin. It binds to keratin in human cells, then once it reaches the fungal site of action, it binds to fungal microtubes thus altering the fungal process of mitosis.",https://www.ncbi.nlm.nih.gov/books/NBK548177/,"""Cholestatic liver injury with rare hypersensitivity features (fever, rash, eosinophilia, DRESS); likely idiosyncratic and possibly immune-mediated.""ÁöµM«D¨å«¬¡A¦ý¨x·l¶Ë¤¤°¸¦³¡G§K¬Ì¹L±Ó¯S¼x¡]fever¡Brash¡Beosinophilia¡^¡FDRESS syndrome
"
hydroxyurea,vMost-DILI-Concern,C(=O)(N)NO,1,Immune,Hydroxyurea,L01XX05,L01X,Ribonucleoside-diphosphate reductase large subunit; Ribonucleoside-diphosphate reductase subunit M2,Urease subunit alpha,Solute carrier organic anion transporter family member 1A2; Solute carrier organic anion transporter family member 1B1; Solute carrier organic anion transporter family member 1B3; Urea transporter 2; Urea transporter 1; Solute carrier family 22 member 4; Organic cation/carnitine transporter 2,"Hydroxyurea is indicated to reduce the frequency of painful crises and to reduce the need for blood transfusions in adult and pediatric patients, 2 years of age and older, with sickle cell anemia with recurrent moderate to severe painful crises.[L41150]",approved,"The precise mechanism by which hydroxyurea produces its antineoplastic effects cannot, at present, be described. However, the reports of various studies in rat and human tissue cultures lend support to the hypothesis that hydroxyurea causes an immediate inhibition of DNA synthesis, by acting as a ribonucleotide reductase inhibitor, without interfering with the synthesis of ribonucleic acid or of protein. Hydroxyurea probably acts by decreasing the rate of conversion of ribonucleotides and deoxyribonucleotides. This effect is particularly apparent in cells with a high rate of proliferation.[L47142] Particularly, hydroxyurea reduces the tyrosyl free radical at the active site of the M2 via a one-electron transfer reaction through the ?“NH2-OH moiety.[A262596]

Three mechanisms have been postulated for the potentiation of the therapeutic effects of irradiation by hydroxyurea on squamous cell (epidermoid) carcinomas of the head and neck. In vitro studies utilizing Chinese hamster cells suggest that hydroxyurea is lethal to normally radioresistant S-stage cells and holds other cells of the cell cycle in the G1 or pre-DNA synthesis stage where they are most susceptible to the effects of irradiation. The third mechanism of action has been theorized on the basis of in vitro studies of HeLa cells: it appears that hydroxyurea, by inhibition of DNA synthesis, hinders the normal repair process of cells damaged but not killed by irradiation, thereby decreasing their survival rate; there is no alteration of RNA and protein syntheses.[L47142]

Another proposed mechanism of action of hydroxyurea is the elevation of HbF concentrations in Sickle Cell Disease patients. HbF interferes with the polymerization of HbS (sickle haemoglobin) and thus impedes the sickling of red blood cell. Recently, hydroxyurea has shown to be associated with the generation of nitric oxide, suggesting that nitric oxide stimulates cyclic guanosine monophosphates (cGMP) production, which then activates a protein kinase and increases the production of HbF. Other known pharmacological effects of hydroxycarbamide which may contribute to its beneficial effects in Sickle Cell Disease include decrease of neutrophils, improved deformability of sickled cells, and altered adhesion of red blood cells to the endothelium.[L47137]",https://www.ncbi.nlm.nih.gov/books/NBK548724/,"""Two patterns of hepatotoxicity reported: (1) Drug fever with mild immune-mediated hepatitis typically within 1¡V3 weeks, resolves on cessation, recurs upon rechallenge; (2) Rare idiosyncratic acute hepatitis, sometimes severe, seen especially in HIV patients on co-therapy, possibly due to drug-drug interactions."""
ibufenac,vMost-DILI-Concern,CC(C)CC1=CC=C(C=C1)CC(=O)O,1,Metabolic/Immune,,,,,,,,,,withdrawn,Idiosyncratic liver injury; possible reactive metabolites; cholestatic ¡Ó hepatocellular pattern
imatinib,vMost-DILI-Concern,CC1=C(C=C(C=C1)NC(=O)C2=CC=C(C=C2)CN3CCN(CC3)C)NC4=NC=CC(=N4)C5=CN=CC=C5,1,Immune,Imatinib,L01EA01,L01E,Breakpoint cluster region protein; Induced myeloid leukemia cell differentiation protein Mcl-1; Mast/stem cell growth factor receptor Kit; Proto-oncogene tyrosine-protein kinase receptor Ret; Platelet-derived growth factor receptor alpha; Tyrosine-protein kinase ABL1; Platelet-derived growth factor receptor beta; High affinity nerve growth factor receptor; Macrophage colony-stimulating factor 1 receptor; Epithelial discoidin domain-containing receptor 1; Discoidin domain-containing receptor 2,Cytochrome P450 3A4; Cytochrome P450 3A5; Cytochrome P450 3A7; Cytochrome P450 1A2; Cytochrome P450 2C9; Cytochrome P450 2D6; Cytochrome P450 2C19; Cytochrome P450 2C8,Solute carrier family 22 member 1; ATP-dependent translocase ABCB1; Solute carrier family 22 member 2; Broad substrate specificity ATP-binding cassette transporter ABCG2; Phospholipid-transporting ATPase ABCA3; Bile salt export pump; ATP-binding cassette sub-family C member 2; Multidrug resistance-associated protein 1; Organic cation/carnitine transporter 2; Solute carrier organic anion transporter family member 1B3; ATP-binding cassette sub-family C member 4; Solute carrier organic anion transporter family member 1A2,"Imatinib is indicated for the treatment of adult and pediatric chronic myeloid leukemia with Philadelphia chromosome mutation (Ph+) in blast crisis, accelerated phase, or chronic phase after IFN-alpha therapy failure.[L42080] Additionally, imatinib is also indicated to treat adult and pediatric Ph+ acute lymphoblastic leukemia, adult myelodysplastic/myeloproliferative diseases, adult aggressive systemic mastocytosis, adult hypereosinophilic syndrome and/or chronic eosinophilic leukemia (CEL), adult dermatofibrosarcoma protuberans, and malignant gastrointestinal stromal tumors (GIST).[L42080]",approved,"Imatinib mesylate is a protein-tyrosine kinase inhibitor that inhibits the BCR-ABL tyrosine kinase, the constitutively active tyrosine kinase created by the Philadelphia chromosome abnormality in CML.[L42080]Although the function of normal BCR is still unclear, ABL activation is overexpressed in various tumors and is heavily implicated in cancer cells growth and survival.[A249305,A249310] Imatinib inhibits the BCR-ABL protein by binding to the ATP pocket in the active site, thus preventing downstream phosphorylation of target protein.[A249305]

Imatinib is also an inhibitor of the receptor tyrosine kinases for platelet-derived growth factor (PDGF) and stem cell factor
(SCF), c-Kit, and inhibits PDGF- and SCF-mediated cellular events. In vitro, imatinib inhibits proliferation and induces
apoptosis in GIST cells, which express an activating c-Kit mutation.[L42080]",https://www.ncbi.nlm.nih.gov/books/NBK547959/,"""Multiple forms of hepatotoxicity: (1) Idiosyncratic immune-mediated hepatitis (latency 2¡V6 months, some response to prednisone, possible recurrence); (2) Reactivation of hepatitis B with ALT flares and viral DNA surge; (3) Asymptomatic transient ALT/AST elevation. Hepatocellular pattern most common. Fatalities and cirrhosis reported."""
indomethacin,vMost-DILI-Concern,CC1=C(C2=C(N1C(=O)C3=CC=C(C=C3)Cl)C=CC(=C2)OC)CC(=O)O,1,Metabolic,Indomethacin,S01CC02,S01C,"Prostaglandin G/H synthase 2; Phospholipase A2, membrane associated; Human Cyclooxygenases; Prostaglandin G/H synthase 1; Prostaglandin reductase 2; Peroxisome proliferator-activated receptor gamma; Lactoylglutathione lyase; Prostaglandin D2 receptor 2; Peroxisome proliferator-activated receptor alpha; Aldo-keto reductase family 1 member C3; Interferon-induced, double-stranded RNA-activated protein kinase",Cytochrome P450 2C19; Cytochrome P450 2C9; Liver carboxylesterase 1; UDP-glucuronosyltransferase 1A9; UDP-glucuronosyltransferase 1A1; UDP-glucuronosyltransferase 2B7,ATP-binding cassette sub-family C member 3; ATP-binding cassette sub-family C member 4; ATP-binding cassette sub-family C member 6; ATP-dependent translocase ABCB1; Multidrug resistance-associated protein 1; Solute carrier organic anion transporter family member 1A2; Solute carrier family 22 member 6; Organic anion transporter 3; ATP-binding cassette sub-family C member 2; ATP-binding cassette sub-family C member 11; Solute carrier family 22 member 11; Hepatic sodium/bile acid cotransporter; Solute carrier family 22 member 7; Solute carrier organic anion transporter family member 1B1; Bile salt export pump,"Oral indometacin is indicated for symptomatic management of moderate to severe rheumatoid arthritis including acute flares of chronic disease, moderate to severe ankylosing spondylitis, moderate to severe osteoarthritis, acute painful shoulder (bursitis and/or tendinitis) and acute gouty arthritis.[A177871,L6778]
 
Intravenous indometacin is indicated to induce closure of a hemodynamically significant patent ductus arteriosus in premature infants weighing between 500 and 1750 g when after 48 hours usual medical management (e.g., fluid restriction, diuretics, digitalis, respiratory support, etc.) is ineffective.[L10553]",approved; investigational,"Indometacin is a nonspecific and reversible inhibitor of the cyclo-oxygenase (COX) enzyme or prostaglandin G/H synthase. There are two identified isoforms of COX: COX-1 is universally present in most body tissues and is involved in the synthesis of the prostaglandins and thromboxane A2, while COX-2 is expressed in response to injury or inflammation.[A177871] Constitutively expressed, the COX-1 enzyme is involved in gastric mucosal protection, platelet, and kidney function by catalyzing the conversion of arachidonic acid to prostaglandin (PG) G2 and PGG2 to PGH2.[A177871] COX-2 is constitutively expressed and highly inducible by inflammatory stimuli. It is found in the central nervous system, kidneys, uterus, and other organs. COX-2 also catalyzes the conversion of arachidonic acid to PGG2 and PGG2 to PGH2. In the COX-2-mediated pathway, PGH2 is further converted to PGE2 and PGI2 (also known as prostacyclin). PGE2 is involved in mediating inflammation, pain, and fever. Decreasing levels of PGE2 leads to reduced inflammatory reactions. Indometacin is known to inhibit both isoforms of COX, however, with greater selectivity for COX-1, which accounts for its increased adverse gastric effects relative to other NSAIDs. It binds to the enzyme's active site and prevents the interaction between the enzyme and its substrate, arachidonic acid. Indometacin, unlike other NSAIDs, also inhibits phospholipase A2, the enzyme responsible for releasing arachidonic acid from phospholipids. The analgesic, antipyretic and anti-inflammatory effects of indomethacin as well as adverse reactions associated with the drug occur as a result of decreased prostaglandin synthesis. Its antipyretic effects may be due to action on the hypothalamus, resulting in increased peripheral blood flow, vasodilation, and subsequent heat dissipation.

The exact mechanism of action of indometacin in inducing closure of a patent ductus arteriosus is not fully understood; however, it is thought to be through inhibition of prostaglandin synthesis.[L6778] At birth, the ductus arteriosus is normally closed as the tension of the oxygen increases significantly after birth.[A177880] Patent ductus arteriosus in premature infants is associated with congenital heart malformations where PGE1 mediates an opposite effect to that of oxygen. PGE1 dilates the ductus arteriosus through smooth muscle relaxation and prevents the closure of the ductus arteriosus.[A177880] By inhibiting the synthesis of prostaglandins, indometacin promotes the closure of ductus arteriosus.[L10553]

Indometacin has been described as possessing anticancer and antiviral properties through activation of protein kinase R (PKR) and downstream phosphorylation of eIF2Î±, inhibiting protein synthesis.[A234429, A234434]",https://www.ncbi.nlm.nih.gov/books/NBK548001/,"""Rare idiosyncratic hepatocellular, cholestatic, or mixed liver injury; onset typically 1¡V8 weeks after initiation. Fatal cases reported, particularly with high doses or underlying liver disease. Mechanism likely related to toxic metabolic intermediates. Cross-sensitivity among NSAIDs unclear."""
iproniazid,vMost-DILI-Concern,CC(C)NNC(=O)C1=CC=NC=C1,1,Metabolic / Immune,Iproniazid,N06AF05,N06A,Amine oxidase [flavin-containing] A; Amine oxidase [flavin-containing] B,Cytochrome P450 2D6; Cytochrome P450 2C9; Amine oxidase [flavin-containing] A; Amine oxidase [flavin-containing] B,,For the treatment of depression (originally intended to treat tuberculosis).,withdrawn,,https://pubmed.ncbi.nlm.nih.gov/702322/?utm_source=chatgpt.com,"""Metabolic bioactivation via hydrazine to isopropyl?hydrazine ¡÷ alkylating metabolite causing covalent binding and liver necrosis; immunoallergic component indicated by anti?mitochondrial antibodies in some cases""Iproniazid ¸g P450 ¥NÁÂ¦¨ isopropyl?hydrazine¡A¦A¶i¤@¨B§Î¦¨°ª«×¤ÏÀ³©Ê alkylating metabolite¡A»P¨x²ÕÂ´³J¥Õ¦@»ùµ²¦X¡A¤Þµo¨x²Ó­MÃa¦º¡A¬°¨å«¬¥NÁÂ¬¡¤Æ¾É­Pªº¨x¬r©Ê¾÷Âà¡F¯f¨Ò¤¤µo²{ §Ü½u²ÉÅé¦ÛÅé§ÜÅé¡]anti?M6¡^¡A·t¥Ü¦b³¡¤À iproniazid ¨xª¢¯f¨Ò¤¤¦s¦b§K¬Ì¹L±Ó©Ê¤ÏÀ³¾÷Âà"
isaxonine,vMost-DILI-Concern,CC(C)NC1=NC=CC=N1,1,Metabolic,,,,,,,,,,withdrawn,Massive liver cell necrosis; fulminant liver failure; emergency liver transplantation
isoniazid,vMost-DILI-Concern,C1=CN=CC=C1C(=O)NN,1,Metabolic/Immune,Isoniazid,J04AM04,J04A,Catalase-peroxidase; Enoyl-[acyl-carrier-protein] reductase [NADH]; Cytochrome P450 2C8; Cytochrome P450 1A2; Cytochrome P450 3A4; Cytochrome P450 2C19; Dihydrofolate reductase,Arylamine N-acetyltransferase 2; Arylamine N-acetyltransferase; Cytochrome P450 2A6; Cytochrome P450 2C8; Cytochrome P450 2E1; Cytochrome P450 1A2; Cytochrome P450 2C9; Cytochrome P450 2D6; Cytochrome P450 2C19; Cytochrome P450 3A4,,Isoniazid is used for the treatment of all forms of tuberculosis in which organisms are susceptible. It is also used in combination with rifampin and pyrazinamide.[L45369],approved; investigational,"Isoniazid is a prodrug and must be activated by bacterial catalase. Specficially, activation is associated with reduction of the mycobacterial ferric KatG catalase-peroxidase by hydrazine and reaction with oxygen to form an oxyferrous enzyme complex. Once activated, isoniazid inhibits the synthesis of mycoloic acids, an essential component of the bacterial cell wall. At therapeutic levels isoniazid is bacteriocidal against actively growing intracellular and extracellular <i>Mycobacterium tuberculosis</i> organisms. Specifically isoniazid inhibits InhA, the enoyl reductase from <i>Mycobacterium tuberculosis</i>, by forming a covalent adduct with the NAD cofactor. It is the INH-NAD adduct that acts as a slow, tight-binding competitive inhibitor of InhA.",https://www.ncbi.nlm.nih.gov/books/NBK548754/,"""Isoniazid causes idiosyncratic hepatocellular liver injury with typical onset from 2 weeks to 6 months after therapy start. Injury is thought to be caused by accumulation of toxic metabolites due to N-acetylation polymorphism and CYP2E1 metabolism, with immune-mediated mechanisms suggested by rapid recurrence upon rechallenge. Risk factors include older age, preexisting liver disease, slow acetylator genotype, alcohol use, and combination with other antituberculosis drugs. Clinical presentation mimics acute viral hepatitis with hepatocellular enzyme elevation and jaundice."""
isotretinoin,vMost-DILI-Concern,CC1=C(C(CCC1)(C)C)/C=C/C(=C/C=C/C(=C\C(=O)O)/C)/C,1,Metabolic,Isotretinoin,D10AD04,D10A,Retinoic acid receptor gamma; Retinoic acid receptor alpha,Cytochrome P450 3A4,,"Isotretinoin is indicated to treat severe recalcitrant nodular acne and patients ??2 years enrolled in the iPLEDGE program.[Label,L6579]",approved,"Isotretinoin produces its effects through altering progress through the cell cycle, cell differentiation, survival, and apoptosis.[A179091] These actions reduce sebum production, preventing the blockage of pores, and growth of acne causing bacteria.[A179091] Isotretinoin and 4-oxo-isotretinoin both significantly reduce the production of sebum.[A179091,Label] Isotretinoin has little to no affinity for retinol binding proteins (RBPs) and retinoic acid nuclear receptors (RARs).[A179091] Tretinoin and 4-oxo-tretinion bind to the RAR-Î³ receptor, which is suspected to be part of the action of acne treatment by isotretinoin.[A179091] Isotretinoin induces apoptosis in sebocytes, leading to a decrease in sebum production.[A179091] Isotretinoin also reduces the formation of comedones by reducing hyperkeratinization through an unknown mechanism.[A179091] Isotretinoin does not directly kill bacteria but it does reduce the size of sebum ducts and makes the microenvironment less hospitable to acne causing bacteria.[A179091] It may also increase immune mechanisms and alter chemotaxis of monocytes to reduce inflammation.[A179091]

There is preliminary evidence suggesting isotretinoin may interact with FoxO1, which may explain a substantial number of isotretinoin's unexplained actions.[A179122]",https://www.ncbi.nlm.nih.gov/books/NBK547857/,"""Up to 15% of patients develop aminotransferase elevations, usually asymptomatic and self-limited. Clinically apparent liver injury is exceedingly rare. Mechanism suspected to be direct hepatocellular toxicity, more frequent at high doses. Vitamin A-like lipid accumulation in hepatic stellate cells possible."""
itraconazole,vMost-DILI-Concern,CCC(C)N1C(=O)N(C=N1)C2=CC=C(C=C2)N3CCN(CC3)C4=CC=C(C=C4)OC[C@H]5CO[C@](O5)(CN6C=NC=N6)C7=C(C=C(C=C7)Cl)Cl,1,Cholestatic,Itraconazole,J02AC02,J02A,Lanosterol 14-alpha demethylase; Lanosterol 14-alpha demethylase,Cytochrome P450 3A4; Cytochrome P450 3A5; Cytochrome P450 3A7; Cytochrome P450 3A Subfamily; Cytochrome P450 2B6; Cytochrome P450 1A1; Cytochrome P450 2E1,ATP-dependent translocase ABCB1; Broad substrate specificity ATP-binding cassette transporter ABCG2; Solute carrier organic anion transporter family member 2B1,"Itraconazole is indicated for the treatment of the following fungal infections in immunocompromised and non-immunocompromised patients:[L50051, L50056]

- Blastomycosis, pulmonary and extrapulmonary
- Histoplasmosis, including chronic cavitary pulmonary disease and disseminated, nonmeningeal histoplasmosis, and
- Aspergillosis, pulmonary and extrapulmonary, in patients who are intolerant of or who are refractory to amphotericin B therapy

It is also indicated for the treatment of the following fungal infections in non-immunocompromised patients:[L50051]

- Onychomycosis of the toenail, with or without fingernail involvement, due to dermatophytes (tinea unguium)
- Onychomycosis of the fingernail due to dermatophytes (tinea unguium).

Itraconazole oral solution is indicated for the treatment of oropharyngeal and esophageal candidiasis.[L50061]",approved; investigational,"Itraconazole mediates its antifungal activity by inhibiting 14Î±-demethylase, a fungal cytochrome P450 enzyme that converts lanosterol to ergosterol, a vital component of fungal cell membranes.[L50051] The azole nitrogen atoms in the chemical structure of itraconazole form a complex with the active site, or the haem iron, of the fungal enzyme to impede its function.[A34257, A263232] The accumulation of lanosterol and 14-methylated sterols results in increased permeability of the fungal cell membrane, and modified membrane-bound enzyme activity, and dysregulated chitin synthesis.[A34257, A263222, A263227] Other proposed mechanisms of action of itraconazole include the inhibition of fungal cytochrome c oxidative and peroxidative enzymes that also lead to the disruption of fungal cell membranes.[A34257]",https://www.ncbi.nlm.nih.gov/books/NBK548273/,¡§Primarily cholestatic DILI; rare hepatocellular and severe cases exist; likely related to sterol synthesis alteration and CYP3A4 inhibition; rare chronic cholestasis reported¡¨¥HÁx¥ÄÆ{¿n«¬¡]cholestatic¡^¬°¥D¡F¤Ö¼Æ¬° hepatocellular CYP3A4 §í¨î¾¯ ¡÷ ÃÄª«¥æ¤¬§@¥ÎÅãµÛ¡A¦ý DILI «Dª½±µ¥Ñ¥NÁÂ²£ª«¤Þ°_
ketoconazole,vMost-DILI-Concern,CC(=O)N1CCN(CC1)C2=CC=C(C=C2)OC[C@@H]3CO[C@@](O3)(CN4C=CN=C4)C5=C(C=C(C=C5)Cl)Cl,1,Metabolic/Cholestatic,Ketoconazole,G01AF11,G01A,"Lanosterol 14-alpha demethylase; Lanosterol 14-alpha demethylase; Steroid 17-alpha-hydroxylase/17,20 lyase; Androgen receptor; Steroid 21-hydroxylase; Voltage-gated inwardly rectifying potassium channel KCNH2; Nuclear receptor subfamily 1 group I member 2; Nuclear receptor subfamily 1 group I member 3","Cytochrome P450 3A4; Cytochrome P450 3A5; Cytochrome P450 2C19; Cytochrome P450 1A1; Cytochrome P450 1A2; Cytochrome P450 2A6; Cytochrome P450 1B1; Cytochrome P450 2B6; Cytochrome P450 2C8; Cytochrome P450 2C9; Cytochrome P450 2D6; Cytochrome P450 11B1, mitochondrial; UDP-glucuronosyltransferase 1A1; UDP-glucuronosyltransferase 1A7; UDP-glucuronosyltransferase 2B7; Cytochrome P450 4F12; Aromatase; Cytochrome P450 4F2",ATP-dependent translocase ABCB1; Solute carrier organic anion transporter family member 1B1; Bile salt export pump,"Ketoconazole is used in the treatment or prevention of fungal infections including blastomycosis, candidiasis, coccidioidomycosis, histoplasmosis, chromomycosis, and paracoccidioidomycosis.[FDA Label] In Europe, it is also used in the treatment of endogenous Cushing's syndrome.[L7736]",approved; investigational,"Ketoconazole interacts with 14-&alpha;-sterol demethylase, a cytochrome P-450 enzyme necessary for the conversion of lanosterol to ergosterol.[A181802,T116] This results in inhibition of ergosterol synthesis and increased fungal cellular permeability due to reduced amounts of ergosterol present in the fungal cell membrane. This metabolic inhibition also results in accumulation of 14Î±-methyl-3,6-diol, a toxic metabolite. The increase in membrane fluidity is also thought to produce impairment of membrane-bound enzyme systems as components become less closely packed.",https://www.ncbi.nlm.nih.gov/books/NBK547869/,"""Ketoconazole causes idiosyncratic liver injury, often hepatocellular but cholestatic forms have also been reported. The injury typically occurs 1 to 6 months after starting therapy, can be severe and occasionally fatal. The mechanism is unclear but may relate to inhibition of mammalian sterol synthesis and idiosyncratic immune or metabolic reactions. Ketoconazole is a potent CYP3A4 inhibitor, which can influence drug metabolism and toxicity."""
labetalol,vMost-DILI-Concern,CC(CCC1=CC=CC=C1)NCC(C2=CC(=C(C=C2)O)C(=O)N)O,1,Metabolic,Labetalol,C07BG01,C07B,Beta-1 adrenergic receptor; Beta-2 adrenergic receptor; Alpha-1 adrenergic receptors,Cytochrome P450 2D6; Cytochrome P450 2C19; UDP-glucuronosyltransferase 1A1; UDP-glucuronosyltransferase 2B7; UDP-glucuronosyltransferase 1A9,ATP-binding cassette sub-family B member 5,Labetalol injections are indicated to control blood pressure in severe hypertension.[L7727] Labetalol tablets are indicated alone or in combination with antihypertensives like thiazides and loop diuretics to manage hypertension.[L7730],approved,"Labetalol non-selectively antagonizes beta-adrenergic receptors, and selectively antagonizes alpha-1-adrenergic receptors.[A181901] Following oral administration, labetalol has 3 times the beta-blocking ability than alpha-blocking ability.[A181901] This increases to 6.9 times following intravenous administration.[A181901] Antagonism of alpha-1-adrenergic receptors leads to vasodilation and decreased vascular resistance.[A181907] This leads to a decrease in blood pressure that is most pronounced while standing.[A181910] Antagonism of beta-1-adrenergic receptors leads to a slight decrease in heart rate.[L7727] Antagonism of beta-2-adrenergic receptors leads to some of the side effects of labetalol such as bronchospasms, however this may be slightly attenuated by alpha-1-adrenergic antagonism.[A181910] Labetalol leads to sustained vasodilation over the long term without a significant decrease in cardiac output or stroke volume, and a minimal decrease in heart rate.[A181907,A181910]",https://www.ncbi.nlm.nih.gov/books/NBK547846/,"""Likely metabolic idiosyncrasy due to extensive hepatic metabolism; not clearly immune-mediated; hepatocellular pattern with rare severe outcomes""¾÷Âà¤W±À´ú»P¨ä ¨xÅ¦¼sªx¥NÁÂ¡]CYP450¡^ ¦³Ãö¡A¬° idiosyncratic metabolic reaction¡C"
lamotrigine,vMost-DILI-Concern,C1=CC(=C(C(=C1)Cl)Cl)C2=C(N=C(N=N2)N)N,1,Immune,Lamotrigine,N03AX09,N03A,Voltage-dependent R-type calcium channel subunit alpha-1E; Sodium channel protein type 11 subunit alpha; Voltage-gated sodium channel alpha subunit; Adenosine receptor A1; Adenosine receptor A2a; Alpha-1A adrenergic receptor; Alpha-2A adrenergic receptor; Beta-1 adrenergic receptor; D(1) dopamine receptor; D(2) dopamine receptor; GABA(A) Receptor; GABA(A) Receptor Benzodiazepine Binding Site; Histamine H1 receptor; Kappa-type opioid receptor; Acetylcholine receptor subunit alpha; 5-hydroxytryptamine receptor 2A; 5-hydroxytryptamine receptor 3A; Glutamate receptor 1,Dihydrofolate reductase; UDP-glucuronosyltransferases (UGTs),ATP-dependent translocase ABCB1; Solute carrier family 22 member 2; Solute carrier family 22 member 1,"Lamotrigine is indicated as adjunctive therapy for the following seizure types in patients ?? years of age: partial seizures, primary generalized tonic-clonic seizures, and generalized seizures due to Lennox-Gastaut syndrome.[L9404]

It is also indicated for the process of conversion to drug monotherapy for those at least 16 years of age or older with partial seizures and currently are receiving treatment with carbamazepine, phenytoin, phenobarbital, primidone, or valproate as the single antiepileptic drug (AED).[L9404]

In addition to the above, lamotrigine is also indicated for the maintenance treatment of bipolar I disorder, delaying the time to mood episodes (which may include mania, hypomania, depression, mixed episodes) in adults at least 18 years or older, who have been treated for acute mood symptoms with standard therapy.[L9404]

Limitations of use

It is important to note that lamotirigine should not be used in the treatment of acute mood episodes, as efficacy has not been established in this context.[L9404]",approved; investigational,"The exact mechanism of action of lamotrigine is not fully elucidated, as it may exert cellular activities that contribute to its efficacy in a range of conditions. Although chemically unrelated, lamotrigine actions resemble those of phenytoin and carbamazepine, inhibiting voltage-sensitive sodium channels, stabilizing neuronal membranes, thereby modulating the release of presynaptic excitatory neurotransmitters.[A191335,A191350,L9404] 

Lamotrigine likely acts by inhibiting sodium currents by selective binding to the inactive sodium channel, suppressing the release of the excitatory amino acid, glutamate. The mechanism of action of lamotrigine in reducing anticonvulsant activity is likely the same in managing bipolar disorder. Studies on lamotrigine have identified its binding to sodium channels in a fashion similar to local anesthetics, which could explain the demonstrated clinical benefit of lamotrigine in some neuropathic pain states.[T28] 

Lamotrigine displays binding properties to several different receptors. In laboratory binding assays, it demonstrates weak inhibitory effect on the serotonin 5-HT3 receptor. Lamotrigine also weakly binds to Adenosine A1/A2 receptors, Î±1/Î±2/Î² adrenergic receptors, dopamine D1/D2 receptors, GABA A/B receptors, histamine H1 receptors, Îº-opioid receptor (KOR), mACh receptors and serotonin 5-HT2 receptors with an IC50>100 ÂµM. Weak inhibitory effects were observed at sigma opioid receptors.[L9404] An in vivo study revealed evidence that lamotrigine inhibits Cav2.3 (R-type) calcium currents, which may also contribute to its anticonvulsant effects.[A31737]",https://www.ncbi.nlm.nih.gov/books/NBK548562/,"""Hypersensitivity-mediated liver injury including DRESS syndrome and hemophagocytic lymphohistiocytosis (HLH); typically hepatocellular pattern, early onset, often with rash, eosinophilia, and multiorgan involvement""Lamotrigine ªº¨x¬r©Ê¾÷Âà¬°¨å«¬ªº¹L±Ó¤ÏÀ³«¬¨xª¢¡]hypersensitivity hepatitis¡^¡A¥]¬A¡GDRESS syndrome¡FHLH¡]Hemophagocytic Lymphohistiocytosis¡^"
lapatinib,vMost-DILI-Concern,CS(=O)(=O)CCNCC1=CC=C(O1)C2=CC3=C(C=C2)N=CN=C3NC4=CC(=C(C=C4)OCC5=CC(=CC=C5)F)Cl,1,Immune,Lapatinib,L01EH01,L01E,Epidermal growth factor receptor; Eukaryotic elongation factor 2 kinase; Receptor tyrosine-protein kinase erbB-2,Cytochrome P450 3A4; Cytochrome P450 3A5; Cytochrome P450 2C8; Cytochrome P450 2C19,ATP-dependent translocase ABCB1; Antigen peptide transporter 1,"Indicated in combination with capecitabine for the treatment of patients with advanced or metastatic breast cancer whose tumors overexpress the human epidermal receptor type 2 (HER2) protein and who have received prior therapy including an anthracycline, a taxane, and trastuzumab.",approved; investigational,Lapatinib is a 4-anilinoquinazoline kinase inhibitor of the intracellular tyrosine kinase domains of both epidermal growth factor receptor (HER1/EGFR/ERBB1) and human epidermal growth factor receptor type 2 (HER2/ERBB2)with a dissociation half-life of &ge;300 minutes. Lapatinib inhibits ERBB-driven tumor cell growth in vitro and in various animal models. An additive effect was demonstrated in an in vitro study when lapatinib and 5-florouracil (the active metabolite of capecitabine) were used in combination in the 4 tumor cell lines tested. The growth inhibitory effects of lapatinib were evaluated in trastuzumab-conditioned cell lines. Lapatinib retained significant activity against breast cancer cell lines selected for long-term growth in trastuzumab-containing medium in vitro. These in vitro findings suggest non-cross-resistance between these two agents.,https://www.ncbi.nlm.nih.gov/books/NBK547971/,"""Clinically apparent liver injury has been reported in 0.2% or more of patients. Strong HLA association (DQA102:01 and DRB107:01) indicates immune-mediated mechanism. Onset within 1¡V3 months, often hepatocellular or mixed pattern. Recurrence with rechallenge is common."""
leflunomide,vMost-DILI-Concern,CC1=C(C=NO1)C(=O)NC2=CC=C(C=C2)C(F)(F)F,1,Metabolic/Immune,Leflunomide,L04AK01,L04A,"Dihydroorotate dehydrogenase (quinone), mitochondrial; Dihydroorotate dehydrogenase (quinone), mitochondrial; Aryl hydrocarbon receptor; Protein-tyrosine kinase 2-beta",Cytochrome P450 2C9; Cytochrome P450 1A2,Broad substrate specificity ATP-binding cassette transporter ABCG2,For the management of the signs and symptoms of active rheumatoid arthritis (RA) to improve physical function and to slow the progression of structural damage associated with the disease. Has also been used for the prevention of acute and chronic rejection in recipients of solid organ trasnplants and is designated by the FDA as an orphan drug for this use.,approved; investigational,"Leflunomide is a prodrug that is rapidly and almost completely metabolized following oral administration to its pharmacologically active metabolite, A77 1726. This metabolite is responsible for essentially all of the drug's activity in-vivo. The mechanism of action of leflunomide has not been fully determined, but appears to primarily involve regulation of autoimmune lymphocytes. It has been suggested that leflunomide exerts its immunomodulating effects by preventing the expansion of activated autoimmune lymphocytes via interferences with cell cycle progression. In-vitro data indicates that leflunomide interferes with cell cycle progression by inhibiting dihydroorotate dehydrogenase (a mitochondrial enzyme involved in de novo pyrimidine ribonucleotide uridine monophosphate (rUMP)synthesis) and has antiproliferative activity. Human dihydroorotate dehydrogenase consists of 2 domains: an Î±/Î²-barrel domain containing the active site and an Î±-helical domain that forms a tunnel leading to the active site. A77 1726 binds to the hydrophobic tunnel at a site near the flavin mononucleotide. Inhibition of dihydroorotate dehydrogenase by A77 1726 prevents production of rUMP by the de novo pathway; such inhibition leads to decreased rUMP levels, decreased DNA and RNA synthesis, inhibition of cell proliferation, and G1 cell cycle arrest. It is through this action that leflunomide inhibits autoimmune T-cell proliferation and production of autoantibodies by B cells. Since salvage pathways are expected to sustain cells arrested in the G1 phase, the activity of leflunomide is cytostatic rather than cytotoxic. Other effects that result from reduced rUMP levels include interference with adhesion of activated lymphocytes to the synovial vascular endothelial cells, and increased synthesis of immunosuppressive cytokines such as transforming growth factor-Î² (TGF-Î²). Leflunomide is also a tyrosine kinase inhibitor. Tyrosine kinases activate signalling pathways leading to DNA repair, apoptosis and cell proliferation. Inhibition of tyrosine kinases can help to treating cancer by preventing repair of tumor cells.",https://www.ncbi.nlm.nih.gov/books/NBK548725/,"""Leflunomide is associated with idiosyncratic liver injury, presenting in hepatocellular, cholestatic, or mixed patterns. The injury typically arises 1¡V6 months after initiation. The mechanism is believed to involve toxic intermediates and CYP2C9 polymorphisms, especially CYP2C9*2 and *3. Due to its immunosuppressive properties, it may also trigger hepatitis B virus (HBV) reactivation in HBsAg-positive patients. Clinical manifestations range from mild ALT elevations to acute liver failure. Long half-life and enterohepatic circulation can prolong exposure; accelerated clearance with cholestyramine is recommended in severe cases."""
levofloxacin,vMost-DILI-Concern,C[C@H]1COC2=C3N1C=C(C(=O)C3=CC(=C2N4CCN(CC4)C)F)C(=O)O,1,Immune,Levofloxacin,J01MA12,J01M,DNA gyrase subunit A; DNA gyrase subunit B; DNA gyrase subunit A; DNA topoisomerase 4 subunit A,Cytochrome P450 2C9,ATP-dependent translocase ABCB1; Multidrug and toxin extrusion protein 1; Multidrug and toxin extrusion protein 2; Solute carrier family 22 member 1; Solute carrier family 22 member 2; Solute carrier family 22 member 4; Solute carrier organic anion transporter family member 1A2; Solute carrier organic anion transporter family member 4C1,"In oral and intravenous formulations, levofloxacin is indicated in adults for the treatment of various infections caused by susceptible bacteria, including infections of the upper respiratory tract, lower respiratory tract, skin, skin structures, urinary tract, and prostate.[L11638,L11692] The oral formulation is also indicated in both adults and children 6 months of age and older for the post-exposure management of inhalational anthrax caused by _Bacillus anthracis_ and for the treatment and/or prophylaxis of plague caused by _Yersinia pestis_.[L11638]

In its ophthalmic formulation, levofloxacin is indicated for the treatment of bacterial conjunctivitis caused by susceptible organisms.[L11641] An inhalational solution available in Canada is indicated for the management of cystic fibrosis patients aged 18 years or older with chronic pulmonary _Pseudomonas aeruginosa_ infections.[L11689]",approved; investigational,"Levofloxacin, like other fluoroquinolone antibiotics, exerts its antimicrobial activity via the inhibition of two key bacterial enzymes: DNA gyrase and topoisomerase IV.[L11638] Both targets are type II topoisomerases, but have unique functions within the bacterial cell. DNA gyrase is an enzyme found only in bacteria that introduces negative supercoils into DNA during replication - this helps to relieve torsional strain caused by the introduction of positive supercoils during replication, and these negative supercoils are essential for chromosome condensation and the promotion of transcription initiation.[A31453] It is comprised of four subunits (two A subunits and two B subunits) of which the A subunits appear to be the target of fluoroquinolone antibiotics.[A190663] Bacterial topoisomerase IV, in addition to contributing to the relaxation of positive supercoils, is essential at the terminal stages of DNA replication and functions to ?œunlink??newly replicated chromosomes to allow for the completion of cell division.[A31453]

Inhibition of these enzymes by levofloxacin likely occurs via complexation with the topoisomerase enzymes.[A31453] The end result is a blockade of DNA replication, thus inhibiting cell division and resulting in cell death.",https://www.ncbi.nlm.nih.gov/books/NBK548357/,"""Likely idiosyncratic immune-mediated liver injury; rapid onset (1¡V3 weeks), often hepatocellular or mixed pattern, may present with rash or fever; rare cases of Stevens-Johnson syndrome and vanishing bile duct syndrome reported""ÁöµM¹L±Ó¯gª¬¡]rash¡Bfever¡Beosinophilia¡^¨Ã¤£¤@©w©úÅã¡A¦ý§Ö³t°_¯f¡]<3 ¶g¡^¡Bhepatocellular ¬°¥Dªº¨x·l¶Ë«¬ºA¡A¤Î Stevens-Johnson syndrome¡BTEN ªºÁpÃ´¡A°ª«×´£¥Ü§K¬Ì¬ÛÃöªº idiosyncratic ¾÷Âà¡C¦PÃþÃÄª«¡]¦p ciprofloxacin¡^¤]¦³Ãþ¦ü¬r©Ê¼Ò¦¡¡Aªí¥Ü¦¹¬° fluoroquinolone ªº class effect¡C"
lumiracoxib,vMost-DILI-Concern,CC1=CC(=C(C=C1)NC2=C(C=CC=C2Cl)F)CC(=O)O,1,Immune / Metabolic,Lumiracoxib,M01AH06,M01A,Prostaglandin G/H synthase 2; Prostaglandin G/H synthase 1,Cytochrome P450 2C19; UDP-glucuronosyltransferase 1A9; Cytochrome P450 1A2; Cytochrome P450 2C9,,For the acute and chronic treatment of the signs and symptoms of osteoarthritis of the knee in adults.,approved; investigational,The mechanism of action of lumiracoxib is due to inhibition of prostaglandin synthesis via inhibition of cyclooygenase-2 (COX-2). Lumiracoxib does not inhibit COX-1 at therapeutic concentrations.,https://pubmed.ncbi.nlm.nih.gov/22142375/?utm_source=chatgpt.com,"""Idiosyncratic acute hepatocellular injury¡Xlikely immune-mediated (autoantibodies positive), structural similarity to diclofenac suggests reactive metabolites to induce liver injury."""
maraviroc,vMost-DILI-Concern,CC1=NN=C(N1C2C[C@H]3CC[C@@H](C2)N3CC[C@@H](C4=CC=CC=C4)NC(=O)C5CCC(CC5)(F)F)C(C)C,1,Immune,Maraviroc,J05AX09,J05A,C-C chemokine receptor type 5,Cytochrome P450 3A4,,Maraviroc is indicated in combination with other antiretroviral agents for the treatment of CCR5-tropic HIV-1 infection in adults and pediatric patients weighing at least 2kg.[L4109] It is not recommended in patients with dual/mixed- or CXCR4-tropic HIV-1.,approved; investigational,"Maraviroc is an entry inhibitor and works by blocking HIV from entering human cells. Specifically maraviroc is a selective, slowly reversible, small molecule antagonist of the interaction between human CCR5 and HIV-1 gp120. Maraviroc selectively binds to the human chemokine receptor CCR5 present on the membrane of CD4 cells (T-cells), preventing the interaction of HIV-1 gp120 and CCR5 necessary for CCR5-tropic HIV-1 to enter cells.",,
mebanazine,vMost-DILI-Concern,CC(C1=CC=CC=C1)NN,1,Immune / Metabolic,Mebanazine,,,,,,For the treatment of depression.,withdrawn,,https://pmc.ncbi.nlm.nih.gov/articles/PMC11118075/?utm_source=chatgpt.com,"¡§Idiosyncratic hypersensitivity?like hepatotoxicity associated with hydrazine MAOI; metabolic bioactivation likely generating hepatotoxic intermediates¡¨
"
mefenamic acid,vMost-DILI-Concern,CC1=C(C(=CC=C1)NC2=CC=CC=C2C(=O)O)C,1,Immune,Mefenamic acid,M01AG01,M01A,Prostaglandin G/H synthase 2; Prostaglandin G/H synthase 1,Cytochrome P450 2C9; Cytochrome P450 1A2; UDP-glucuronosyltransferase 1A9; UDP-glucuronosyltransferase 2B7; Cytochrome P450 2C8,,"For the treatment of rheumatoid arthritis, osteoarthritis, dysmenorrhea, and mild to moderate pain, inflammation, and fever.",approved,"Mefenamic acid binds the prostaglandin synthetase receptors COX-1 and COX-2, inhibiting the action of prostaglandin synthetase. As these receptors have a role as a major mediator of inflammation and/or a role for prostanoid signaling in activity-dependent plasticity, the symptoms of pain are temporarily reduced.",https://www.ncbi.nlm.nih.gov/books/NBK548029/,"""Rare cases of clinically apparent liver injury typically occur as part of hypersensitivity reactions, including Stevens-Johnson syndrome or anaphylaxis. Latency is short (<1 month); pattern ranges from cholestatic to hepatocellular. Mechanism is likely idiosyncratic hypersensitivity."""
mepazine,vMost-DILI-Concern,CN1CCCC(C1)CN2C3=CC=CC=C3SC4=CC=CC=C42,1,Immune,,,,,,,,,,,"Delayed hypersensitivity features (fever, eosinophilia, rash); related to other phenothiazines like chlorpromazine"
mercaptopurine,vMost-DILI-Concern,C1=NC2=C(N1)C(=S)N=CN2,1,Metabolic,Mercaptopurine,L01BB02,L01B,Hypoxanthine-guanine phosphoribosyltransferase; Inosine-5'-monophosphate dehydrogenase 1; Amidophosphoribosyltransferase; Inosine-5'-monophosphate dehydrogenase,Aldehyde oxidase; Thiopurine S-methyltransferase; Xanthine dehydrogenase/oxidase,Organic anion transporter 3; ATP-binding cassette sub-family C member 4; ATP-binding cassette sub-family C member 5; Sodium/nucleoside cotransporter 2; Solute carrier family 28 member 3; Equilibrative nucleoside transporter 1; Equilibrative nucleoside transporter 2,For remission induction and maintenance therapy of acute lymphatic leukemia.,approved,"Mercaptopurine competes with hypoxanthine and guanine for the enzyme hypoxanthine-guanine phosphoribosyltransferase (HGPRTase) and is itself converted to thioinosinic acid (TIMP). TIMP inhibits several reactions that involve inosinic acid (IMP), such as the conversion of IMP to xanthylic acid (XMP) and the conversion of IMP to adenylic acid (AMP) via adenylosuccinate (SAMP). Upon methylation, TIMP forms 6-methylthioinosinate (MTIMP) which inhibits glutamine-5-phosphoribosylpyrophosphate amidotransferase in addition to TIMP. Glutamine-5-phosphoribosylpyrophosphate amidotransferase is the first enzyme unique to the _de novo_ pathway for purine ribonucleotide synthesis. According to experimental findings using radiolabeled mercaptopurine, mercaptopurine may be recovered from the DNA in the form of deoxythioguanosine. In comparison, some mercaptopurine may be converted to nucleotide derivatives of 6-thioguanine (6-TG) via actions of inosinate (IMP) dehydrogenase and xanthylate (XMP) aminase that convert TIMP to thioguanylic acid (TGMP).",https://www.ncbi.nlm.nih.gov/books/NBK548546/,"""Mercaptopurine hepatotoxicity includes direct, dose-related liver injury and idiosyncratic cholestatic hepatitis. Metabolites like methyl-mercaptopurine contribute to hepatotoxicity. Chronic use can cause nodular regenerative hyperplasia and non-cirrhotic portal hypertension. Mechanisms include toxic metabolite accumulation and sinusoidal endothelial injury."""
methimazole,vMost-DILI-Concern,CN1C=CNC1=S,1,Immune,Methimazole,H03BB52,H03B,Thyroid peroxidase,Cytochrome P450 1A2; Cytochrome P450 2A6; Cytochrome P450 2B6; Cytochrome P450 2C19; Cytochrome P450 2C9; Cytochrome P450 2D6; Cytochrome P450 2E1; Cytochrome P450 3A4; Flavin-containing monooxygenase 3,,"In the United States, methimazole is indicated for the treatment of hyperthyroidism in patients with Graves' disease or toxic multinodular goiter for whom thyroidectomy or radioactive iodine therapy are not appropriate treatment options. Methimazole is also indicated for the amelioration of hyperthyroid symptoms in preparation for thyroidectomy or radioactive iodine therapy.[L8336]

In Canada, methimazole carries the above indications and is also indicated for the medical treatment of hyperthyroidism regardless of other available treatment options.[L8339]",approved,"Methimazole's primary mechanism of action appears to be interference in an early step in thyroid hormone synthesis involving thyroid peroxidase (TPO), however the exact method through which methimazole inhibits this step is unclear.[A184559]  TPO, along with hydrogen peroxide, normally catalyzes the conversion of iodide to iodine and then further catalyzes the incorporation of this iodine onto the 3 and/or 5 positions of the phenol rings of tyrosine residues in thyroglobulin. These thyroglobulin molecules then degrade within thyroid follicular cells to form either thyroxine (T<sub>4</sub>) or tri-iodothyronine (T<sub>3</sub>), which are the main hormones produced by the thyroid gland.[A184697]

Methimazole may directly inhibit TPO, but has been shown in vivo to instead act as a competitive substrate for TPO, thus becoming iodinated itself and interfering with the iodination of thyroglobulin.[A184559] Another proposed theory is that methimazole?™s sulfur moiety may interact directly with the iron atom at the centre of TPO?™s heme molecule, thus inhibiting its ability to iodinate tyrosine residues.[A184694] Other proposed mechanisms with weaker evidence include methimazole binding directly to thyroglobulin or direct inhibition of thyroglobulin itself.[A184559]",https://www.ncbi.nlm.nih.gov/books/NBK548406/,"""Methimazole causes idiosyncratic, usually cholestatic or mixed liver injury, likely via an immunological reaction to a metabolite. Injury onset typically within 2-12 weeks. Recovery usually rapid upon drug cessation; fatalities are rare."""
methotrexate,vMost-DILI-Concern,CN(CC1=CN=C2C(=N1)C(=NC(=N2)N)N)C3=CC=C(C=C3)C(=O)N[C@@H](CCC(=O)O)C(=O)O,1,Metabolic/Immune,Methotrexate,L04AX03,L04A,Thymidylate synthase; Reduced folate transporter; Proton-coupled folate transporter; Bifunctional purine biosynthesis protein ATIC; Dihydrofolate reductase,"Dihydrofolate reductase; Aldehyde oxidase; Methylenetetrahydrofolate reductase (NADPH); 6-phosphogluconate dehydrogenase, decarboxylating; Folylpolyglutamate synthase, mitochondrial; Thymidylate synthase; Bifunctional purine biosynthesis protein ATIC; Gamma-glutamyl hydrolase; Cytochrome P450 3A4; Carboxypeptidase G2",ATP-binding cassette sub-family C member 3; ATP-binding cassette sub-family C member 4; Multidrug resistance-associated protein 1; Solute carrier family 22 member 6; ATP-binding cassette sub-family C member 10; Organic anion transporter 3; ATP-binding cassette sub-family C member 2; ATP-dependent translocase ABCB1; Solute carrier organic anion transporter family member 1A2; Monocarboxylate transporter 1; ATP-binding cassette sub-family C member 11; Solute carrier organic anion transporter family member 1B3; Solute carrier family 22 member 11; Solute carrier organic anion transporter family member 1C1; Solute carrier organic anion transporter family member 3A1; Broad substrate specificity ATP-binding cassette transporter ABCG2; Solute carrier family 22 member 7; Proton-coupled folate transporter; Solute carrier organic anion transporter family member 1B1; Solute carrier organic anion transporter family member 4C1; Reduced folate transporter; Folate receptor alpha; Folate receptor beta; Solute carrier family 15 member 1; Proton-coupled amino acid transporter 1,"Methotrexate oral solution is indicated for pediatric acute lymphoblastic leukemia and pediatric polyarticular juvenile idiopathic arthritis.[L7144] Methotrexate injections for subcutaneous use are indicated for severe active rheumatoid arthritis, polyarticular juvenile idiopathic arthritis and severe, recalcitrant, disabling psoriasis.[L7147,L7150,L10457] It has also been approved by the EMA for the treatment of adult patients requiring systemic therapy for moderate-to-severe plaque psoriasis.[L48796]

Other formulations are indicated to treat gestational choriocarcinoma, chorioadenoma destruens, hydatiform mole, breast cancer, epidermoid cancer of the head and neck, advanced mycosis fungoides, lung cancer, and advanced non-Hodgkin's lymphoma.[L7180] It is also used in the maintenance of acute lymphocytic leukemia.[L7180] Methotrexate is also given before treatment with leucovorin to prolong relapse-free survival following surgical removal of a tumour in non-metastatic osteosarcoma.[L7180]",approved,"Methotrexate enters tissues and is converted to a methotrexate polyglutamate by folylpolyglutamate.[A180322]

Methotrexate's mechanism of action is due to its inhibition of enzymes responsible for nucleotide synthesis including  dihydrofolate reductase, thymidylate synthase, aminoimidazole caboxamide ribonucleotide transformylase (AICART), and amido phosphoribosyltransferase.[A180322] Inhibtion of nucleotide synthesis prevents cell division.

In rheumatoid arthritis, methotrexate polyglutamates inhibit AICART more than methotrexate.[A180322] This inhibition leads to accumulation of AICART ribonucleotide, which inhibits adenosine deaminase, leading to an accumulation of adenosine triphosphate and adenosine in the extracellular space, stimulating adenosine receptors, leading to anti-inflammatory action.[A180322]",https://www.ncbi.nlm.nih.gov/books/NBK548219/,"""Methotrexate causes dose-dependent chronic liver injury including fibrosis and cirrhosis, especially with long-term use and risk factors (alcohol, obesity). Also linked to idiosyncratic acute hepatotoxicity and reactivation of HBV, particularly when combined with corticosteroids."""
methyldopa,vMost-DILI-Concern,C[C@](CC1=CC(=C(C=C1)O)O)(C(=O)O)N,1,Immune,Methyldopa,C02AB01,C02A,D(2) dopamine receptor; Aromatic-L-amino-acid decarboxylase; Alpha-2A adrenergic receptor,Catechol O-methyltransferase; Aromatic-L-amino-acid decarboxylase; Sulfotransferase; Dopamine beta-hydroxylase; Phenylethanolamine N-methyltransferase,Solute carrier family 15 member 1,Methyldopa is indicated for the management of hypertension as monotherapy [L32614] or in combination with hydrochlorothiazide.[L32619] Methyldopa injection is used to manage hypertensive crises.[L32624],approved,"The exact mechanism of methyldopa is not fully elucidated; however, the main mechanisms of methyldopa involve its actions on alpha-adrenergic receptor and the aromatic L-amino acid decarboxylase enzyme, to a lesser extent. The sympathetic outflow is regulated by alpha (Î±)-2 adrenergic receptors and imidazoline receptors expressed on adrenergic neurons within the rostral ventrolateral medulla.[A1501] Methyldopa is metabolized to Î±?methylnorepinephrine via dopamine beta-hydroxylase activity and, consequently, alpha-methylepinephrine via phenylethanolamine-N-methyltransferase activity.[A232244, A232249, A232259] Mediating the therapeutic effects of methyldopa, Î±?methylnorepinephrine and Î±-methylepinephrine active metabolites are agonists at presynaptic alpha-2 adrenergic receptors in the brainstem. Stimulating alpha-2 adrenergic receptors results in the inhibition of adrenergic neuronal outflow and attenuation of norepinephrine release in the brainstem. Consequently, the output of vasoconstrictor adrenergic signals to the peripheral sympathetic nervous system is reduced, leading to a reduction in blood pressure.[A1499]

The L-isomer of alpha-methyldopa also reduces blood pressure by inhibiting aromatic L-amino acid decarboxylase, also known as DOPA decarboxylase, which is an enzyme responsible for the syntheses of dopamine and serotonin.[L32614] Inhibiting this enzyme leads to depletion of biogenic amines such as norepinephrine. However, inhibition of aromatic L-amino acid decarboxylase plays a minimal role in the blood-pressure?lowering effect of methyldopa.[A1501, A1505]",https://www.ncbi.nlm.nih.gov/books/NBK548173/,"""Methyldopa can induce both acute immune-mediated hepatitis and chronic autoimmune-like hepatitis; autoantibodies (ANA, SMA), hypergammaglobulinemia, and chronic hepatitis histology suggest autoimmune etiology.""¼ç¥ñ´Á¸ûªø¡]6 ­Ó¤ë¥H¤W¡^¡A¥i¾É­PÃþ¦ÛÅé§K¬Ì©Ê¨xª¢¡A¥X²{ ANA¡BSMA¡BIgG ¼W°ª¡F"
mexiletine,vMost-DILI-Concern,CC1=C(C(=CC=C1)C)OCC(C)N,1,Immune,Mexiletine,C01BB02,C01B,Sodium channel protein type 5 subunit alpha; Aryl hydrocarbon receptor,Cytochrome P450 2B6; Cytochrome P450 2E1; Cytochrome P450 3A4; Cytochrome P450 1A2; Cytochrome P450 2D6,,"For the treatment of ventricular tachycardia and symptomatic premature ventricular beats, and prevention of ventricular fibrillation.",approved; investigational,"Mexiletine, like lidocaine, inhibits the inward sodium current required for the initiation and conduction of impulses, thus reducing the rate of rise of the action potential, Phase 0. It achieves this reduced sodium current by inhibiting sodium channels. Mexiletine decreases the effective refractory period (ERP) in Purkinje fibers in the heart. The decrease in ERP is of lesser magnitude than the decrease in action potential duration (APD), which results in an increase in the ERP/APD ratio. It does not significantly affect resting membrane potential or sinus node automaticity, left ventricular function, systolic arterial blood pressure, atrioventricular (AV) conduction velocity, or QRS or QT intervals",https://www.ncbi.nlm.nih.gov/books/NBK548651/,"""Mexiletine is associated with rare idiosyncratic liver injury, often occurring in the context of hypersensitivity reactions such as DRESS or Stevens-Johnson syndrome. The injury is likely due to immunoallergic mechanisms involving reactive metabolites."""
micafungin,vMost-DILI-Concern,CCCCCOC1=CC=C(C=C1)C2=CC(=NO2)C3=CC=C(C=C3)C(=O)NC4CC(C(NC(=O)C5C(C(CN5C(=O)C(NC(=O)C(NC(=O)C6CC(CN6C(=O)C(NC4=O)C(C)O)O)C(C(C7=CC(=C(C=C7)O)OS(=O)(=O)O)O)O)C(CC(=O)N)O)C)O)O)O,1,Immune,Micafungin,J02AX05,J02A,"1,3-beta-glucan synthase component FKS1; 1,3-beta-glucan synthase component GSC2",Arylsulfatase A; Catechol O-methyltransferase,,"Indicated for the treatment of candidemia, acute disseminated candidiasis, and certain other invasive <i>Candida</i> infections, as well as esophageal candidiasis, and prophylaxis of <i>Candida</i> infections in patients undergoing hematopoietic stem cell transplantation. Micafungin is also used as an alternative for the treatment of oropharyngeal candidiases and has been used with some success as primary or salvage therapy, alone or in combination with other antifungals, for the treatment of invasive aspergillosis.

Indicated for the prophylaxis of Candida infections in patients undergoing hematopoietic stem cell transplantation.",approved; investigational,"Micafungin inhibits the synthesis of beta-1,3-D-glucan, an essential component of fungal cell walls which is not present in mammalian cells. It does this by inhibiting beta-1,3-D-glucan synthase.",,¡§¥D­n¬°¥NÁÂ¡þµ}¦³ idiosyncratic ¨x?¤É°ª¡A¦h¬°µu´Á»´·L ALT/AST ¤W¤É¡A°¸¨£ÄY­« DILI¡F¥¼¨£©ú½T immuno?allergic ¯S¼x¡¨«DCYP¥NÁÂ¡F±`¨£¬°¹L±Ó©Ê¨x·l¶Ë¡A³¡¤À¯f¨Ò»P§K¬Ì¤ÏÀ³¦³Ãö
milnacipran,vMost-DILI-Concern,CCN(CC)C(=O)[C@@]1(C[C@@H]1CN)C2=CC=CC=C2,1,Metabolic/Immune,Milnacipran,N06AX17,N06A,Sodium-dependent serotonin transporter; Sodium-dependent noradrenaline transporter; NMDA receptor,Cytochrome P450 3A4,,"Milnacipran is a selective serotonin and norepinephrine reuptake inhibitor (SNRI) indicated for the management of fibromyalgia in patients that are 18 years old or above [F3925]. 

While milnacipran may be used for the treatment of major depressive disorder (MDD), it is only recommended in adult patients who are 18 years old or above [F3922] due to an increased risk for suicidal ideation, thinking, and behavior in children, adolescents, and young adults taking antidepressants for major depressive disorder (MDD) and other psychiatric disorders. Some regional prescribing information notes that the use of the medication is specifically for the short-term symptomatic relief of MDD [F3919]. Nevertheless, it is important to note that the regulatory approval of and/or indications listed here for milnacipran may or may not exist and/or vary greatly between regions and nations [F3928, F3934].",approved; investigational,"The dual ability for milnacipran to inhibit the reuptake of both serotonin (5HT) and norepinephrine (NE) facilitates its treatment of both fibromyalgia and major depressive disorder (MDD).

In particular, it is generally believed that 5HT and NE participate in the modulation of endogenous analgesic mechanisms by way of the descending inhibitory pain pathways in the brain and spinal cord [A175759, A175843, A175846]. Although the specific mechanism of action remains unclear, some studies have proposed that low levels of 5HT may be associated with increased sensitivity to pain - a condition that could subsequently be improved by milnacipran's capacity to enhance the presence of 5HT by inhibiting its reuptake via serotonin transporters at synaptic clefts [A175846, F3937, L5659]. Furthermore, in the CNS it is also generally believed that NE released from descending pathways can mitigate pain sensations via eliciting inhibitory effects on alpha-2A-adrenoceptors on central terminals of primary afferent nociceptors, by direct alpha-2-adrenergic action on pain-relay neurons, and by alpha-1-adrenoceptor-mediated activation of inhibitory interneurons [A175843]. Such NE pain mitigation is consequently also enhanced by milnacipran's ability to enhance the presence of NE by inhibiting its reuptake via norepinephrine transporters at synaptic clefts [F3937].

Concurrently, milnacipran's capacity to inhibit the reuptake of both 5HT and NE also facilitates its treatment of MDD. Given the monoamine hypothesis' assertion that decreased 5HT can be associated with anxiety, obsessions, compulsions, and decreased NE can result in lowered alertness, energy, attention, and general interest in life, it is proposed that milnacipran's basic activities as a serotonin and norepinephrine reuptake inhibitor could assist in treating such symptoms of MDD by increasing the presence of both 5HT and NE in the body by inhibiting their reuptake [A175840].",https://www.ncbi.nlm.nih.gov/books/NBK547960/,"""Levomilnacipran is metabolized via CYP3A4 and may cause rare idiosyncratic liver injury due to formation of immunogenic or toxic intermediates. Only isolated reports of jaundice exist, typically with mixed hepatocellular-cholestatic patterns and rapid resolution after discontinuation."""
minocycline,vMost-DILI-Concern,CN(C)[C@H]1[C@@H]2C[C@@H]3CC4=C(C=CC(=C4C(=C3C(=O)[C@@]2(C(=O)/C(=C(/N)\O)/C1=O)O)O)O)N(C)C,1,Immune,Minocycline,D10AF07,D10A,"30S ribosomal protein S9; 30S ribosomal protein S4; 16S ribosomal RNA; Interleukin-1 beta; Polyunsaturated fatty acid 5-lipoxygenase; Matrix metalloproteinase-9; Vascular endothelial growth factor A, long form; Caspase-1; Caspase-3; Cytochrome c; Mitogen-activated Protein Kinases; Nitric oxide synthase, inducible",,Outer membrane protein F; Outer membrane porin C; Solute carrier family 22 member 6; Solute carrier family 22 member 7,"Oral and topical minocycline are indicated to treat inflammatory lesions of acne vulgaris.[L11701,L11704,L11719] Subgingival microspheres are indicated as an adjunct treatment in the reduction of pocket depth in adults with periodontitis.[L11716] Oral and intravenous formulations are indicated to treat infections of susceptible microorganisms.[L11707,L11710,L11713] These include rickettsiae, _Mycoplasma pneumoniae_, _Chlamydia trachomatis_, _Chlamydophila psittaci_, _Chlamydia trachomatis_, _Ureaplasma urealyticum_, _Borrelia recurrentis_, _Haemophilus ducreyi_, _Yersinia pestis_, _Francisella tularensis_, _Vibrio cholerae_, _Campylobacter fetus_, _Brucella_ species, _Bartonella bacilliformis_, _Klebsiella granulomatis_, _Escherichia coli_, _Enterobacter aerogenes_, _Shigella_ species, _Acinetobacter_ species, _Haemophilus influenzae_, and _Kelbsiella_ species.[L11710]",approved; investigational,"Tetracyclines enter bacterial cells through OmpF and OmpC porins by coordinating with cations like magnesium.[A19429] This allows tetracyclines into the periplasm where they dissociate, allowing the lipophilic tetracycline to diffuse into the bacterial cytoplasm.[A19429] Tetracyclines prevent aminoacyl-tRNA from binding to the 30S ribosome, inhibiting protein synthesis.[A190723,A19429,L11710,L11713]",https://www.ncbi.nlm.nih.gov/books/NBK547956/,¡§¥i»¤µo¨âºØ§K¬Ì¬ÛÃö¨x·l¶Ë¡G«æ©Ê«¬¨ã§K¬Ì¹L±Ó¯S¼x¡]µo¿N¡B¶Ý»Ä©Ê²y¡B¥Ö¯l¡^¡BºC©Ê«¬¬°¦ÛÅé§K¬Ì©Ê¨xª¢ªí²{¡A¨ã ANA¡BIgG ¤W¤É»P¤¶­±¨xª¢µ¥²ÕÂ´¯S¼x¡¨
moxisylyte,vMost-DILI-Concern,CC1=CC(=C(C=C1OC(=O)C)C(C)C)OCCN(C)C,1,Metabolic/Cholestatic,Moxisylyte,C04AX10,C04A,Alpha-1D adrenergic receptor; Alpha adrenergic receptor,Cholinesterase; Cytochrome P450 3A Subfamily,,"According to the WHO, moxisylyte is indicated for the symptomatic management of sequelae of cerebral infarction or hemorrhage.[T91] The cerebral infarction is characterized by the blockage of the artery either by the formation of a thrombus or an embolus.[A31644] 

On the other hand, the FDA classified moxisylyte for the reversal of phenylephrine-induced mydriasis in patients who have narrow anterior angles and are at risk of developing an acute attack of angle-closure glaucoma.[L1172]  Closed-angle glaucoma is caused by the contact between the iris and the trabecular meshwork. This contact will damage the aqueous outflow by the meshwork thus, increasing eye pressure and producing the symptoms of glaucoma.[A31645]

Moxisylyte is also approved in France as the first drug for the treatment of impotence.[A31647]",approved; investigational,"Moxisylyte is vasodilator that works as a specific alpha-adrenergic blocking agent. Its action is known to be competitive against norepinephrine without beta-receptor blocking, anti-angiotensin or anti-serotonin activity.[A31640]",withdrawn,Dose-dependent hepatotoxicity; reversible upon discontinuation
nandrolone decanoate,vMost-DILI-Concern,C[C@]12CC[C@H]3[C@H]([C@@H]1CC[C@@H]2O)CCC4=CC(=O)CC[C@H]34,1,Metabolic/Cholestatic,Nandrolone decanoate,,,Androgen receptor; Protein c-Fos; 5-hydroxytryptamine 2 receptor; 5-hydroxytryptamine receptor 1B; Insulin-like growth factor 1 receptor; Dopamine receptor,Aromatase; Amine oxidase [flavin-containing] B; Amine oxidase [flavin-containing] A; UDP-glucuronosyltransferase 2B7; UDP-glucuronosyltransferase 1A4; UDP-glucuronosyltransferase 2B4; UDP-glucuronosyltransferase 1A3; UDP-glucuronosyltransferase 1A1; UDP-glucuronosyltransferase 1A10,,"Nandrolone decanoate is indicated in the management of anemia of renal insufficiency.[L32564] In Canada, it is also indicated as an adjunct therapy in the treatment of senile and postmenopausal osteoporosis.[L9464]",approved; illicit,"Nandrolone decanoate is hydrolyzed to [nandrolone], possibly by PDE7B.[A233754,A233774] Nandrolone is brought into cells by receptor mediated endocytosis, where it interacts with the androgen receptor.[A233809,A233814] After binding to the androgen receptor, a conformational change occurs, the androgen receptor enters the nucleus, dimerizes, and can then bind to segments of DNA to regulate transcription.[A233814] Androgens can also regulate transcription through activation of ERK, Akt, and MAPK; or binding to and competitively inhibiting transcription factors.[A233814]",,ROS accumulation; mitochondrial dysfunction; inflammatory infiltration; cholestatic hepatitis features; reversible post-withdrawal
nefazodone,vMost-DILI-Concern,CCC1=NN(C(=O)N1CCOC2=CC=CC=C2)CCCN3CCN(CC3)C4=CC(=CC=C4)Cl,1,Metabolic,Nefazodone,N06AX06,N06A,5-hydroxytryptamine receptor 2A; 5-hydroxytryptamine receptor 2C; Sodium-dependent serotonin transporter; 5-hydroxytryptamine receptor 1A; Sodium-dependent noradrenaline transporter; Sodium-dependent dopamine transporter; Alpha-1B adrenergic receptor; Alpha-2A adrenergic receptor; Alpha-1A adrenergic receptor; Voltage-gated inwardly rectifying potassium channel KCNH2,Cytochrome P450 3A Subfamily; Cytochrome P450 3A4; Cytochrome P450 2D6; CYP2B protein,ATP-dependent translocase ABCB1; Solute carrier organic anion transporter family member 1B3; Solute carrier organic anion transporter family member 2B1; Bile salt export pump,For the treatment of depression.,approved; withdrawn,"Within the serotonergic system, nefazodone acts as an antagonist at type 2 serotonin (5-HT<sub>2</sub>) post-synaptic receptors and, like fluoxetine-type antidepressants, inhibits pre-synaptic serotonin (5-HT) reuptake. These mechanisms increase the amount of serotonin available to interact with 5-HT receptors. Within the noradrenergic system, nefazodone inhibits norepinephrine uptake minimally. Nefazodone also antagonizes alpha(1)-adrenergic receptors, producing sedation, muscle relaxation, and a variety of cardiovascular effects. Nefazodone's affinity for benzodiazepine, cholinergic, dopaminergic, histaminic, and beta or alpha(2)-adrenergic receptors is not significant.",https://www.ncbi.nlm.nih.gov/books/NBK548179/,"""Nefazodone is extensively metabolized via CYP3A4 and may cause idiosyncratic hepatocellular injury due to formation of toxic intermediates. Hepatotoxicity usually presents 6 weeks to 8 months after starting therapy and can lead to acute liver failure, sometimes fatal."""
nevirapine,vMost-DILI-Concern,CC1=C2C(=NC=C1)N(C3=C(C=CC=N3)C(=O)N2)C4CC4,1,Immune,Nevirapine,J05AG01,J05A,Gag-Pol polyprotein; Reverse transcriptase/RNaseH,Cytochrome P450 2D6; Cytochrome P450 1A2; Cytochrome P450 3A7; Cytochrome P450 3A4; Cytochrome P450 2B6; Cytochrome P450 3A5; Cytochrome P450 2C9; Cytochrome P450 2A6,Solute carrier family 22 member 1,For use in combination with other antiretroviral drugs in the ongoing treatment of HIV-1 infection.,approved,Nevirapine binds directly to reverse transcriptase (RT) and blocks the RNA-dependent and DNA-dependent DNA polymerase activities by causing a disruption of the enzyme's catalytic site. The activity of nevirapine does not compete with template or nucleoside triphosphates.,https://www.ncbi.nlm.nih.gov/books/NBK548895/,¡§¨ã§K¬Ì¹L±Ó©Ê¨x·l¶Ë¡]hypersensitivity syndrome¡^¡G±`¨£¥Ö¯l¡Bµo¿N¡B¶Ý»Ä©Ê²y¼W¦h¡A±`¦b 6¡V8 ¶g¤ºµo¥Í¡C³¡¤À­Ó®×¯Ê¥F§K¬Ì¹L±Ó¯S¼x¡A¥i¯à»P¥NÁÂ¬rª«¤¤¶¡²£ª«¬ÛÃö¡C¡¨
niacin,vMost-DILI-Concern,C1=CC(=CN=C1)C(=O)O,1,Metabolic,Niacin,C10AD02,C10A,Hydroxycarboxylic acid receptor 3; Diacylglycerol O-acyltransferase 2; Hydroxycarboxylic acid receptor 2; Nicotinate-nucleotide pyrophosphorylase [carboxylating]; Nicotinamide N-methyltransferase,Cytochrome P450 2D6; Cytochrome P450 3A4; Cytochrome P450 2E1,Organic cation/carnitine transporter 2; Solute carrier organic anion transporter family member 2B1; Monocarboxylate transporter 1; Sodium-coupled monocarboxylate transporter 1; Monocarboxylate transporter 4,"Niacin is indicated to prevent vitamin deficiencies in pediatric and adult patients receiving parenteral nutrition as part of multivitamin intravenous injections.[L7550,L7553,L7556,L7559] Niacin oral tablets are indicated as a monotherapy or in combination with simvastatin or lovastatin to treat primary hyperlipidemia and mixed dyslipidemia.[L7562,L7565] It can also be used to reduce the risk of nonfatal myocardial infarctions in patients with a history of myocardial infarction and hyperlipidemia.[L7562,L7565] Niacin is also indicated with bile acid binding resins to treat atherosclerosis in patients with coronary artery disease and hyperlipidemia or to treat primary hyperlipidemia.[L7562,L7565] Finally niacin is indicated to treat severe hypertriglyceridemia.[L7562,L7565]",approved; investigational; nutraceutical,"Niacin performs a number of functions in the body and so has many mechanisms, not all of which have been fully described.[A19555] Niacin can decrease lipids and apolipoprotein B (apo B)-containing lipoproteins by modulating triglyceride synthesis in the liver, which degrades apo B, or by modulating lipolysis in adipose tissue.[A19555]

Niacin inhibits hepatocyte diacylglycerol acyltransferase-2.[A19555] This action prevents the final step of triglyceride synthesis in hepatocytes, limiting available triglycerides for very low density lipoproteins (VLDL).[A19555] This activity also leads to intracellular degradation of apo B and decreased production of low density lipoproteins, the catabolic product of VLDL.[A19555]

Niacin also inhibits a high density lipoprotein (HDL) catabolism receptor, which increases the levels and half life of HDL.[A19555]",https://www.ncbi.nlm.nih.gov/books/NBK548176/,"""High-dose niacin, particularly sustained release (SR) formulations, can cause dose-dependent hepatotoxicity, typically hepatocellular in nature, presenting with acute hepatic necrosis. The mechanism is not idiosyncratic but likely due to intrinsic toxic effects at high serum levels exceeding receptor capacity."""
nialamide,vMost-DILI-Concern,C1=CC=C(C=C1)CNC(=O)CCNNC(=O)C2=CC=NC=C2,1,Immune,Nialamide,N06AF02,N06A,Amine oxidase [flavin-containing] B; Amine oxidase [flavin-containing] A; Catechol O-methyltransferase,,,,approved; withdrawn,"Nialamide was one of the first MAOI (monoamine oxidase inhibitor) antidepressants. It is chemically related to iproniazide, another MAOI derived from isonicotinic acid. //",withdrawn,"Delayed onset, T-cell activation, autoimmune features"
nilutamide,vMost-DILI-Concern,CC1(C(=O)N(C(=O)N1)C2=CC(=C(C=C2)[N+](=O)[O-])C(F)(F)F)C,1,Metabolic,Nilutamide,L02BB02,L02B,Androgen receptor,Cytochrome P450 2C19; NADPH--cytochrome P450 reductase,,"For use in combination with surgical castration for the treatment of metastatic prostate cancer involving distant lymph nodes, bone, or visceral organs (Stage D2).",approved; investigational,"Nilutamide competes with androgen for the binding of androgen receptors, consequently blocking the action of androgens of adrenal and testicular origin that stimulate the growth of normal and malignant prostatic tissue. This blockade of androgen receptors may result in growth arrest or transient tumor regression through inhibition of androgen-dependent DNA and protein synthesis.",https://www.ncbi.nlm.nih.gov/books/NBK548158/,"""Nilutamide-induced liver injury is likely idiosyncratic and may involve oxidative stress or mitochondrial dysfunction. Hepatocellular injury typically occurs 2¡V4 months after therapy initiation, with rare but reported cases of acute liver failure."""
nimesulide,vMost-DILI-Concern,CS(=O)(=O)NC1=C(C=C(C=C1)[N+](=O)[O-])OC2=CC=CC=C2,1,Metabolic,Nimesulide,M01AX17,M01A,Prostaglandin G/H synthase 2; Tumor necrosis factor ligand superfamily member 10; Lactotransferrin; Group IIE secretory phospholipase A2,Cytochrome P450 3A4,,"For the treatment of acute pain, the symptomatic treatment of osteoarthritis and primary dysmenorrhoea in adolescents and adults above 12 years old.",approved; investigational; withdrawn,"The therapeutic effects of Nimesulide are the result of its complete mode of action which targets a number of key mediators of the inflammatory process such as: COX-2 mediated prostaglandins, free radicals, proteolytic enzymes and histamine.",https://www.ncbi.nlm.nih.gov/books/NBK547948/,"""Nimesulide-induced liver injury is idiosyncratic, likely due to reactive metabolites formed during hepatic metabolism. The injury typically presents as hepatocellular hepatitis, with rare but severe cases of acute liver failure and a high mortality rate (10¡V20%).""»P sulfonanilide µ²ºc¦³Ãö"
niperotidine,vMost-DILI-Concern,CN(C)CC1=CC=C(O1)CSCCN/C(=C\[N+](=O)[O-])/NCC2=CC3=C(C=C2)OCO3,1,Immune,Niperotidine,A02BA05,A02B,Histamine H2 receptor,,,,experimental; investigational,,https://pubmed.ncbi.nlm.nih.gov/9314138/?utm_source=chatgpt.com,"""Acute, idiosyncratic hepatocellular hepatitis; likely immunoallergic hypersensitivity response, abrupt onset 2?days¡Vweeks after starting; mortality reported. No known chronic or vascular forms.""®É¶¡¼ç¥ñÅÜ²§¡A»P¾¯¶qµL©úÅãÃö«Y¡A²Å¦X idiosyncratic ¯S¼x¡A±`¬° hepatocellular pattern¡A¨ã«æ©Ê§K¬Ì¼Ë¯gª¬¡A­«¯g¥i¯à­P¦º¡A·t¥Ü immune?mediated ¾÷Âà"
nitrefazole,vMost-DILI-Concern,CC1=NC(=CN1C2=CC=C(C=C2)[N+](=O)[O-])[N+](=O)[O-],1,No Data,,,,,,,,,,withdrawn,Limited data; no evidence of liver injury
nitrofurantoin,vMost-DILI-Concern,C1C(=O)NC(=O)N1/N=C\C2=CC=C(O2)[N+](=O)[O-],1,Immune/Metabolic,Nitrofurantoin,J01XE01,J01X,Probable pyruvate-flavodoxin oxidoreductase; Oxygen-insensitive NADPH nitroreductase; 30S ribosomal protein S10,NADPH--cytochrome P450 reductase,Broad substrate specificity ATP-binding cassette transporter ABCG2; Bile salt export pump; ATP-dependent translocase ABCB1; ATP-binding cassette sub-family C member 2,"Nitrofurantoin is indicated to treat acute uncomplicated urinary tract infections.[L6856,L6859,L6862]",approved; vet_approved,"Nitrofurantoin is converted by bacterial nitroreductases to electrophilic intermediates which inhibit the citric acid cycle as well as synthesis of DNA, RNA, and protein.[A179824]",https://www.ncbi.nlm.nih.gov/books/NBK548318/,"""Both acute immunoallergic hepatitis (fever, rash, hepatocellular pattern) and chronic autoimmune-like hepatitis with ANA/SMA; long-term use may cause fibrosis and cirrhosis. Possible metabolic involvement via oxidative metabolites."""
nomifensine,vMost-DILI-Concern,CN1CC(C2=C(C1)C(=CC=C2)N)C3=CC=CC=C3,1,Immune,Nomifensine,N06AX04,N06A,D(2) dopamine receptor; Sodium-dependent noradrenaline transporter; Sodium-dependent dopamine transporter; Amine oxidase [flavin-containing] B; Amine oxidase [flavin-containing] A; Myeloperoxidase; Sodium-dependent serotonin transporter; Synaptic vesicular amine transporter,,,,approved; withdrawn,,,"""Idiosyncratic, immune-mediated liver injury; often associated with hypersensitivity reactions (fever, rash, eosinophilia); hepatocellular pattern; onset within weeks to months."""
nortriptyline,vMost-DILI-Concern,CNCCC=C1C2=CC=CC=C2CCC3=CC=CC=C31,1,Metabolic,Nortriptyline,N06AA10,N06A,Sodium-dependent noradrenaline transporter; Sodium-dependent serotonin transporter; 5-hydroxytryptamine receptor 2A; 5-hydroxytryptamine receptor 1A; Histamine H1 receptor; Alpha-1A adrenergic receptor; Alpha-1D adrenergic receptor; 5-hydroxytryptamine receptor 2C; Alpha-1B adrenergic receptor; Alpha-2 adrenergic receptors; Beta adrenergic receptor; D(2) dopamine receptor; Sigma receptor; 5-hydroxytryptamine receptor 2C; Muscarinic acetylcholine receptor,Cytochrome P450 2D6; Cytochrome P450 3A4; Cytochrome P450 1A2; Cytochrome P450 2C19; Cytochrome P450 3A5; Cytochrome P450 2E1,Sodium-dependent noradrenaline transporter; ATP-dependent translocase ABCB1,"Nortriptyline is indicated for the relief of the symptoms of major depressive disorder (MDD).[L11878] Some off-label uses for this drug include treatment of chronic pain, myofascial pain, neuralgia, and irritable bowel syndrome.[A191083,L11878]",approved,"Though prescribing information does not identify a specific mechanism of action for nortriptyline[L11878], is believed that nortriptyline either inhibits the reuptake of the neurotransmitter serotonin at the neuronal membrane or acts at the level of the beta-adrenergic receptors. It displays a more selective reuptake inhibition for noradrenaline, which may explain increased symptom improvement after nortriptyline therapy.[T28] Tricyclic antidepressants do not inhibit monoamine oxidase nor do they affect dopamine reuptake.[L11878] As with other tricyclics, nortriptyline displays affinity for other receptors including mACh receptors, histamine receptors, 5-HT receptors, in addition to other receptors.[A18198,A4909,T28]",https://www.ncbi.nlm.nih.gov/books/NBK548526/,"""Nortriptyline-induced liver injury is believed to be idiosyncratic and related to formation of reactive metabolites via hepatic metabolism. Most cases are mild, but rare instances of hepatocellular injury with acute liver failure have been reported, typically occurring within 2¡V3 months of therapy."""
orlistat,vMost-DILI-Concern,CCCCCCCCCCC[C@@H](C[C@H]1[C@@H](C(=O)O1)CCCCCC)OC(=O)[C@H](CC(C)C)NC=O,1,Immune,Orlistat,A08AB01,A08A,Pancreatic triacylglycerol lipase; Cannabinoid receptor 1; Gastric triacylglycerol lipase; Fatty acid synthase,Cytochrome P450 3A4; Cytosolic phospholipase A2; Fatty acid synthase,,Orlistat is indicated for obesity management including weight loss and weight maintenance when used in combination with calorie reduction in overweight and obese adults; this indication applies to both the prescription formulation of 120 mg[L11130] and the over-the-counter formulation of 60 mg.[L31963] Orlistat in the 120 mg prescription formulation is also indicated to reduce the risk of weight regain following weight loss.[L11130],approved; investigational,"Orlistat is a potent and selective inhibitor of various lipase enzymes responsible for the metabolism of fat. It acts in the gastrointestinal (GI) tract via covalent binding to the serine residues located on the active site of both gastric and pancreatic lipase. When orlistat is taken with food containing fat, it partially inhibits the hydrolysis of triglycerides. This decreases absorption of monoaclglycerides and free fatty acids, contributing to weight maintenance and weight loss.[A37653,L11130]",https://www.ncbi.nlm.nih.gov/books/NBK548898/,"""Orlistat-induced liver injury is rare and idiosyncratic. Although systemic absorption is minimal, some cases of hepatocellular injury and acute liver failure have been reported. The mechanism remains unclear, but may involve a hypersensitivity reaction, though classical immune features are usually absent."""
oxaliplatin,vMost-DILI-Concern,C1CC[C@H]([C@@H](C1)N)N.C(=O)(C(=O)[O-])[O-].[Pt+2],1,Metabolic,Oxaliplatin,L01XA03,L01X,DNA,Glutathione S-transferase theta-1; Metallothionein-1A; Metallothionein-2; Myeloperoxidase; Superoxide dismutase [Cu-Zn]; Glutathione S-transferase P; Glutathione S-transferase Mu 1; NAD(P)H dehydrogenase [quinone] 1,Solute carrier family 22 member 2; High affinity copper uptake protein 1; Solute carrier family 22 member 3; Broad substrate specificity ATP-binding cassette transporter ABCG2; ATP-binding cassette sub-family C member 2; Copper-transporting ATPase 2; Copper-transporting ATPase 1,"Oxaliplatin, in combination with infusional fluorouracil and leucovorin, is indicated for the treatment of advanced colorectal cancer and adjuvant treatment of stage III colon cancer in patients who have undergone complete resection of the primary tumor.[L47206]",approved; investigational,"Oxaliplatin undergoes nonenzymatic conversion in physiologic solutions to active derivatives via displacement of the labile oxalate ligand. Several transient reactive species are formed, including monoaquo and diaquo DACH platinum, which covalently bind with macromolecules. Both inter and intrastrand Pt-DNA crosslinks are formed. Crosslinks are formed between the N7 positions of two adjacent guanines (GG), adjacent adenine-guanines (AG), and guanines separated by an intervening nucleotide (GNG). These crosslinks inhibit DNA replication and transcription. Cytotoxicity is cell-cycle nonspecific.[L47206]",https://www.ncbi.nlm.nih.gov/books/NBK548456/,"""Oxaliplatin is associated with sinusoidal endothelial cell injury, which can lead to sinusoidal obstruction syndrome (SOS) and nodular regenerative hyperplasia (NRH), resulting in non-cirrhotic portal hypertension. This vascular-type hepatotoxicity occurs mostly after repeated cycles of chemotherapy."""
oxandrolone,vMost-DILI-Concern,C[C@]12CC[C@H]3[C@H]([C@@H]1CC[C@]2(C)O)CC[C@@H]4[C@@]3(COC(=O)C4)C,1,Metabolic,Oxandrolone,A14AA08,A14A,Androgen receptor,Cytochrome P450 2C9,,Use to promote weight gain after weight loss following extensive surgery.,approved; investigational,Oxandrolones interact with androgen receptors in target tissues.,,17£\-alkylated steroid; mild to moderate ALT/AST elevation; possible cholestasis Dose-dependent metabolic hepatotoxicity and cholestasis
oxymetholone,vMost-DILI-Concern,C[C@]12CC[C@H]3[C@H]([C@@H]1CC[C@]2(C)O)CC[C@@H]4[C@@]3(CC(=CO)C(=O)C4)C,1,Metabolic,Oxymetholone,A14AA05,A14A,Androgen receptor; Natriuretic peptides B,Amine oxidase [flavin-containing] A; Cytochrome P450 2D6; 3-oxo-5-alpha-steroid 4-dehydrogenase 1; Cytochrome P450 3A4; Cytochrome P450 3A5; Cytochrome P450 3A7; Cytochrome P450 3A43,,"Indicated in the treatment of anemias caused by deficient red cell production. Acquired aplastic anemia, congenital aplastic anemia, myelofibrosis and the hypoplastic anemias due to the administration of myelotoxic drugs often respond. Oxymetholone should not replace other supportive measures such as transfusion, correction of iron, folic acid, vitamin B12 or pyridoxine deficiency, antibacterial therapy and the appropriate use of corticosteroids.",approved; illicit,"Oxymethalone is a 17 alpha-alkylated anabolic-androgenic steroid and a synthetic derivative of testosterone, whose anabolic effects are used to treat muscle wasting in HIV patients. The effects of testosterone in humans and other vertebrates occur by way of two main mechanisms: by activation of the androgen receptor (directly or as DHT), and by conversion to estradiol and activation of certain estrogen receptors. Free testosterone (T) is transported into the cytoplasm of target tissue cells, where it can bind to the androgen receptor, or can be reduced to 5Î±-dihydrotestosterone (DHT) by the cytoplasmic enzyme 5Î±-reductase. DHT binds to the same androgen receptor even more strongly than T, so that its androgenic potency is about 2.5 times that of T. The T-receptor or DHT-receptor complex undergoes a structural change that allows it to move into the cell nucleus and bind directly to specific nucleotide sequences of the chromosomal DNA. The areas of binding are called hormone response elements (HREs), and influence transcriptional activity of certain genes, producing the androgen effects.",,Oral 17£\-alkylated steroid; marked ALT/AST elevation; cholestasis; rare hepatic tumors reported
oxyphenisatin,vMost-DILI-Concern,CC(=O)OC1=CC=C(C=C1)C2(C3=CC=CC=C3NC2=O)C4=CC=C(C=C4)OC(=O)C,1,Metabolic,Oxyphenisatin,A06AB01,A06A,,,,,investigational; withdrawn,,,Reactive metabolite formation; withdrawn due to hepatotoxicity
pafuramidine ,vMost-DILI-Concern,CO/N=C(\N)/C1=CC=C(C=C1)C2=CC=C(O2)C3=CC=C(C=C3)/C(=N/OC)/N,1,Metabolic,Pafuramidine,,,,,,"Investigated for use/treatment in pneumonia, trypanosomiasis, malaria, HIV infection, and infectious and parasitic disease (unspecified).",investigational,,terminated,Elevated liver enzymes; development terminated due to hepatotoxicity concerns
papaverine,vMost-DILI-Concern,COC1=C(C=C(C=C1)CC2=NC=CC3=CC(=C(C=C32)OC)OC)OC,1,Immune,Papaverine,G04BE02,G04B,"3',5'-cyclic-AMP phosphodiesterase 4D; cGMP-specific 3',5'-cyclic phosphodiesterase; 3',5'-cyclic-AMP phosphodiesterase 4B; cAMP and cAMP-inhibited cGMP 3',5'-cyclic phosphodiesterase 10A; Phosphodiesterase enzymes",,,For the treatment of impotence and vasospasms.,approved; investigational,"Perhaps by its direct vasodilating action on cerebral blood vessels, Papaverine increases cerebral blood flow and decreases cerebral vascular resistance in normal subjects; oxygen consumption is unaltered. These effects may explain the benefit reported from the drug in cerebral vascular encephalopathy.",,Delayed-onset idiosyncratic hepatitis; rechallenge positive; autoantibodies
pazopanib,vMost-DILI-Concern,CC1=C(C=C(C=C1)NC2=NC=CC(=N2)N(C)C3=CC4=NN(C(=C4C=C3)C)C)S(=O)(=O)N,1,Metabolic,Pazopanib,L01EX03,L01E,Vascular endothelial growth factor receptor 1; Vascular endothelial growth factor receptor 2; Vascular endothelial growth factor receptor 3; Platelet-derived growth factor receptor alpha; Platelet-derived growth factor receptor beta; Mast/stem cell growth factor receptor Kit; Fibroblast growth factor receptor 3; Tyrosine-protein kinase ITK/TSK; Fibroblast growth factor 1; SH2B adapter protein 3,Cytochrome P450 2D6; Cytochrome P450 2C8; Cytochrome P450 1A2; Cytochrome P450 3A4,ATP-dependent translocase ABCB1; Broad substrate specificity ATP-binding cassette transporter ABCG2; Solute carrier organic anion transporter family member 1B1; UDP-glucuronosyltransferase 1A1,Treatment of advanced renal cell cancer and advanced soft tissue sarcoma (in patients previously treated with chemotherapy),approved,"Pazopanib is a second-generation multitargeted tyrosine kinase inhibitor against vascular endothelial growth factor receptor-1, -2, and -3, platelet-derived growth factor receptor-alpha, platelet-derived growth factor receptor-beta, and c-kit. These receptor targets are part of the angiogenesis pathway that facilitates the formation of tumour blood vessel for tumour survival and growth.",https://www.ncbi.nlm.nih.gov/books/NBK548110/,"¡§Likely metabolism-related liver injury via CYP3A4 with potential toxic intermediates; mixed enzyme pattern; lacks immune/allergic features¡¨ALT/AST elevation Á`Áx¬õ¯À¤É°ª	¸g CYP3A4 ¥NÁÂ¬°¥D¡A¤åÄm«ü¥X¨x·l¥i¯à¨Ó¦Û¬r©Ê¥NÁÂª« 	»P¨ä¥L CYP3A4 §í¨î¾¯¡]¦p simvastatin¡^ ¦X¨Ö¨Ï¥Î®É¨x·l­·ÀI¤W¤É ¦¹Ãþ kinase inhibitors ¤@¯ë»P¨x¬r©Ê¦³±K¤Áµ²ºc¥NÁÂÃöÁp©Ê¡]¥i¥Ñ ECFP ÅãµÛªí¼x¡^"
pemoline,vMost-DILI-Concern,C1=CC=C(C=C1)C2C(=O)N=C(O2)N,1,Immune,Pemoline,N06BA05,N06B,,,,For treatment of Attention Deficit Hyperactivity Disorder (ADHD),approved; illicit; investigational; withdrawn,,,Idiosyncratic delayed onset; rare hypersensitivity features ÁöµM³¡¤À¤åÄm¥¼§¹¥þÃÒ¹ê T-cell ¬¡¤Æ¡A¦ý¨äÁ{§É§e²{¡]©µ¿ð©Ê¡B´_µo©Ê¡B«D¾¯¶q¨Ì¿à¡^²Å¦X§K¬Ì©Ê¨x¬r©Êªº¯S¼x
pentostatin,vMost-DILI-Concern,C1[C@H](C2=C(NC=N1)N(C=N2)C3CC(C(O3)CO)O)O,1,Metabolic/Immune,Pentostatin,L01XX08,L01X,Adenosine deaminase,,,For the treatment of hairy cell leukaemia refractory to alpha interferon.,approved; investigational,"Pentostatin is a potent transition state inhibitor of adenosine deaminase (ADA), the greatest activity of which is found in cells of the lymphoid system. T-cells have higher ADA activity than B-cells, and T-cell malignancies have higher activity than B-cell malignancies. The cytotoxicity that results from prevention of catabolism of adenosine or deoxyadenosine is thought to be due to elevated intracellular levels of dATP, which can block DNA synthesis through inhibition of ribonucleotide reductase. Intracellular activation results in incorporation into DNA as a false purine base. An additional cytotoxic effect is related to its incorporation into RNA. Cytotoxicity is cell cycle phase-specific (S-phase).",https://www.ncbi.nlm.nih.gov/books/NBK548172/,"""Pentostatin is associated with rare but severe liver injury, potentially via dose-related direct hepatocellular toxicity or reactivation of latent infections (e.g., hepatitis B) due to immunosuppression. The enzyme elevation pattern can be hepatocellular or cholestatic, with unclear hypersensitivity features."""
perhexiline,vMost-DILI-Concern,C1CCC(CC1)C(CC2CCCCN2)C3CCCCC3,1,Metabolic,Perhexiline,C08EX02,C08E,"Carnitine O-palmitoyltransferase 1, liver isoform; Carnitine O-palmitoyltransferase 1, muscle isoform; Carnitine O-palmitoyltransferase 2, mitochondrial; Voltage-gated inwardly rectifying potassium channel KCNH2",Cytochrome P450 2B6; Cytochrome P450 3A4; Cytochrome P450 2D6,,For the management of severe angina pectoris.,approved; investigational,"Perhexiline binds to the mitochondrial enzyme carnitine palmitoyltransferase (CPT)-1 and CPT-2. It acts by shifting myocardial substrate utilisation from long chain fatty acids to carbohydrates through inhibition of CPT-1 and, to a lesser extent, CPT-2, resulting in increased glucose and lactate utilization. This results in increased ATP production for the same O2 consumption as before and consequently increases myocardial efficiency.",,Elevated liver enzymes; mitochondrial dysfunction possible
phenoxypropazine,vMost-DILI-Concern,CC(COC1=CC=CC=C1)NN,1,Immune,Phenoxypropazine,,,,,,For the treatment of depression.,withdrawn,,withdrawn,"Delayed hepatotoxicity; rare historical MAOI hepatotoxicity case reports CYP ©Î reactive metabolite ¸ê®Æ¡G¥¼¨£©ú½TÃÒ¾Ú
BSEP / ?¥ÄÆ{¿n²{¶H¡GµL¸ê®Æ¤ä«ù
©µ¿ð«¬¡B«D¾¯¶q¨Ì¿à©Ê¡G¦³³ø§i¤ä«ù
Hypersensitivity / ¦ÛÅé§ÜÅé¡G¥¼©ú½T°O¿ý"
phenytoin,vMost-DILI-Concern,C1=CC=C(C=C1)C2(C(=O)NC(=O)N2)C3=CC=CC=C3,1,Immune,Phenytoin,N03AB02,N03A,Sodium channel protein type 5 subunit alpha; Sodium channel protein type 1 subunit alpha; Voltage-gated inwardly rectifying potassium channel KCNH2; Voltage-dependent L-type calcium channel; Sodium channel protein type 2 subunit alpha; Sodium channel protein type 8 subunit alpha; Nuclear receptor subfamily 1 group I member 2; Sodium channel regulatory subunit beta-1; Sodium channel protein type 3 subunit alpha; GABA(A) Receptor,"Cytochrome P450 2C9; Cytochrome P450 2C19; Cytochrome P450 2C8; Cytochrome P450 2B6; Cytochrome P450 3A4; Cytochrome P450 3A5; Cytochrome P450 3A7; Cytochrome P450 11B1, mitochondrial; UDP-glucuronosyltransferase 1A1; UDP-glucuronosyltransferase 1-6; UDP-glucuronosyltransferase 1A9; Cytochrome P450 1A2; Cytochrome P450 2A6; Cytochrome P450 2D6; Cytochrome P450 2E1; Epoxide hydrolase 1; UDP-glucuronosyltransferase 1A4; Catechol O-methyltransferase; NAD(P)H dehydrogenase [quinone] 1; Cytochrome P450 2C18",Solute carrier organic anion transporter family member 1C1; ATP-dependent translocase ABCB1; ATP-binding cassette sub-family C member 2,"Phenytoin is indicated to treat grand mal seizures, complex partial seizures, and to prevent and treat seizures during or following neurosurgery.[L9362] Injectable phenytoin and [Fosphenytoin], which is the phosphate ester prodrug formulation of phenytoin[A188571], are indicated to treat tonic-clonic status epilepticus, and for the prevention and treatment of seizures occurring during neurosurgery.[L10740]",approved; vet_approved,"Although phenytoin first appeared in the literature in 1946, it has taken decades for the mechanism of action to be more specifically elucidated.[A188826] Although several scientists were convinced that phenytoin altered sodium permeability, it wasn?™t until the 1980?™s that this phenomenon was linked to voltage-gated sodium channels.[A188826] 

Phenytoin is often described as a non-specific sodium channel blocker and targets almost all voltage-gated sodium channel subtypes.[A188826] More specifically, phenytoin prevents seizures by inhibiting the positive feedback loop that results in neuronal propagation of high frequency action potentials.[A188772,A189219,A189273]",https://www.ncbi.nlm.nih.gov/books/NBK548889/,"""Hypersensitivity-mediated liver injury (DRESS); arene oxide metabolite; typically hepatocellular or mixed pattern; associated with rash, fever, eosinophilia, and systemic symptoms"""
pipamazine,vMost-DILI-Concern,C1CN(CCC1C(=O)N)CCCN2C3=CC=CC=C3SC4=C2C=C(C=C4)Cl,1,Immune,,,,,,,,,,withdrawn,"Delayed-onset, idiosyncratic; possible hypersensitivity features"
pirprofen,vMost-DILI-Concern,CC(C1=CC(=C(C=C1)N2CC=CC2)Cl)C(=O)O,1,Immune,Pirprofen,M01AE08,M01A,,,,,experimental,,withdrawn,"Delayed idiosyncratic DILI; hypersensitivity features (rash, eosinophilia, fever)"
pralnacasan ,vMost-DILI-Concern,CCO[C@H]1[C@H](CC(=O)O1)NC(=O)[C@@H]2CCCN3N2C(=O)[C@H](CCC3=O)NC(=O)C4=NC=CC5=CC=CC=C54,1,Metabolic,Pralnacasan,,,Caspase-1,,,For the treatment of rheumatoid arthritis (RA).,investigational,"Pralnacasan inhibits interleukin-1beta converting enzyme (ICE), an enzyme that regulates the production of IL-1 and IFN gamma - intercellular mediators that initiate and sustain the process of inflammation. Inhibiting ICE may be an effective strategy for curtailing damaging inflammatory processes common to a number of acute and chronic conditions, such as rheumatoid arthritis (RA) and osteoarthritis.",terminated,Nonclinical liver toxicity; possible metabolic accumulation (peptidomimetic structure)
propylthiouracil,vMost-DILI-Concern,CCCC1=CC(=O)NC(=S)N1,1,Immune,Propylthiouracil,H03BA02,H03B,Type I iodothyronine deiodinase; Thyroid peroxidase,Myeloperoxidase; Dopamine beta-hydroxylase; Cytochrome P450 1A1,,Used to manage hyperthyroidism which is due to an overactive thyroid gland (Grave's disease).,approved; investigational,"Propylthiouracil binds to thyroid peroxidase and thereby inhibits the conversion of iodide to iodine. Thyroid peroxidase normally converts iodide to iodine (via hydrogen peroxide as a cofactor) and also catalyzes the incorporation of the resulting iodide molecule onto both the 3 and/or 5 positions of the phenol rings of tyrosines found in thyroglobulin. Thyroglobulin is degraded to produce thyroxine (T4) and tri-iodothyronine (T3), which are the main hormones produced by the thyroid gland. Therefore propylthiouracil effectively inhibits the production of new thyroid hormones.",https://www.ncbi.nlm.nih.gov/books/NBK547973/,"""Idiosyncratic hepatocellular injury; possibly immune-mediated; may involve lymphocyte sensitization; higher risk in children; associated with autoimmune background"""
raltegravir,vMost-DILI-Concern,CC1=NN=C(O1)C(=O)NC(C)(C)C2=N/C(=C(/NCC3=CC=C(C=C3)F)\O)/C(=O)C(=O)N2C,1,Not established / Unlikely,Raltegravir,J05AR16,J05A,Gag-Pol polyprotein; Integrase,UDP-glucuronosyltransferase 1A1,,For the treatment of HIV-1 infection in conjunction with other antiretrovirals.,approved,Raltegravir inhibits HIV integrase to prevent the viral genome being incorporated into the human genome. Raltegravir is primarily metabolized by glucuronidation.,https://www.ncbi.nlm.nih.gov/books/NBK548313/,"E* (unproven but suspected cause of clinically apparent liver injury).""No confirmed cases of clinically apparent liver injury; mild ALT elevations reported; potential hypersensitivity-related liver involvement in rare SJS cases; glucuronidation metabolism; does not affect CYP450 system"""
rifampin,vMost-DILI-Concern,C[C@H]1/C=C/C=C(\C(=O)NC\2=C(C3=C(C(=C4C(=C3C(=O)/C2=C/NN5CCN(CC5)C)C(=O)[C@](O4)(O/C=C/[C@@H]([C@H]([C@H]([C@@H]([C@@H]([C@@H]([C@H]1O)C)O)C)OC(=O)C)C)OC)C)C)O)O)/C,1,Metabolic/Immune,Rifampin,J04BA50,J04B,DNA-directed RNA polymerase subunit beta; Nuclear receptor subfamily 1 group I member 2,UDP-glucuronosyltransferase 1A1; UDP-glucuronosyltransferase 1A9; Cytochrome P450 1A2; Cytochrome P450 2B6; Cytochrome P450 2C8; Cytochrome P450 2C9; Cytochrome P450 2C19; Cytochrome P450 3A4; Cytochrome P450 3A7; Cytochrome P450 3A43; Cytochrome P450 3A5; Cytochrome P450 2A6; Cytochrome P450 2E1,ATP-dependent translocase ABCB1; Solute carrier organic anion transporter family member 1B1; Solute carrier organic anion transporter family member 1B3; Solute carrier organic anion transporter family member 2B1; Solute carrier organic anion transporter family member 1A2; Multidrug resistance-associated protein 1; ATP-binding cassette sub-family C member 5; ATP-binding cassette sub-family C member 2; ATP-binding cassette sub-family C member 3; Bile salt export pump; Solute carrier family 22 member 6; Solute carrier family 22 member 7; Organic anion transporter 3,"Rifampin is indicated for the treatment of tuberculosis and asymptomatic carriers of _Neisseria meningitidis_ to eliminate meningococci from the nasopharynx.[L45374, L50718] In combination with [pyrazinamide] and [isoniazid], it is used in the initial phase of the short-course treatment of pulmonary tuberculosis.[L45369]",approved,"Rifampin works by binding to the beta-subunit of microbial DNA-dependent RNA polymerase (RNAP),[A263768] thereby inhibiting the enzyme and impeding RNA synthesis. It reduces the affinity of RNAP for short RNA transcripts. It has no activity against the mammalian RNAP enzyme.[A263748]",https://www.ncbi.nlm.nih.gov/books/NBK548314/,"""Likely due to idiosyncratic metabolic reaction or immunologic response; induces CYP enzymes and MRP2 transporter; hepatocellular, mixed or cholestatic patterns observed""Likelihood score: A¬° CYP3A4 »P MRP2 ±j»¤¾É¾¯¡A·|§ïÅÜ³\¦hÃÄª«¥NÁÂ»P¨x¤ºÁx¬õ¯À¹B¿é"
riluzole,vMost-DILI-Concern,C1=CC2=C(C=C1OC(F)(F)F)SC(=N2)N,1,Metabolic/Immune,Riluzole,N07XX02,N07X,Sodium channel protein type 5 subunit alpha; Sodium channel protein type 11 subunit alpha; Cystine/glutamate transporter,Cytochrome P450 1A1; Cytochrome P450 1A2,Broad substrate specificity ATP-binding cassette transporter ABCG2,"For the treatment of amyotrophic lateral sclerosis (ALS, Lou Gehrig's Disease)",approved; investigational,"The mode of action of riluzole is unknown. Its pharmacological properties include the following, some of which may be related to its effect: 1) an inhibitory effect on glutamate release (activation of glutamate reuptake), 2) inactivation of voltage-dependent sodium channels, and 3) ability to interfere with intracellular events that follow transmitter binding at excitatory amino acid receptors.",https://www.ncbi.nlm.nih.gov/books/NBK548919/,"""Riluzole is extensively metabolized in the liver via cytochrome P450 enzymes, and hepatotoxicity may be due to toxic or immunogenic intermediates. Clinically apparent liver injury is rare, typically hepatocellular or mixed, with uncommon hypersensitivity features."""
ritonavir,vMost-DILI-Concern,CC(C)C1=NC(=CS1)CN(C)C(=O)N[C@@H](C(C)C)C(=O)N[C@@H](CC2=CC=CC=C2)C[C@@H]([C@H](CC3=CC=CC=C3)NC(=O)OCC4=CN=CS4)O,1,Immune + Metabolic,Ritonavir,J05AP53,J05A,Gag-Pol polyprotein; Pol polyprotein; Nuclear receptor subfamily 1 group I member 2,Cytochrome P450 3A4; Cytochrome P450 2D6; Cytochrome P450 2C9; Cytochrome P450 2C19; Cytochrome P450 2B6; Cytochrome P450 2C8; Cytochrome P450 1A2; Cytochrome P450 3A5; Cytochrome P450 3A7; UDP-glucuronosyltransferases (UGTs),ATP-dependent translocase ABCB1; Multidrug resistance-associated protein 1; Solute carrier organic anion transporter family member 1A2; ATP-binding cassette sub-family C member 2; Broad substrate specificity ATP-binding cassette transporter ABCG2; Solute carrier organic anion transporter family member 1B1; Solute carrier organic anion transporter family member 2B1; Bile salt export pump; Solute carrier organic anion transporter family member 1B3,"Ritonavir is indicated in combination with other antiretroviral agents for the treatment of HIV-1 infection.[L3513, L12357, L11163, L13443]

In the US, Europe, and Canada, ritonavir, in combination with [nirmatrelvir], is indicated for the treatment of mild-to-moderate coronavirus disease 2019 (COVID-19) in adults who are at high risk for progression to severe COVID-19, including hospitalization or death.[L46586, L39840] In Europe, this therapeutic indication is approved under conditional marketing authorization.[L40089]",approved; investigational,"Ritonavic inhibits the HIV viral proteinase enzyme that normally cleaves the structural and replicative proteins that arise from major HIV genes, such as *gag* and *pol*. *Gag* encodes proteins involved in the core and the nucleocapsid, while *pol* encodes the the HIV reverse transcriptase, ribonuclease H, integrase, and protease [A19647]. The *pol*-encoded proteins are initially translated in the form of a larger precursoe polypeptide, *gag-pol*, and needs to be cleaved by HIV protease to form other complement proteins [A19647]. Ritonavir prevents the cleavage of the *gag-pol* polyprotein, which results in noninfectious, immature viral particles. Ritonavir is a potent inhibitor of cytochrome P450 CYP3A4 isoenzyme present both in the intestinal tract and liver [A19647]. It is a type II ligand that perfectly fits into the CYP3A4 active site cavity and irreversibly binds to the heme iron via the thiazole nitrogen, which decreases the redox potential of the protein and precludes its reduction with the redox partner, cytochrome P450 reductase [A19648]. Ritonavir may also play a role in limiting cellular transport and efflux of other protease inhibitors via the P-glycoprotein and MRP efflux channels [A19647].",https://www.ncbi.nlm.nih.gov/books/NBK548301/,¡§Mixed mechanism: partly CYP3A4 metabolism-related (toxic intermediates or drug-drug interactions) and immune-related due to immune reconstitution or viral flare in HBV/HCV co-infection¡¨¬J¦³ enzyme-mediated component¡]CYP3A4 metabolism¡^¡A¤S¦³ immune-related component¡]viral flare¡^
sitaxsentan,vMost-DILI-Concern,CC1=CC2=C(C=C1CC(=O)C3=C(C=CS3)S(=O)(=O)NC4=C(C(=NO4)C)Cl)OCO2,1,Cholestatic + Metabolic,Sitaxentan,C02KX03,C02K,Endothelin-1 receptor; Endothelin receptor type B,Cytochrome P450 2C19; Cytochrome P450 2C9; Cytochrome P450 3A4,,"Investigated for use/treatment in pulmonary hypertension, connective tissue diseases, hypertension, and congestive heart failure.",approved; investigational; withdrawn,"Sitaxentan is a competitive antagonist of endothelin-1 at the endothelin-A (ET-A) and endothelin-B (ET-B) receptors. Under normal conditions, endothelin-1 binding of ET-A or ET-B receptors causes pulmonary vasoconstriction. By blocking this interaction, Sitaxentan decreases pulmonary vascular resistance. Sitaxentan has a higher affinity for ET-A than ET-B.",https://www.researchgate.net/publication/269173002_Multiple_Compound-Related_Adverse_Properties_Contribute_to_Liver_Injury_Caused_by_Endothelin_Receptor_Antagonists?utm_source=chatgpt.com,"""ERA-induced severe DILI with BSEP/MRP2 inhibition, high CVB burden and possible mitochondrial toxicity; fatal cases reported"" ¦]**¡u­P©R¨x°IºÜ¯f¨Ò¡v**©ó 2010 ¦~³QºM¥«"
sorafenib,vMost-DILI-Concern,CNC(=O)C1=NC=CC(=C1)OC2=CC=C(C=C2)NC(=O)NC3=CC(=C(C=C3)Cl)C(F)(F)F,1,Metabolic,Sorafenib,L01EX02,L01E,Serine/threonine-protein kinase B-raf; Epidermal growth factor receptor; RAF proto-oncogene serine/threonine-protein kinase; Vascular endothelial growth factor receptor 3; Vascular endothelial growth factor receptor 2; Vascular endothelial growth factor receptor 1; Receptor-type tyrosine-protein kinase FLT3; Platelet-derived growth factor receptor beta; Mast/stem cell growth factor receptor Kit; Fibroblast growth factor receptor 1; Proto-oncogene tyrosine-protein kinase receptor Ret,Cytochrome P450 3A4; Cytochrome P450 2C9; Cytochrome P450 2C8; Cytochrome P450 3A5; Cytochrome P450 3A7; Cytochrome P450 2B6; Cytochrome P450 1A2; Cytochrome P450 2C19; Cytochrome P450 2D6; UDP-glucuronosyltransferase 1A9; UDP-glucuronosyltransferase 1A1,ATP-dependent translocase ABCB1; Broad substrate specificity ATP-binding cassette transporter ABCG2; ATP-binding cassette sub-family C member 4; ATP-binding cassette sub-family C member 2; RalA-binding protein 1; Solute carrier organic anion transporter family member 1B1,"Sorafenib is indicated for the treatment of unresectable hepatocellular carcinoma and advanced renal cell carcinoma.[L9341,L44577]

In the US, it is also indicated for the treatment of patients with locally recurrent or metastatic, progressive, differentiated thyroid carcinoma that is refractory to radioactive iodine treatment.[L9341]",approved; investigational,"Kinases are involved in tumour cell signalling, proliferation, angiogenesis, and apoptosis.[A14794,L9341] Sorafenib inhibits multiple intracellular serine/threonine kinases in the Ras/mitogen-activated protein kinase (MAPK) signal transduction pathway. Intracellular Raf serine/threonine kinase isoforms inhibited by sorafenib include Raf-1 (or C-Raf), wild-type B-Raf, and mutant B-Raf. Sorafenib inhibits cell surface tyrosine kinase receptors such as KIT, FMS-like tyrosine kinase 3 (FLT-3), RET, RET/PTC, vascular endothelial growth factor receptor-1 (VEGFR-1), VEGFR-2, VEGFR-3, and platelet-derived growth factor receptor-Î² (PDGFR-Î²).[A255852,A255857,A14794,L9341] 

Sorafenib is thought to exhibit a dual mechanism of action: it blocks tumour proliferation and growth by inhibiting the RAF/MEK/extracellular signal-regulated kinase (ERK) pathway on tumour cells, and reduces tumour angiogenesis by inhibiting VEGFR and PDGFR signalling in tumour vasculature.[A255852,A10489]",https://www.ncbi.nlm.nih.gov/books/NBK548944/,"""Sorafenib is extensively metabolized in the liver via CYP3A4. Liver injury may result from toxic intermediates. Acute liver injury is rare but can be severe or fatal, with a hepatocellular pattern. Immunoallergic and autoimmune features are absent."""
stavudine,vMost-DILI-Concern,CC1=CN(C(=O)NC1=O)[C@H]2C=C[C@H](O2)CO,1,Metabolic,Stavudine,J05AR28,J05A,Gag-Pol polyprotein; Reverse transcriptase/RNaseH,,Solute carrier family 22 member 6; Sodium/nucleoside cotransporter 1,For the treatment of human immunovirus (HIV) infections.,approved; investigational,Stavudine inhibits the activity of HIV-1 reverse transcriptase (RT) both by competing with the natural substrate dGTP and by its incorporation into viral DNA.,https://www.ncbi.nlm.nih.gov/books/NBK548694/,"""Stavudine is associated with mitochondrial dysfunction via inhibition of DNA polymerase gamma, leading to lactic acidosis, microvesicular steatosis, and hepatic failure. Chronic use may also lead to nodular regenerative hyperplasia and noncirrhotic portal hypertension."""
sulcotidil,vMost-DILI-Concern,CCCCCCCCNC(C)C(C1=CC=C(C=C1)SC(C)C)O,1,Metabolic,Suloctidil,C04AX19,C04A,,,,,experimental,,withdrawn,Massive liver cell necrosis; fulminant liver failure; emergency liver transplantation
sulfacarbamide,vMost-DILI-Concern,C1=CC(=CC=C1N)S(=O)(=O)NC(=O)N,1,Immune,,,,,,,,,,,"Inferred from sulfonamide class; delayed onset, hypersensitivity features likely CYP450 reactive metabolite	? ±`¨£©óÁDÓiÃþ
µoª¢/¹L±Ó/©µ¿ð©Ê¤ÏÀ³	? ÃþÁDÓiÃÄ¦@³q²{¶H"
sulfasalazine,vMost-DILI-Concern,C1=CC=NC(=C1)NS(=O)(=O)C2=CC=C(C=C2)N/N=C/3\C=CC(=O)C(=C3)C(=O)O,1,Metabolic/Immune,Sulfasalazine,G01AE10,G01A,"Broad substrate specificity ATP-binding cassette transporter ABCG2; Transcription factor RelB; Transcription factor p65; Proto-oncogene c-Rel; Polyunsaturated fatty acid 5-lipoxygenase; Prostaglandin G/H synthase 2; Prostaglandin G/H synthase 1; Acetyl-CoA acetyltransferase, mitochondrial; Phospholipase A2; Inhibitor of nuclear factor kappa-B kinase subunit beta; Cystine/glutamate transporter; Nuclear factor NF-kappa-B p105 subunit; Nuclear factor NF-kappa-B p100 subunit; Inhibitor of nuclear factor kappa-B kinase subunit alpha; Peroxisome proliferator-activated receptor gamma",,Broad substrate specificity ATP-binding cassette transporter ABCG2; ATP-binding cassette sub-family C member 2; Proton-coupled folate transporter; Solute carrier organic anion transporter family member 1B1; Solute carrier organic anion transporter family member 1B3; Solute carrier organic anion transporter family member 2B1; Hepatic sodium/bile acid cotransporter,"In the US, sulfasalazine is indicated to treat mild to moderate ulcerative colitis and to prolong the remission period between acute attacks of ulcerative colitis.[L39065] Sulfasalazine is also indicated as an adjunct therapy in severe ulcerative colitis.[L39065]For the delayed-release tablet formulation, sulfasalazine is also indicated to treat rheumatoid arthritis in pediatric patients who have responded inadequately to salicylates or other nonsteroidal anti-inflammatory drugs or polyarticular-course juvenile rheumatoid arthritis with the same patients' characteristics.[L39065]",approved,"Although the exact mechanism of action of sulfasalazine is not fully understood, it is thought to be mediated through the inhibition of various inflammatory molecules.[L44478] Research have found that sulfasalazine and its metabolites, mesalazine and sulfapyridine, can inhibit leukotrienes and prostaglandins by blocking the cyclo-oxygenase and lipoxygenase pathway.[A255143] Specific enzymes that were investigated include phospholipase A2, cyclooxygenase-1 (COX-1), cyclooxygenase-2 (COX2), and arachidonate 5-lipoxygenase.[A16801,A10316,A4391,A10319] Inhibitory activities on other non-arachidonic acid derivatives have also been observed, including PPAR gamma, NF-Kb, and IkappaB kinases alpha and beta.[A16799,A16797,A255577,A255138]",https://www.ncbi.nlm.nih.gov/books/NBK548792/,"""Likely hypersensitivity reaction involving sulfonamide metabolism to reactive intermediates; features of DRESS syndrome or immune-mediated injury""Likelihood score: A well known cause of idiosyncratic liver injury"
sulfathiazole,vMost-DILI-Concern,C1=CC(=CC=C1N)S(=O)(=O)NC2=NC=CS2,1,Immune,Sulfathiazole,G01AE10,G01A,Dihydropteroate synthetase,Aromatase,,"Sulfathiazole is effective against a wide range of gram positive and gram negative pathogenic microorganisms. Although no longer used in humans, it is used in cattle.",approved; vet_approved; withdrawn,,,"Delayed onset; hypersensitivity (rash, fever, eosinophilia); SJS risk Sulfathiazole ÄÝ©ó¾ú¥v©ÊÃÄª«¡A²{¤w·¥¤Ö¨Ï¥Î¡A¦ý¦b¬r©Ê¬ã¨s»PÃþ¤ñ¹w´ú¤¤¬O­«­nªºÁDÓiÃþ DILI ¥NªíÃÄª«¡C"
sulindac,vMost-DILI-Concern,CC1=C(C2=C(C1=CC3=CC=C(C=C3)S(=O)C)C=CC(=C2)F)CC(=O)O,1,Immune / Metabolic / Idiosyncratic,Sulindac,M01AB02,M01A,Prostaglandin G/H synthase 2; Aldo-keto reductase family 1 member B1; Prostaglandin G/H synthase 1; Mitogen-activated protein kinase 3; Peroxisome proliferator-activated receptor delta; Prostaglandin D2 receptor 2; Aldo-keto reductase family 1 member B10,Cytochrome P450 1A1,Solute carrier family 22 member 6,"For acute or long-term use in the relief of signs and symptoms of osteoarthritis, rheumatoid arthritis, ankylosing spondylitis, acute painful shoulder (acute subacromial bursitis/supraspinatus tendinitis), and acute gouty arthritis.",approved; investigational,"Sulindac's exact mechanism of action is unknown. Its antiinflammatory effects are believed to be due to inhibition of both COX-1 and COX-2 which leads to the inhibition of prostaglandin synthesis. Antipyretic effects may be due to action on the hypothalamus, resulting in an increased peripheral blood flow, vasodilation, and subsequent heat dissipation.",https://www.ncbi.nlm.nih.gov/books/NBK548315/,"""Well-established idiosyncratic hepatotoxicity; often immune-mediated with features such as fever, rash, eosinophilia, facial swelling, and desquamating rash; some cases present without hypersensitivity, indicating possible metabolic mechanism; rare progression to vanishing bile duct syndrome.""¤Ö¼Æ¯f¨ÒµL©úÅã¹L±Ó¤ÏÀ³¡A©µ¿ðµo§@¡A§e Áx¥ÄÆ{¿n«¬¨xª¢¡A±À´ú¥i¯à¬° ¥NÁÂ«¬ idiosyncratic ¾÷Âà¡FÄÝ©ó¦h¾÷Âà²V¦X«¬¨x¬r©ÊÃÄª«"
sunitinib,vMost-DILI-Concern,CCN(CC)CCNC(=O)C1=C(NC(=C1C)/C=C\2/C3=C(C=CC(=C3)F)NC2=O)C,1,Metabolic,Sunitinib,L01EX01,L01E,Platelet-derived growth factor receptor beta; Vascular endothelial growth factor receptor 1; Mast/stem cell growth factor receptor Kit; Vascular endothelial growth factor receptor 2; Vascular endothelial growth factor receptor 3; Receptor-type tyrosine-protein kinase FLT3; Macrophage colony-stimulating factor 1 receptor; Platelet-derived growth factor receptor alpha; Hepatocyte growth factor receptor,Cytochrome P450 3A4; Cytochrome P450 3A5; Cytochrome P450 3A7,ATP-binding cassette sub-family C member 4; ATP-dependent translocase ABCB1; ATP-binding cassette sub-family C member 2; Broad substrate specificity ATP-binding cassette transporter ABCG2,"Sunitinib is indicated for the following conditions:[L4135]

- Treatment of adult patients with gastrointestinal stromal tumor (GIST) following disease progression on (or intolerance to) [imatinib] mesylate
- Treatment of adult patients with advanced renal cell carcinoma (RCC)
- Adjuvant treatment of adult patients at high risk of recurrent RCC following nephrectomy
- Treatment of progressive, well-differentiated pancreatic neuroendocrine tumors (pNET) in adult patients with unresectable locally advanced or metastatic disease",approved; investigational,"Sunitinib is a small molecule that inhibits multiple RTKs, some of which are implicated in tumor growth, pathologic angiogenesis, and metastatic progression of cancer. Sunitinib was evaluated for its inhibitory activity against a variety of kinases (>80 kinases) and was identified as an inhibitor of platelet-derived growth factor receptors (PDGFRa and PDGFRb), vascular endothelial growth factor receptors (VEGFR1, VEGFR2 and VEGFR3), stem cell factor receptor (KIT), Fms-like tyrosine kinase-3 (FLT3), colony stimulating factor receptor Type 1 (CSF-1R), and the glial cell-line derived neurotrophic factor receptor (RET). Sunitinib inhibition of the activity of these RTKs has been demonstrated in biochemical and cellular assays, and inhibition of function has been demonstrated in cell proliferation assays. The primary metabolite exhibits similar potency compared to sunitinib in biochemical and cellular assays.",https://www.ncbi.nlm.nih.gov/books/NBK548118/,"""Sunitinib-induced liver injury may be due to idiosyncratic mitochondrial dysfunction, toxic metabolites via CYP3A4, or ischemic injury. It can cause severe hepatocellular damage and hyperammonemic encephalopathy possibly through urea cycle enzyme inhibition."""
tamoxifen,vMost-DILI-Concern,CC/C(=C(\C1=CC=CC=C1)/C2=CC=C(C=C2)OCCN(C)C)/C3=CC=CC=C3,1,Metabolic + Cholestatic,Tamoxifen,L02BA01,L02B,"Estrogen receptor; Estrogen receptor beta; Protein kinase C; Sex hormone-binding globulin; 3-beta-hydroxysteroid-Delta(8),Delta(7)-isomerase; Androgen receptor; Voltage-gated inwardly rectifying potassium channel KCNH2; Nuclear receptor subfamily 1 group I member 2; Estrogen-related receptor gamma; Mitogen-activated protein kinase 8",Cytochrome P450 2D6; Cytochrome P450 3A4; Cytochrome P450 3A5; Cytochrome P450 3A7; Cytochrome P450 2C9; Cytochrome P450 2C19; Cytochrome P450 2B6; Cytochrome P450 1A1; Cytochrome P450 1B1; Flavin-containing monooxygenase 1; Flavin-containing monooxygenase 3; Cytochrome P450 2C8; Liver carboxylesterase 1; Aromatase; Cytochrome P450 2A6; Cytochrome P450 2E1; UDP-glucuronosyltransferase 1A10; Sulfotransferase 1A1; Sulfotransferase 2A1; Cytochrome P450 1A2; UDP-glucuronosyltransferase 2B7; UDP-glucuronosyltransferase 2B17; Sulfotransferase 1E1,ATP-dependent translocase ABCB1; Broad substrate specificity ATP-binding cassette transporter ABCG2; ATP-binding cassette sub-family C member 2; Bile salt export pump; Phospholipid-transporting ATPase ABCA1,"Tamoxifen is indicated to treat estrogen receptor positive metastatic breast cancer in adults, as an adjuvant in the treatment of early stage estrogen receptor positive breast cancer in adults, to reduce the risk of invasive breast cancer after surgery and radiation in adult women with ductal carcinoma in situ.[L7802]",approved,"Tamoxifen competitively inhibits estrogen binding to its receptor, which is critical for it's activity in breast cancer cells.[A1025] Tamoxifen leads to a decrease in tumor growth factor Î± and insulin-like growth factor 1, and an increase in sex hormone binding globulin.[A1025] The increase in sex hormon binding globulin limits the amount of freely available estradiol.[A1025] These changes reduce levels of factors that stimulate tumor growth.[A1025]

Tamoxifen has also been shown to induce apoptosis in estrogen receptor positive cells.[A182195] This action is thought to be the result of inhibition of protein kinase C, which prevents DNA synthesis.[A182195] Alternate theories for the apoptotic effect of tamoxifen comes from the approximately 3 fold increase in intracellular and mitochondrial calcium ion levels after administration or the induction of tumor growth factor Î².[A182195]",https://www.ncbi.nlm.nih.gov/books/NBK548902/,"""Tamoxifen causes DILI via metabolic effects, primarily inducing fatty liver, steatohepatitis and rarely cirrhosis; also associated with idiosyncratic acute hepatotoxicity with mixed/cholestatic pattern and porphyria cutanea tarda.""Tamoxifen ªø´Á¨Ï¥Î»P¯×ªÕ¨x¡Bsteatohepatitis¡B¬Æ¦Ü¨xµw¤Æ°ª«×¬ÛÃö¡A³o»P¨ä¼vÅT¯×½è¥NÁÂ»P¨xÅ¦»Û¿E¯À¨üÅé½Õ±±¦³Ãö¡C"
tasosartan,vMost-DILI-Concern,CC1=C2CCC(=O)N(C2=NC(=N1)C)CC3=CC=C(C=C3)C4=CC=CC=C4C5=NNN=N5,1,Metabolic,Tasosartan,C09CA05,C09C,Type-1 angiotensin II receptor; Type-2 angiotensin II receptor,Cytochrome P450 3A4,,Tasosartan is infrequently in the treatment of hypertension and heart failure.,experimental,"Tasosartan is a selective, potent, orally active and long-acting nonpeptide Angiotensin II type 1 (AT1) receptor antagonist. Tasosartan blocks the renin-angiotensin-aldosterone system (RAAS) at the level of the AT1 receptor that mediates most, if not all, of the important actions of Ang II.  Tasosartan binds reversibly to the AT1 receptors in vascular smooth muscle and the adrenal gland. As angiotensin II is a vasoconstrictor, which also stimulates the synthesis and release of aldosterone, blockage of its effects results in decreases in systemic vascular resistance. AT1 receptor antagonists avoid the nonspecificity of the Ang I converting enzyme (ACE) inhibitors.",terminated,Á{§É¸ÕÅç¡]Phase III¡^¤¤µo²{³¡¤À±wªÌ¥X²{ÅãµÛ¨x»Ã¯À¤É°ª»P¶À¯n¡CClinical trial liver injury; ALT elevation; development terminated due to hepatic risk¥D­nÃhºÃ»P¨ä ¥NÁÂ²£ª«¬ÛÃö¡A¦ý¥¼¦³©ú½T reactive metabolite Å²©w
telithromycin,vMost-DILI-Concern,CC[C@@H]1[C@@]2([C@@H]([C@H](C(=O)[C@@H](C[C@]([C@@H]([C@H](C(=O)[C@H](C(=O)O1)C)C)O[C@H]3[C@@H]([C@H](C[C@H](O3)C)N(C)C)O)(C)OC)C)C)N(C(=O)O2)CCCCN4C=C(N=C4)C5=CN=CC=C5)C,1,Immune,Telithromycin,J01FA15,J01F,23S ribosomal RNA,Cytochrome P450 3A4,Solute carrier organic anion transporter family member 1B1; Solute carrier organic anion transporter family member 1B3,"For the treatment of <i>Pneumococcal</i> infection, acute sinusitis, acute bacterial tonsillitis, acute bronchitis and bronchiolitis, lower respiratory tract infection and lobar (pneumococcal) pneumonia.",approved,"Telithromycin acts by binding to domains II and V of 23S rRNA of the 50S ribosomal subunit. By binding at domain II, telithromycin retains activity against gram-positive cocci (e.g. Streptococcus pneumoniae) in the presence of resistance mediated by methylases (erm genes) that alter the binding site at domain V. Telithromycin may also inhibit the assembly of nascent ribosomal units. Compared to erythromycin A, telithromycin binds to the 23S rRNA with 10 times greater affinity in erythromycin-susceptible organisms and 25 times greater affinity in macrolide-resistant strains. This increased binding affinity may be conferred by the C11-12 carbamate side chain of telithromycin. The  side chain appears to maintain binding at domain II in the presence of resistance mediated by alterations in domain V.",https://www.ncbi.nlm.nih.gov/books/NBK548597/,"""Well-known hepatocellular injury with short latency (1¡V7 days); abrupt onset with jaundice, fatigue, possible hepatic failure; limited hypersensitivity features suggest immune-like but atypical mechanism; recurrence on rechallenge reported."""
temsirolimus,vNo-DILI-Concern,C[C@@H]1CC[C@H]2C[C@@H](/C(=C/C=C/C=C/[C@H](C[C@H](C(=O)[C@@H]([C@@H](/C(=C/[C@H](C(=O)C[C@H](OC(=O)[C@@H]3CCCCN3C(=O)C(=O)[C@@]1(O2)O)[C@H](C)C[C@@H]4CC[C@H]([C@@H](C4)OC)OC(=O)C(C)(CO)CO)C)/C)O)OC)C)C)/C)OC,1,Immune,Temsirolimus,L01EG01,L01E,Serine/threonine-protein kinase mTOR,Cytochrome P450 2D6; Cytochrome P450 3A4; Cytochrome P450 3A5; Cytochrome P450 3A7,ATP-dependent translocase ABCB1,"For the treatment of renal cell carcinoma (RCC). Also investigated for use/treatment in breast cancer, lymphoma (unspecified), rheumatoid arthritis, and multiple myeloma.",approved,"Temsirolimus is an inhibitor of mTOR (mammalian target of rapamycin). Temsirolimus binds to an intracellular protein (FKBP-12), and the protein-drug complex inhibits the activity of mTOR that controls cell division. Inhibition of mTOR activity resulted in a G1 growth arrest in treated tumor cells. When mTOR was inhibited, its ability to phosphorylate p70S6k and S6 ribosomal protein, which are downstream of mTOR in the PI3 kinase/AKT pathway was blocked. In in vitro studies using renal cell carcinoma cell lines, temsirolimus inhibited the activity of mTOR and resulted in reduced levels of the hypoxia-inducible factors HIF-1 and HIF-2 alpha, and the vascular endothelial growth factor.",https://www.ncbi.nlm.nih.gov/books/NBK548811/,"""Temsirolimus is associated with frequent mild liver enzyme elevations, but no confirmed cases of clinically apparent liver injury. Possible concern exists for hepatitis B reactivation due to its immunosuppressive effect, though this has not been reported despite long-term use."""
terbinafine,vMost-DILI-Concern,CC(C)(C)C#CC=CCN(C)CC1=CC=CC2=CC=CC=C21,1,Immune + Cholestatic,Terbinafine,D01AE15,D01A,Squalene monooxygenase; Squalene monooxygenase,Prostaglandin G/H synthase 1; Cytochrome P450 2D6; Cytochrome P450 2C9; Cytochrome P450 1A2; Cytochrome P450 3A4; Cytochrome P450 2C8; Cytochrome P450 2C19,ABC multidrug transporter MDR2,"Terbinafine hydrochloride is indicated to treat fungal skin and nail infections caused by _Trichophyton_ species, _Microsporum canis_, _Epidermophyton floccosum_,[L9068] and _Tinea_ species.[L9065] Terbinafine hydrochloride also treats yeast infections of the skin caused by _Candida_ species and _Malassezia furfur_.[L9068]",approved; investigational; vet_approved,"Terbinafine inhibits the enzyme squalene monooxygenase (also called squalene epoxidase), preventing the conversion of squalene to 2,3-oxydosqualene, a step in the synthesis of ergosterol.[A1279,A1281,L9068] This inhibition leads to decreased ergosterol, which would normally be incorporated into the cell wall, and accumulation of squalene.[A1281,L9068]

Generation of a large number of squalene containing vesicles in the cytoplasm may leach other lipids away from, and further weaken, the cell wall.[A1281]",https://www.ncbi.nlm.nih.gov/books/NBK548617/,"""Terbinafine induces immune-mediated liver injury, associated with HLA-A*33:01 allele, commonly presenting as cholestatic or mixed pattern and may progress to vanishing bile duct syndrome.""GWAS ¬ã¨sÅã¥Ü HLA-A*33:01 (¼Ú¬w¸Ç) ©M HLA-A*33:03 (¨È¬w¤H) ¦hºA©Ê»P terbinafine ¤Þµo¨x·l¶ËÅãµÛ¬ÛÃö ¡÷ ÄÝ©ó ¯S©w HLA ÃöÁpªº§K¬Ì©Ê idiosyncratic DILI"
testosterone,vMost-DILI-Concern,C[C@]12CC[C@H]3[C@H]([C@@H]1CC[C@@H]2O)CCC4=CC(=O)CC[C@]34C,1,Immune,Testosterone,G03BA03,G03B,Androgen receptor; Estrogen receptor; Mineralocorticoid receptor,"Cytochrome P450 3A4; Cytochrome P450 3A5; Cytochrome P450 3A7; Cytochrome P450 3A43; Aromatase; Amine oxidase [flavin-containing] A; Cholesterol side-chain cleavage enzyme, mitochondrial; Cytochrome P450 1A1; Cytochrome P450 1B1; Cytochrome P450 2A13; Cytochrome P450 2B6; Cytochrome P450 2C19; Cytochrome P450 2C9; Cytochrome P450 2C8",Organic anion transporter 3; Solute carrier family 22 member 7; Hepatic sodium/bile acid cotransporter; Broad substrate specificity ATP-binding cassette transporter ABCG2; Solute carrier organic anion transporter family member 1B3,"Testosterone is indicated to treat primary hypogonadism and hypogonadotropic hypogonadism.[L8983,L8935,L8938,L8986,L8989,L8992,L8995]",approved; investigational,"The androgen receptor exists in the cytoplasm bound to the heat shock proteins HSP90, HSP70, and other chaperones.[A187114] After binding to an androgen, the androgen receptor dissociates from HSP90 and undergoes a conformational change to slow the rate of dissociation from the androgen receptor.[A187114] The androgen-receptor complex is transported into the nucleus where it binds to DNA and recruits other transcriptional regulators to form a pre-initiation complex and eventually induce expression of specific genes.[A187114]

Testosterone and its active metabolite dihydrotestosterone (DHT) antagonize the androgen receptor to develop masculine sex organs including the prostate, seminal vesicles, penis, and scrotum.[A187111,L8983,L8935,L8938,L8986,L8989,L8992,L8995]

Antagonism of the androgen receptor is also responsible for the development of secondary sexual characteristics including facial and body hair, enlargement of the larynx, thickening of the vocal cords, and changes in muscle and fat distribution.[A187111,L8983,L8935,L8938,L8986,L8989,L8992,L8995]",,Delayed-onset idiosyncratic hepatitis; positive rechallenge; autoantibodies (ANA) noted
tetrabamate,vMost-DILI-Concern,CCCCOCC(CN1C(=O)C(C(=O)NC1=O)(CC)C2=CC=CC=C2)OC(=O)N.CCCCOCC(CN1C(=O)C(C(=O)N(C1=O)CC(COCCCC)OC(=O)N)(CC)C2=CC=CC=C2)OC(=O)N.CCC1(C(=O)NC(=O)NC1=O)C2=CC=CC=C2,1,Metabolic,,,,,,,,,,withdrawn,Massive liver cell necrosis; fulminant liver failure; emergency liver transplantation
thiabendazole,vMost-DILI-Concern,C1=CC=C2C(=C1)NC(=N2)C3=CSC=N3,1,Immune,Thiabendazole,D01AC06,D01A,Fumarate reductase flavoprotein subunit,Cytochrome P450 1A2; Cytochrome P450 1A1,,"For the treatment of strongyloidiasis (threadworm), cutaneous larva migrans (creeping eruption), visceral larva migrans, and trichinosis.",approved; vet_approved,"The precise mode of action of thiabendazole on the parasite is unknown, but it most likely inhibits the helminth-specific enzyme fumarate reductase.",https://www.ncbi.nlm.nih.gov/books/NBK548194/,"""Thiabendazole can cause rare but severe cholestatic liver injury with features of immune-mediated bile duct injury, sometimes progressing to vanishing bile duct syndrome and end-stage liver disease. Symptoms may be preceded by sicca-like features such as dry eyes and parotid gland swelling."""
ticlopidine,vMost-DILI-Concern,C1CN(CC2=C1SC=C2)CC3=CC=CC=C3Cl,1,Cholestatic,Ticlopidine,B01AC05,B01A,Platelet-activating factor receptor; P2Y purinoceptor 12,Cytochrome P450 2C19; Cytochrome P450 2D6; Myeloperoxidase; Cytochrome P450 2C9; Cytochrome P450 2C8; Cytochrome P450 1A2; Cytochrome P450 2B6; Cytochrome P450 2E1,,"Used in patients, who have had a stroke or stroke precursors and who cannot take aspirin or aspirin has not worked, to try to prevent another thrombotic stroke.",approved,"The active metabolite of ticlopidine prevents binding of adenosine diphosphate (ADP) to its platelet receptor, impairing the ADP-mediated activation of the glycoprotein GPIIb/IIIa complex. It is proposed that the inhibition involves a defect in the mobilization from the storage sites of the platelet granules to the outer membrane. No direct interference occurs with the GPIIb/IIIa receptor. As the glycoprotein GPIIb/IIIa complex is the major receptor for fibrinogen, its impaired activation prevents fibrinogen binding to platelets and inhibits platelet aggregation. By blocking the amplification of platelet activation by released ADP, platelet aggregation induced by agonists other than ADP is also inhibited by the active metabolite of ticlopidine.",https://www.ncbi.nlm.nih.gov/books/NBK548038/,"""Clinically apparent cholestatic liver injury with latency 1¡V24 weeks (typically <6 weeks); usually mild but can rarely progress to vanishing bile duct syndrome; immune features are uncommon; HLA association (A33:03, B44:03) suggests genetic predisposition."""
ticrynafen,vMost-DILI-Concern,C1=CSC(=C1)C(=O)C2=C(C(=C(C=C2)OCC(=O)O)Cl)Cl,1,Immune,Tienilic acid,C03CC02,C03C,,Cytochrome P450 2C9,,For the treatment of hypertension.,withdrawn,,Withdrawn,"Delayed idiosyncratic hepatitis; fever, rash, eosinophilia; autoimmune features; drug withdrawn"
tilbroquinol,vMost-DILI-Concern,CC1=CC(=C(C2=C1C=CC=N2)O)Br,1,Metabolic,Tilbroquinol,P01AA30,P01A,,,,,approved,,withdrawn,Massive liver cell necrosis; fulminant liver failure; emergency liver transplantation
tipranavir,vMost-DILI-Concern,CCC[C@]1(CC(=O)C(=C(O1)O)[C@H](CC)C2=CC(=CC=C2)NS(=O)(=O)C3=NC=C(C=C3)C(F)(F)F)CCC4=CC=CC=C4,1,Metabolic + Immune,Tipranavir,J05AE09,J05A,Gag-Pol polyprotein; Pol polyprotein,Cytochrome P450 2C19; UDP-glucuronosyltransferase 1A1; Cytochrome P450 3A4; Cytochrome P450 2D6,Bile salt export pump; Solute carrier organic anion transporter family member 2B1; Solute carrier organic anion transporter family member 1B1; Solute carrier organic anion transporter family member 1B3; ATP-dependent translocase ABCB1,"For combination antiretroviral treatment of HIV-1 infected adult patients with evidence of viral replication, who are highly treatment-experienced or have HIV-1 strains resistant to multiple protease inhibitors.",approved; investigational,"Tipranavir (TPV) is a non-peptidic HIV-1 protease inhibitor that inhibits the processing of the viral Gag and Gag-Pol polyproteins in HIV-1 infected cells, thus preventing formation of mature virions. Two mechanisms are suggested in regards to the potency of tipranavir: 1. Tipravanir may bind to the active site of the protease enzyme with fewer hydrogen bonds than peptidic protease inhibitors, which results in increased flexibility, allowing it to fit into the active site of the enzyme in viruses that have become resistance to other protease inhibitors. This also enables tipranavir to adjust to amino acid substitutions at the active site. 2. Tipranavir's strong hydrogen bonding interaction with the amide backbone of the protease active site Asp30 may lead to its activity against resistant viruses.",https://www.ncbi.nlm.nih.gov/books/NBK548389/,"""Tipranavir is suspected to cause hepatotoxicity via metabolic activation through CYP3A4 and immune reconstitution-related flares in HBV/HCV coinfected patients."" Tipranavir undergoes extensive hepatic metabolism via CYP3A4¡C HBV/HCV ¦X¨Ö·P¬V±wªÌ¤¤¡A¦³³ø§i«ü¥X¶}©lªvÀø«áµo¥Í¨xª¢´c¤Æ¡A¥i¯à»P §K¬Ì­««Ø (immune reconstitution) ¦³Ãö ¡÷ ÄÝ©ó¶¡±µ§K¬Ì¾÷Âà¡A¤£¬O¨å«¬ªº§K¬Ì¹L±Ó«¬ DILI¡C"
tizanidine,vMost-DILI-Concern,C1CN=C(N1)NC2=C(C=CC3=NSN=C32)Cl,1,Metabolic,Tizanidine,M03BX02,M03B,Alpha-1 adrenergic receptors; Alpha-2 adrenergic receptors; Nischarin,Cytochrome P450 1A2,,"Tizanidine is indicated for the relief of muscle spasticity, which can interfere with daily activities.  The general recommendation is to reserve tizanidine use for periods of time when there is a particular need for relief, as it has a short duration of action [FDA label, F4471].",approved; investigational,"Tizanidine reduces spasticity by causing presynaptic inhibition of motor neurons via agonist actions at Alpha-2 adrenergic receptor sites.
This drug is centrally acting and leads to a reduction in the release of excitatory amino acids like glutamate and aspartate, which cause neuronal firing that leads to muscle spasm. The above reduction and excitatory neurotransmitter release results in presynaptic inhibition of motor neurons. The strongest effect of tizanidine has been shown to occur on spinal polysynaptic pathways.   The anti-nociceptive and anticonvulsant activities of tizanidine may also be attributed to agonist action on Alpha-2 receptors.  Tizanidine also binds with weaker affinity to the Alpha-1 receptors, explaining its slight and temporary effect on the cardiovascular system [T574].",https://www.ncbi.nlm.nih.gov/books/NBK548048/,"""Probable idiosyncratic hepatotoxicity; latency 2¡V14 weeks; mixed hepatocellular and cholestatic injury patterns reported; no autoimmune or allergic features; rare but may progress to acute liver failure and death."""
tolcapone,vMost-DILI-Concern,CC1=CC=C(C=C1)C(=O)C2=CC(=C(C(=C2)O)O)[N+](=O)[O-],1,Metabolic,Tolcapone,N04BX01,N04B,Catechol O-methyltransferase,Cytochrome P450 2C9,,Used as an adjunct to levodopa/carbidopa therapy for the symptomatic treatment of Parkinson's Disease. This drug is generally reserved for patients with parkinsonian syndrome receiving levodopa/carbidopa who are experiencing symptom fluctuations and are not responding adequately to or are not candidates for other adjunctive therapies.,approved; withdrawn,"The precise mechanism of action of tolcapone is unknown, but it is believed to be related to its ability to inhibit COMT and alter the plasma pharmacokinetics of levodopa, resulting in an increase in plasma levodopa concentrations. The inhibition of COMT also causes a reduction in circulating 3-OMD as a result of decreased peripheral metabolism of levodopa. This may lead to an increase distribution of levodopa into the CNS through the reduction of its competitive substrate, 3-OMD, for transport mechanisms. Sustained levodopa concentrations presumably result in more consistent dopaminergic stimulation, resulting in greater reduction in the manifestations of parkinsonian syndrome.",https://www.ncbi.nlm.nih.gov/books/NBK548573/,"""Tolcapone is extensively metabolized in the liver, and its hepatotoxicity is likely due to the formation of a toxic intermediate metabolite that overwhelms hepatic detoxification systems. Genetic polymorphisms in UDP-glucuronosyltransferase enzymes may increase susceptibility. Liver injury typically presents 1¡V5 months after treatment with a hepatocellular pattern and can progress to acute liver failure."""
tolrestat,vMost-DILI-Concern,CN(CC(=O)O)C(=S)C1=CC=CC2=C1C=CC(=C2C(F)(F)F)OC,1,Metabolic,Tolrestat,A10XA01,A10X,Sigma non-opioid intracellular receptor 1; Aldo-keto reductase family 1 member B1; Aldo-keto reductase family 1 member A1; Aldo-keto reductase family 1 member B10,,,For the pharmacological control of certain diabetic complications.,withdrawn,,withdrawn,Quinonoid reactive metabolite formation; severe DILI led to withdrawal
tolvaptan,vMost-DILI-Concern,CC1=CC=CC=C1C(=O)NC2=CC(=C(C=C2)C(=O)N3CCCC(C4=C3C=CC(=C4)Cl)O)C,1,Metabolic,Tolvaptan,C03XA01,C03X,Vasopressin V2 receptor; Vasopressin V1a receptor,Cytochrome P450 3A4,ATP-dependent translocase ABCB1,"Treatment of symptomatic and resistant to fluid restriction euvolemic or hypervolemic hyponatremia associated with congestive heart failure, SIADH, and cirrhosis.",approved,"Tolvaptan is a selective and competitive arginine vasopressin receptor 2 antagonist. Vasopressin acts on the V2 receptors found in the walls of the vasculature and luminal membranes of renal collecting ducts. By blocking V2 receptors in the renal collecting ducts, aquaporins do not insert themselves into the walls thus preventing water absorption. This action ultimately results in an increase in urine volume, decrease urine osmolality, and increase electrolyte-free water clearance to reduce intravascular volume and an increase serum sodium levels. Tolvaptan is especially useful for heart failure patients as they have higher serum levels of vasopressin.",https://www.ncbi.nlm.nih.gov/books/NBK548503/,"""Tolvaptan is metabolized via CYP3A4; liver injury may be due to a toxic intermediate formed during long-term use.""»P CYP3A4 §í¨î¾¯¡]¦p ketoconazole¡^¦@¥Î·|¼W¥[¦å¤¤¿@«×»P¨x¬r©Ê­·ÀI¡A¤ä«ù¨ä¬° metabolic driven¡C¨x¬r©Ê¬°©µ¿ð©Ê¡B¾¯¶q/¼ÉÅS¬ÛÃöªº idiosyncratic metabolic injury »PªvÀø¾AÀ³¯g»PÀøµ{ªø«×°ª«×¬ÛÃö¡]ADPKD¡^¡A¦Ó«Dµu´Á¨Ï¥ÎªÌ¡]¦p SIADH¡^¡C"
triacetyldiphenolisatin,vMost-DILI-Concern,CC(=O)N1C2=CC=CC=C2C(C1=O)(C3=CC=C(C=C3)OC(=O)C)C4=CC=C(C=C4)OC(=O)C,1,No Data,,,,,,,,,,withdrawn,Limited data; no evidence of liver injury
troglitazone,vMost-DILI-Concern,CC1=C(C(=C2CCC(OC2=C1C)(C)COC3=CC=C(C=C3)CC4C(=O)NC(=O)S4)C)O,1,Metabolic,Troglitazone,A10BG01,A10B,Peroxisome proliferator-activated receptor gamma; Estrogen-related receptor gamma; Steroid hormone receptor ERR1; Peroxisome proliferator-activated receptor delta; Peroxisome proliferator-activated receptor alpha; Glutathione S-transferase P; Long-chain-fatty-acid--CoA ligase 4; Plasminogen activator inhibitor 1; Equilibrative nucleoside transporter 1,Aromatase; Cytochrome P450 1A1; Cytochrome P450 2B6; Cytochrome P450 2C9; Cytochrome P450 3A5; Cytochrome P450 3A7; UDP-glucuronosyltransferase 1A3; UDP-glucuronosyltransferase 1A4; UDP-glucuronosyltransferase 1-6; UDP-glucuronosyltransferase 1A7; UDP-glucuronosyltransferase 1A8; UDP-glucuronosyltransferase 1A9; UDP-glucuronosyltransferase 1A10; UDP-glucuronosyltransferase 2B7; UDP-glucuronosyltransferase 2B15; Cytochrome P450 3A4; Cytochrome P450 2C19; UDP-glucuronosyltransferase 1A1; Cytochrome P450 2C8,Bile salt export pump; Solute carrier organic anion transporter family member 1B1,"For the treatment of Type II diabetes mellitus. It is used alone or in combination with a sulfonylurea, metformin, or insulin as an adjunct to diet and exercise.",approved; investigational; withdrawn,"Troglitazone is a thiazolidinedione antidiabetic agent that lowers blood glucose by improving target cell response to insulin. It has a unique mechanism of action that is dependent on the presence of insulin for activity. Troglitazone decreases hepatic glucose output and increases insulin dependent glucose disposal in skeletal muscle. Its mechanism of action is thought to involve binding to nuclear receptors (PPAR) that regulate the transcription of a number of insulin responsive genes critical for the control of glucose and lipid metabolism. Troglitazone is a ligand to both PPARÎ± and PPARÎ³, with a highter affinity for PPARÎ³. The drug also contains an Î±-tocopheroyl moiety, potentially giving it vitamin E-like activity. Troglitazone has been shown to reduce inflammation, and is associated with a decrase in nuclear factor kappa-B (NF-ÎºB) and a concomitant increase in its inhibitor (IÎºB). Unlike sulfonylureas, troglitazone is not an insulin secretagogue.",https://www.ncbi.nlm.nih.gov/books/NBK548142/,"""Troglitazone induces hepatocellular injury via a metabolic mechanism, possibly involving formation of a toxic quinone-like metabolite. It is a potent CYP3A4 inducer, and hepatotoxicity may result from reactive intermediate formation. Liver injury is typically delayed in onset (1¡V6 months), presenting with a hepatocellular pattern and can result in acute liver failure."""
trovafloxacin,vMost-DILI-Concern,C1[C@@H]2[C@@H](C2N)CN1C3=C(C=C4C(=O)C(=CN(C4=N3)C5=C(C=C(C=C5)F)F)C(=O)O)F,1,Immune,Trovafloxacin,J01MA13,J01M,DNA gyrase subunit A; DNA gyrase subunit B; DNA gyrase subunit A; DNA topoisomerase 4 subunit A; DNA topoisomerase 2-alpha,Cytochrome P450 1A2,,For treatment of infections caused by susceptible strains of the designated microorganisms in uncomplicated urethral gonorrhea in males and endocervical and rectal gonorrhea in females caused by <i>Neisseria gonorrhoeae</i> as well as non gonoccocal urethritis and cervicitis due to <i>Chlamydia trachomatis</i>.,approved; investigational; withdrawn,"Trovafloxacin is a fluoronaphthyridone related to the fluoroquinolones with in vitro activity against a wide range of gram-negative and gram-positive aerobic and anaerobic microorganisms. The bactericidal action of trovafloxacin results from inhibition of DNA gyrase and topoisomerase IV. DNA gyrase is an essential enzyme that is involved in the replication, transcription, and repair of bacterial DNA. Topoisomerase IV is an enzyme known to play a key role in the partitioning of the chromosomal DNA during bacterial cell division.",withdrawn,"Delayed-onset, T-cell mediated; reactive metabolite & mitochondrial involvement; drug withdrawn"
valproic acid,vMost-DILI-Concern,CCCC(CCC)C(=O)O,1,Metabolic,Valproic acid,N03AG01,N03A,"4-aminobutyrate aminotransferase, mitochondrial; Glycogen synthase kinase-3 alpha; Histone deacetylase 9; Short/branched chain specific acyl-CoA dehydrogenase, mitochondrial; 2-oxoglutarate dehydrogenase complex component E1; Succinate-semialdehyde dehydrogenase, mitochondrial; Sodium channel protein; Histone deacetylase 2; Peroxisome proliferator-activated receptor alpha; Peroxisome proliferator-activated receptor delta; Peroxisome proliferator-activated receptor gamma; Histone deacetylase; Cyclin-dependent kinase inhibitor 1; Hepatocyte growth factor; Ornithine decarboxylase; Programmed cell death 1 ligand 1",Cytochrome P450 2A6; Cytochrome P450 2B6; Cytochrome P450 2C9; Cytochrome P450 3A5; Prostaglandin G/H synthase 1; Cytochrome P450 1A2; Cytochrome P450 2C19; Cytochrome P450 3A4; UDP-glucuronosyltransferase 1A4; UDP-glucuronosyltransferase 1A8; UDP-glucuronosyltransferase 1A10; UDP-glucuronosyltransferase 1-6; UDP-glucuronosyltransferase 1A3; UDP-glucuronosyltransferase 2B7; UDP-glucuronosyltransferase 2B15; UDP-glucuronosyltransferase 1A9; UDP-glucuronosyltransferase 1A1,Solute carrier family 22 member 6; Organic anion transporter 3; Organic cation/carnitine transporter 2; Monocarboxylate transporter 1; Solute carrier family 22 member 7; Solute carrier organic anion transporter family member 2B1,"**Indicated** for:[Label] 

1) Use as monotherapy or adjunctive therapy in the management of complex partial seizures and simple or complex absence seizures. 

2) Adjunctive therapy in the management of multiple seizure types that include absence seizures. 

3) Prophylaxis of migraine headaches.

4) Acute management of mania associated with bipolar disorder.


**Off-label** uses include:
 
1) Maintenance therapy for bipolar disorder.[A177919]

2) Treatment for acute bipolar depression.[A177928,A177931,A177934]

3) Emergency treatment of status epilepticus.[A177955]",approved; investigational,"The exact mechanisms by which valproate exerts it's effects on epilepsy, migraine headaches, and bipolar disorder are unknown however several pathways exist which may contribute to the drug's action.

Valproate is known to inhibit succinic semialdehyde dehydrogenase.[A177991] This inhibition results in an increase in succinic semialdehyde which acts as an inhibitor of GABA transaminase ultimately reducing GABA metabolism and increasing GABAergic neurotransmission. As GABA is an inhibitory neurotransmitter, this increase results in increased inhibitory activity.[A457] A possible secondary contributor to cortical inhibition is a direct suppression of voltage gated sodium channel activity and indirect suppression through effects on GABA.

It has also been suggested that valproate impacts the extracellular signal-related kinase pathway (ERK).[A457] These effects appear to be dependent on mitogen-activated protein kinase (MEK) and result in the phosphorylation of ERK1/2. This activation increases expression of several downstream targets including ELK-1 with subsequent increases in c-fos, growth cone-associated protein-43 which contributes to neural plasticity, B-cell lymphoma/leukaemia-2 which is an anti-apoptotic protein, and brain-derived neurotrophic factor (BDNF) which is also involved in neural plasticity and growth. Increased neurogenesis and neurite growth due to valproate are attributed to the effects of this pathway. An additional downstream effect of increased BDNF expression appears to be an increase in GABA<sub>A</sub> receptors which contribute further to increased GABAergic activity.[A177997]

Valproate exerts a non-competitive indirect inhibitory effect on myo-inosital-1-phophate synthetase.[A178000] This results in reduced de novo synthesis of inositol monophosphatase and subsequent inositol depletion. It is unknown how this contributed to valproate's effects on bipolar disorder but [lithium] is known to exert a similar inositol-depleting effect.[A178003] Valproate exposure also appears to produce down-regulation of protein kinase C proteins (PKC)-Î± and -Îµ which are potentially related to bipolar disorder as PKC is unregulated in the frontal cortex of bipolar patients. This is further supported by a similar reduction in PKC with lithium.[A178015] The inhibition of the PKC pathway may also be a contributor to migraine prophylaxis.[A178018] Myristoylated alanine-rich C kinase substrate, a PKC substrate, is also downregulated by valproate and may contribute to changes in synaptic remodeling through effects on the cytoskeleton.[A178021]

Valproate also appears to impact fatty acid metabolism.[A457] Less incorporation of fatty acid substrates in sterols and glycerolipids is thought to impact membrane fluidity and result in increased action potential threshold potentially contributing to valproate's antiepileptic action.[A178024] Valproate has been found to be a non-competitive direct inhibitor of brain microsomal long-chain fatty acyl-CoA synthetase.[A14708] Inhibition of this enzyme decreases available arichidonyl-CoA, a substrate in the production of inflammatory prostaglandins. It is thought that this may be a mechanism behind valproate's efficacy in migraine prophylaxis as migraines are routinely treated with non-steroidal anti-inflammatory drugs which also inhibit prostaglandin production.

Finally, valproate acts as a direct histone deactylase (HDAC) inhibitor.[A178030] Hyperacetylation of lysine residues on histones promoted DNA relaxation and allows for increased gene transcription. The scope of valproate's genomic effects is wide with 461 genes being up or down-regulated.[A178027] The relation of these genomic effects to therapeutic value is not fully characterized however H3 and H4 hyperacetylation correlates with improvement of symptoms in bipolar patients.[A178033] Histone hyperacetylation at the BDNF gene, increasing BDNF expression, post-seizure is known to occur and is thought to be a neuroprotective mechanism which valproate may strengthen or prolong.[A178036] H3 hyperacetylation is associated with a reduction in glyceraldehyde-3-phosphate dehydrogenase, a pro-apoptotic enzyme, contributing further to valproate's neuroprotective effects.[A11814]",https://www.ncbi.nlm.nih.gov/books/NBK548284/#Valproate.OVERVIEW,"""Valproic acid causes hepatotoxicity primarily via mitochondrial toxicity, leading to impaired beta-oxidation and microvesicular steatosis. It may present as hyperammonemia, acute hepatocellular injury, or a Reye-like syndrome. Risk factors include young age, underlying neurological conditions, mitochondrial DNA polymerase gamma mutations, and carnitine deficiency. Liver histology often shows microvesicular steatosis and central lobular necrosis."""
voriconazole,vMost-DILI-Concern,C[C@@H](C1=NC=NC=C1F)[C@](CN2C=NC=N2)(C3=C(C=C(C=C3)F)F)O,1,Metabolic,Voriconazole,J02AC03,J02A,Lanosterol 14-alpha demethylase,Flavin-containing monooxygenase 1; Flavin-containing monooxygenase 3; Cytochrome P450 3A5; Cytochrome P450 3A7; Cytochrome P450 2C19; Cytochrome P450 3A4; Cytochrome P450 2C9; Cytochrome P450 2B6; Prostaglandin G/H synthase 1,,"For the treatment of esophageal candidiasis, cadidemia, invasive pulmonary aspergillosis, and serious fungal infections caused by <i>Scedosporium apiospermum</i> and <i>Fusarium</i> spp.[L9821, L15571]",approved,"Voriconazole is used to treat fungal infections caused by a variety of organisms but including _Aspergillus spp._ and _Candida spp_. Voriconazole is a triazole antifungal exhibiting fungistatic activity against fungal pathogens.[A236050, A236045, L9821] Like other triazoles, voriconazole binds to 14-alpha sterol demethylase, also known as CYP51, and inhibits the demethylation of lanosterol as part of the ergosterol synthesis pathway in yeast and other fungi. The lack of sufficient ergosterol disrupts fungal cell membrane function and limits fungal cell growth. With fungal growth limited, the host's immune system is able to clear the invading organism.",https://www.ncbi.nlm.nih.gov/books/NBK547891/,"""Voriconazole is metabolized via CYP2C19, CYP2C9, and CYP3A4; hepatotoxicity may result from reactive metabolites or drug¡Vdrug interactions affecting sterol synthesis or P450 enzyme competition."" ¥NÁÂ³~®|¯A¤Î¦h­Ó CYP isoforms¡]CYP2C19, CYP2C9, CYP3A4¡^¡A¼ç¦b²£¥Í¬r©Ê¤¤¶¡²£ª«©Î¥æ¤¬§@¥Î¾É­P¨x¬r©Ê¡CVoriconazole ¥i¥Î§@ multi-CYP ¥NÁÂÃÄª«ªº¥Nªí©Ê¬r©Ê¼Ë¥»¡C"
xenazoic acid,vMost-DILI-Concern,CCOC(C(=O)C1=CC=C(C=C1)C2=CC=CC=C2)NC3=CC=C(C=C3)C(=O)O,1,No Data,,,,,,,,,,,
ximelagatran,vMost-DILI-Concern,CCOC(=O)CN[C@H](C1CCCCC1)C(=O)N2CC[C@H]2C(=O)NCC3=CC=C(C=C3)/C(=N/O)/N,1,Immune,Ximelagatran,B01AE05,B01A,Prothrombin,Cytochrome P450 2C9,,For the treatment of acute deep vein thrombosis.,approved; investigational; withdrawn,Ximelagatran was the first member of the drug class of direct thrombin inhibitors that can be taken orally. Its effect is solely related to the inhibition of thrombin.,withdrawn,HLA-DRB1*07:01 associated; delayed onset; ALT ¡ô; withdrawn from market
zafirlukast,vMost-DILI-Concern,CC1=CC=CC=C1S(=O)(=O)NC(=O)C2=CC(=C(C=C2)CC3=CN(C4=C3C=C(C=C4)NC(=O)OC5CCCC5)C)OC,1,Immune,Zafirlukast,R03DC01,R03D,Cysteinyl leukotriene receptor 1,Cytochrome P450 2C9; Cytochrome P450 2C8; Prostaglandin G/H synthase 1; Cytochrome P450 3A4; Cytochrome P450 1A2; Cytochrome P450 2C19; Cytochrome P450 2D6,Broad substrate specificity ATP-binding cassette transporter ABCG2; Hepatic sodium/bile acid cotransporter,For the prophylaxis and chronic treatment of asthma.,approved; investigational,"Zafirlukast is a selective and competitive receptor antagonist of leukotriene D4 and E4 (LTD<sub>4</sub> and LTE4), components of slow-reacting substance of anaphylaxis (SRSA). Cysteinyl leukotriene production and receptor occupation have been correlated with the pathophysiology of asthma, including airway edema, smooth muscle constriction, and altered cellular activity associated with the inflammatory process, which contribute to the signs and symptoms of asthma.",https://www.ncbi.nlm.nih.gov/books/NBK547915/,"""Probable idiosyncratic hepatotoxicity; latency typically 2¡V6 months (range up to 13 months); hepatocellular injury resembling acute viral hepatitis; eosinophilia common but immunoallergic features uncommon; rare cases of fulminant hepatic failure and death reported."""
zidovudine,vMost-DILI-Concern,CC1=CN(C(=O)NC1=O)[C@H]2C[C@@H]([C@H](O2)CO)N=[N+]=[N-],1,Metabolic,Zidovudine,J05AR04,J05A,Receptor-type tyrosine-protein kinase FLT3; Reverse transcriptase/RNaseH; Gag-Pol polyprotein; Telomerase reverse transcriptase,"Cytochrome P450 2A6; Cytochrome P450 2C9; Cytochrome P450 3A4; Thymidine kinase, cytosolic; UDP-glucuronosyltransferase 2B7; UDP-glucuronosyltransferase 1A1",Solute carrier family 22 member 2; Solute carrier family 22 member 6; Solute carrier family 22 member 7; Organic anion transporter 3; Solute carrier family 22 member 11; Sodium/nucleoside cotransporter 1; Equilibrative nucleoside transporter 2; ATP-dependent translocase ABCB1; ATP-binding cassette sub-family C member 4; ATP-binding cassette sub-family C member 5; Broad substrate specificity ATP-binding cassette transporter ABCG2,Used in combination with other antiretroviral agents for the treatment of human immunovirus (HIV) infections.,approved,"Zidovudine, a structural analog of thymidine, is a prodrug that must be phosphorylated to its active 5??triphosphate metabolite, zidovudine triphosphate (ZDV-TP). It inhibits the activity of HIV-1 reverse transcriptase (RT) via DNA chain termination after incorporation of the nucleotide analogue. It competes with the natural substrate dGTP and incorporates itself into viral DNA. It is also a weak inhibitor of cellular DNA polymerase Î± and Î³.",https://www.ncbi.nlm.nih.gov/books/NBK548210/,"""Zidovudine causes liver injury primarily via mitochondrial dysfunction by inhibiting mitochondrial gamma polymerase, leading to lactic acidosis, hepatic steatosis, and rarely hepatic failure. It can also lead to chronic injury with nodular regenerative hyperplasia, resulting in noncirrhotic portal hypertension. Other idiosyncratic injuries include cholestatic hepatitis. Risk factors include co-treatment with other nucleoside analogues, female sex, older age, obesity, and underlying liver disease."""
zileuton,vMost-DILI-Concern,CC(C1=CC2=CC=CC=C2S1)N(C(=O)N)O,1,Metabolic,Zileuton,,,Polyunsaturated fatty acid 5-lipoxygenase,Prostaglandin G/H synthase 1; UDP-glucuronosyltransferase 1A9; Cytochrome P450 2C9; Cytochrome P450 1A2; Cytochrome P450 3A4,,For the prophylaxis and chronic treatment of asthma in adults and children 12 years of age and older.,approved; investigational; withdrawn,"Leukotrienes are substances that induce numerous biological effects including augmentation of neutrophil and eosinophil migration, neutrophil and monocyte aggregation, leukocyte adhesion, increased capillary permeability, and smooth muscle contraction. These effects contribute to inflammation, edema, mucus secretion, and bronchoconstriction in the airways of asthmatic patients. Zileuton relieves such symptoms through its selective inhibition of 5-lipoxygenase, the enzyme that catalyzes the formation of leukotrienes from arachidonic acid. Specifically, it inhibits leukotriene LTB4, LTC4, LTD4, and LTE4 formation. Both the R(+) and S(-) enantiomers are pharmacologically active as 5-lipoxygenase inhibitors in <i>in vitro</i> systems. Due to the role of leukotrienes in the pathogenesis of asthma, modulation of leukotriene formation by interruption of 5-lipoxygenase activity may reduce airway symptoms, decrease bronchial smooth muscle tone, and improve asthma control.",https://www.ncbi.nlm.nih.gov/books/NBK548397/,"""Zileuton can cause liver injury via reactive intermediates formed during hepatic metabolism. These metabolites may covalently bind to intracellular proteins, disrupt hepatocyte function, and lead to hepatocellular injury. Although clinically apparent hepatotoxicity is rare, ALT elevations are observed in up to 2% of patients. The injury typically arises within 4 to 8 weeks, is hepatocellular in pattern, and usually resolves upon drug discontinuation."""
zimelidine,vMost-DILI-Concern,CN(C)CC=C(C1=CC=C(C=C1)Br)C2=CN=CC=C2,1,Immune,Zimelidine,N06AB02,N06A,Sodium-dependent serotonin transporter; Amine oxidase [flavin-containing] B; Amine oxidase [flavin-containing] A,Cytochrome P450 3A4,ATP-dependent translocase ABCB1,For the treatment of depression.,approved; withdrawn,"The antidepressant actions of zimelidine are presumed to be linked to its inhibition of CNS neuronal uptake of serotonin. Zimelidine blocks the reuptake of serotonin at the serotonin reuptake pump of the neuronal membrane, enhancing the actions of serotonin on 5HT1A autoreceptors. SSRIs bind with significantly less affinity to histamine, acetylcholine, and norepinephrine receptors than tricyclic antidepressant drugs.",withdrawn,"Delayed onset; hypersensitivity features (rash, fever); autoantibodies reported in some cases"
